1.0000000000000000e+00,1.0000000000000000e+00,1.0000000000000000e+00,1.0000000000000000e+00,1.0000000000000000e+00,1.0000000000000000e+00,1.0000000000000000e+00,1.0000000000000000e+00,1.0000000000000000e+00,1.0000000000000000e+00,1.0000000000000000e+00,1.0000000000000000e+00,1.0000000000000000e+00,1.0000000000000000e+00,1.0000000000000000e+00,1.0000000000000000e+00,1.0000000000000000e+00,1.0000000000000000e+00,1.0000000000000000e+00,1.0000000000000000e+00,1.0000000000000000e+00,1.0000000000000000e+00,1.0000000000000000e+00,1.0000000000000000e+00,1.0000000000000000e+00,1.0000000000000000e+00,1.0000000000000000e+00,1.0000000000000000e+00,1.0000000000000000e+00,1.0000000000000000e+00,1.0000000000000000e+00,1.0000000000000000e+00,1.0000000000000000e+00,1.0000000000000000e+00,1.0000000000000000e+00,1.0000000000000000e+00,1.0000000000000000e+00,1.0000000000000000e+00,1.0000000000000000e+00,1.0000000000000000e+00,1.0000000000000000e+00,1.0000000000000000e+00,1.0000000000000000e+00,1.0000000000000000e+00,1.0000000000000000e+00,1.0000000000000000e+00,1.0000000000000000e+00,1.0000000000000000e+00,1.0000000000000000e+00,1.0000000000000000e+00,1.0000000000000000e+00,1.0000000000000000e+00,1.0000000000000000e+00,1.0000000000000000e+00,1.0000000000000000e+00,1.0000000000000000e+00,1.0000000000000000e+00,1.0000000000000000e+00,1.0000000000000000e+00,1.0000000000000000e+00,1.0000000000000000e+00,1.0000000000000000e+00,1.0000000000000000e+00,1.0000000000000000e+00,1.0000000000000000e+00,1.0000000000000000e+00,1.0000000000000000e+00,1.0000000000000000e+00,1.0000000000000000e+00,1.0000000000000000e+00,1.0000000000000000e+00,1.0000000000000000e+00,1.0000000000000000e+00,1.0000000000000000e+00,1.0000000000000000e+00,1.0000000000000000e+00,1.0000000000000000e+00,1.0000000000000000e+00,1.0000000000000000e+00,1.0000000000000000e+00,1.0000000000000000e+00,1.0000000000000000e+00,8.4983735621939405e-01,6.8790092009458237e-01,5.2582699847217618e-01,3.6544877860999675e-01,2.1737456564886490e-01,1.0423904563692440e-01,3.8249867227004089e-02,1.0236170461421798e-02,1.7595408740556271e-03,1.3030376589760917e-07,2.5471832044223025e-24,1.8467653726369125e-55,1.9671740676584127e-103,2.8669130154540958e-220,0.0000000000000000e+00,0.0000000000000000e+00,0.0000000000000000e+00,0.0000000000000000e+00,0.0000000000000000e+00,0.0000000000000000e+00,0.0000000000000000e+00,0.0000000000000000e+00,0.0000000000000000e+00,0.0000000000000000e+00,0.0000000000000000e+00,0.0000000000000000e+00,0.0000000000000000e+00,0.0000000000000000e+00,0.0000000000000000e+00,0.0000000000000000e+00,0.0000000000000000e+00,0.0000000000000000e+00,0.0000000000000000e+00,0.0000000000000000e+00,0.0000000000000000e+00,0.0000000000000000e+00,0.0000000000000000e+00,0.0000000000000000e+00
1.0000000000000000e+00,1.0000000000000000e+00,1.0000000000000000e+00,1.0000000000000000e+00,1.0000000000000000e+00,1.0000000000000000e+00,1.0000000000000000e+00,1.0000000000000000e+00,1.0000000000000000e+00,1.0000000000000000e+00,1.0000000000000000e+00,1.0000000000000000e+00,1.0000000000000000e+00,1.0000000000000000e+00,1.0000000000000000e+00,1.0000000000000000e+00,1.0000000000000000e+00,1.0000000000000000e+00,1.0000000000000000e+00,1.0000000000000000e+00,1.0000000000000000e+00,1.0000000000000000e+00,1.0000000000000000e+00,1.0000000000000000e+00,1.0000000000000000e+00,1.0000000000000000e+00,1.0000000000000000e+00,1.0000000000000000e+00,1.0000000000000000e+00,1.0000000000000000e+00,1.0000000000000000e+00,1.0000000000000000e+00,1.0000000000000000e+00,1.0000000000000000e+00,1.0000000000000000e+00,1.0000000000000000e+00,1.0000000000000000e+00,1.0000000000000000e+00,1.0000000000000000e+00,1.0000000000000000e+00,1.0000000000000000e+00,1.0000000000000000e+00,1.0000000000000000e+00,1.0000000000000000e+00,1.0000000000000000e+00,1.0000000000000000e+00,1.0000000000000000e+00,1.0000000000000000e+00,1.0000000000000000e+00,1.0000000000000000e+00,1.0000000000000000e+00,1.0000000000000000e+00,1.0000000000000000e+00,1.0000000000000000e+00,1.0000000000000000e+00,1.0000000000000000e+00,1.0000000000000000e+00,1.0000000000000000e+00,1.0000000000000000e+00,1.0000000000000000e+00,1.0000000000000000e+00,1.0000000000000000e+00,1.0000000000000000e+00,1.0000000000000000e+00,1.0000000000000000e+00,1.0000000000000000e+00,1.0000000000000000e+00,1.0000000000000000e+00,1.0000000000000000e+00,1.0000000000000000e+00,1.0000000000000000e+00,1.0000000000000000e+00,1.0000000000000000e+00,1.0000000000000000e+00,1.0000000000000000e+00,1.0000000000000000e+00,1.0000000000000000e+00,1.0000000000000000e+00,1.0000000000000000e+00,1.0000000000000000e+00,1.0000000000000000e+00,1.0000000000000000e+00,9.9863866920256961e-01,8.7413722697069429e-01,7.2393829404172094e-01,5.5476437138700363e-01,3.7972573942091586e-01,2.2109557428666876e-01,1.0223986287955764e-01,3.4836838133432226e-02,8.5009346512619644e-03,1.3086355548484461e-03,3.2081343520094437e-09,2.8991885076346314e-28,2.2561197103016831e-62,4.4784520491890551e-114,1.8776819824705179e-252,0.0000000000000000e+00,0.0000000000000000e+00,0.0000000000000000e+00,0.0000000000000000e+00,0.0000000000000000e+00,0.0000000000000000e+00,0.0000000000000000e+00,0.0000000000000000e+00,0.0000000000000000e+00,0.0000000000000000e+00,0.0000000000000000e+00,0.0000000000000000e+00,0.0000000000000000e+00,0.0000000000000000e+00,0.0000000000000000e+00,0.0000000000000000e+00,0.0000000000000000e+00,0.0000000000000000e+00,0.0000000000000000e+00,0.0000000000000000e+00,0.0000000000000000e+00,0.0000000000000000e+00,0.0000000000000000e+00
1.0000000000000000e+00,1.0000000000000000e+00,1.0000000000000000e+00,1.0000000000000000e+00,1.0000000000000000e+00,1.0000000000000000e+00,1.0000000000000000e+00,1.0000000000000000e+00,1.0000000000000000e+00,1.0000000000000000e+00,1.0000000000000000e+00,1.0000000000000000e+00,1.0000000000000000e+00,1.0000000000000000e+00,1.0000000000000000e+00,1.0000000000000000e+00,1.0000000000000000e+00,1.0000000000000000e+00,1.0000000000000000e+00,1.0000000000000000e+00,1.0000000000000000e+00,1.0000000000000000e+00,1.0000000000000000e+00,1.0000000000000000e+00,1.0000000000000000e+00,1.0000000000000000e+00,1.0000000000000000e+00,1.0000000000000000e+00,1.0000000000000000e+00,1.0000000000000000e+00,1.0000000000000000e+00,1.0000000000000000e+00,1.0000000000000000e+00,1.0000000000000000e+00,1.0000000000000000e+00,1.0000000000000000e+00,1.0000000000000000e+00,1.0000000000000000e+00,1.0000000000000000e+00,1.0000000000000000e+00,1.0000000000000000e+00,1.0000000000000000e+00,1.0000000000000000e+00,1.0000000000000000e+00,1.0000000000000000e+00,1.0000000000000000e+00,1.0000000000000000e+00,1.0000000000000000e+00,1.0000000000000000e+00,1.0000000000000000e+00,1.0000000000000000e+00,1.0000000000000000e+00,1.0000000000000000e+00,1.0000000000000000e+00,1.0000000000000000e+00,1.0000000000000000e+00,1.0000000000000000e+00,1.0000000000000000e+00,1.0000000000000000e+00,1.0000000000000000e+00,1.0000000000000000e+00,1.0000000000000000e+00,1.0000000000000000e+00,1.0000000000000000e+00,1.0000000000000000e+00,1.0000000000000000e+00,1.0000000000000000e+00,1.0000000000000000e+00,1.0000000000000000e+00,1.0000000000000000e+00,1.0000000000000000e+00,1.0000000000000000e+00,1.0000000000000000e+00,1.0000000000000000e+00,1.0000000000000000e+00,1.0000000000000000e+00,1.0000000000000000e+00,1.0000000000000000e+00,1.0000000000000000e+00,1.0000000000000000e+00,1.0000000000000000e+00,1.0000000000000000e+00,1.0000000000000000e+00,1.0000000000000000e+00,9.4998656897483114e-01,7.8980140491986628e-01,5.9745128880798581e-01,4.0048361776687191e-01,2.2729998556350059e-01,1.0145623334623051e-01,3.2491224513512190e-02,7.3786783717011408e-03,1.0540647299047536e-03,1.5301183335036177e-10,2.6736764529644715e-31,1.3999737574024772e-67,9.5887887626525867e-122,2.6488461225317705e-275,0.0000000000000000e+00,0.0000000000000000e+00,0.0000000000000000e+00,0.0000000000000000e+00,0.0000000000000000e+00,0.0000000000000000e+00,0.0000000000000000e+00,0.0000000000000000e+00,0.0000000000000000e+00,0.0000000000000000e+00,0.0000000000000000e+00,0.0000000000000000e+00,0.0000000000000000e+00,0.0000000000000000e+00,0.0000000000000000e+00,0.0000000000000000e+00,0.0000000000000000e+00,0.0000000000000000e+00,0.0000000000000000e+00,0.0000000000000000e+00,0.0000000000000000e+00,0.0000000000000000e+00
1.0000000000000000e+00,1.0000000000000000e+00,1.0000000000000000e+00,1.0000000000000000e+00,1.0000000000000000e+00,1.0000000000000000e+00,1.0000000000000000e+00,1.0000000000000000e+00,1.0000000000000000e+00,1.0000000000000000e+00,1.0000000000000000e+00,1.0000000000000000e+00,1.0000000000000000e+00,1.0000000000000000e+00,1.0000000000000000e+00,1.0000000000000000e+00,1.0000000000000000e+00,1.0000000000000000e+00,1.0000000000000000e+00,1.0000000000000000e+00,1.0000000000000000e+00,1.0000000000000000e+00,1.0000000000000000e+00,1.0000000000000000e+00,1.0000000000000000e+00,1.0000000000000000e+00,1.0000000000000000e+00,1.0000000000000000e+00,1.0000000000000000e+00,1.0000000000000000e+00,1.0000000000000000e+00,1.0000000000000000e+00,1.0000000000000000e+00,1.0000000000000000e+00,1.0000000000000000e+00,1.0000000000000000e+00,1.0000000000000000e+00,1.0000000000000000e+00,1.0000000000000000e+00,1.0000000000000000e+00,1.0000000000000000e+00,1.0000000000000000e+00,1.0000000000000000e+00,1.0000000000000000e+00,1.0000000000000000e+00,1.0000000000000000e+00,1.0000000000000000e+00,1.0000000000000000e+00,1.0000000000000000e+00,1.0000000000000000e+00,1.0000000000000000e+00,1.0000000000000000e+00,1.0000000000000000e+00,1.0000000000000000e+00,1.0000000000000000e+00,1.0000000000000000e+00,1.0000000000000000e+00,1.0000000000000000e+00,1.0000000000000000e+00,1.0000000000000000e+00,1.0000000000000000e+00,1.0000000000000000e+00,1.0000000000000000e+00,1.0000000000000000e+00,1.0000000000000000e+00,1.0000000000000000e+00,1.0000000000000000e+00,1.0000000000000000e+00,1.0000000000000000e+00,1.0000000000000000e+00,1.0000000000000000e+00,1.0000000000000000e+00,1.0000000000000000e+00,1.0000000000000000e+00,1.0000000000000000e+00,1.0000000000000000e+00,1.0000000000000000e+00,1.0000000000000000e+00,1.0000000000000000e+00,1.0000000000000000e+00,1.0000000000000000e+00,1.0000000000000000e+00,1.0000000000000000e+00,1.0000000000000000e+00,1.0000000000000000e+00,1.0000000000000000e+00,8.6435859450542329e-01,6.4459405374739709e-01,4.2395448715285650e-01,2.3539819318364816e-01,1.0244701384198880e-01,3.1418538961480467e-02,6.8350285836574053e-03,9.4269114792078148e-04,2.4618077716730455e-11,3.6175202141474167e-33,6.6370738076778263e-71,1.4388682338589994e-126,4.6239956746279723e-287,0.0000000000000000e+00,0.0000000000000000e+00,0.0000000000000000e+00,0.0000000000000000e+00,0.0000000000000000e+00,0.0000000000000000e+00,0.0000000000000000e+00,0.0000000000000000e+00,0.0000000000000000e+00,0.0000000000000000e+00,0.0000000000000000e+00,0.0000000000000000e+00,0.0000000000000000e+00,0.0000000000000000e+00,0.0000000000000000e+00,0.0000000000000000e+00,0.0000000000000000e+00,0.0000000000000000e+00,0.0000000000000000e+00,0.0000000000000000e+00,0.0000000000000000e+00
1.0000000000000000e+00,1.0000000000000000e+00,1.0000000000000000e+00,1.0000000000000000e+00,1.0000000000000000e+00,1.0000000000000000e+00,1.0000000000000000e+00,1.0000000000000000e+00,1.0000000000000000e+00,1.0000000000000000e+00,1.0000000000000000e+00,1.0000000000000000e+00,1.0000000000000000e+00,1.0000000000000000e+00,1.0000000000000000e+00,1.0000000000000000e+00,1.0000000000000000e+00,1.0000000000000000e+00,1.0000000000000000e+00,1.0000000000000000e+00,1.0000000000000000e+00,1.0000000000000000e+00,1.0000000000000000e+00,1.0000000000000000e+00,1.0000000000000000e+00,1.0000000000000000e+00,1.0000000000000000e+00,1.0000000000000000e+00,1.0000000000000000e+00,1.0000000000000000e+00,1.0000000000000000e+00,1.0000000000000000e+00,1.0000000000000000e+00,1.0000000000000000e+00,1.0000000000000000e+00,1.0000000000000000e+00,1.0000000000000000e+00,1.0000000000000000e+00,1.0000000000000000e+00,1.0000000000000000e+00,1.0000000000000000e+00,1.0000000000000000e+00,1.0000000000000000e+00,1.0000000000000000e+00,1.0000000000000000e+00,1.0000000000000000e+00,1.0000000000000000e+00,1.0000000000000000e+00,1.0000000000000000e+00,1.0000000000000000e+00,1.0000000000000000e+00,1.0000000000000000e+00,1.0000000000000000e+00,1.0000000000000000e+00,1.0000000000000000e+00,1.0000000000000000e+00,1.0000000000000000e+00,1.0000000000000000e+00,1.0000000000000000e+00,1.0000000000000000e+00,1.0000000000000000e+00,1.0000000000000000e+00,1.0000000000000000e+00,1.0000000000000000e+00,1.0000000000000000e+00,1.0000000000000000e+00,1.0000000000000000e+00,1.0000000000000000e+00,1.0000000000000000e+00,1.0000000000000000e+00,1.0000000000000000e+00,1.0000000000000000e+00,1.0000000000000000e+00,1.0000000000000000e+00,1.0000000000000000e+00,1.0000000000000000e+00,1.0000000000000000e+00,1.0000000000000000e+00,1.0000000000000000e+00,1.0000000000000000e+00,1.0000000000000000e+00,1.0000000000000000e+00,1.0000000000000000e+00,1.0000000000000000e+00,1.0000000000000000e+00,1.0000000000000000e+00,1.0000000000000000e+00,9.0799477941998286e-01,6.7007378546898966e-01,4.3527884581523318e-01,2.3882828163368067e-01,1.0249132141094983e-01,3.0669279881345660e-02,6.5701221250968550e-03,8.9448924072945302e-04,1.0449060486235657e-11,3.6286851470157034e-34,7.0348486633370346e-73,1.2512324145543474e-129,1.7754454243561075e-287,0.0000000000000000e+00,0.0000000000000000e+00,0.0000000000000000e+00,0.0000000000000000e+00,0.0000000000000000e+00,0.0000000000000000e+00,0.0000000000000000e+00,0.0000000000000000e+00,0.0000000000000000e+00,0.0000000000000000e+00,0.0000000000000000e+00,0.0000000000000000e+00,0.0000000000000000e+00,0.0000000000000000e+00,0.0000000000000000e+00,0.0000000000000000e+00,0.0000000000000000e+00,0.0000000000000000e+00,0.0000000000000000e+00,0.0000000000000000e+00
1.0000000000000000e+00,1.0000000000000000e+00,1.0000000000000000e+00,1.0000000000000000e+00,1.0000000000000000e+00,1.0000000000000000e+00,1.0000000000000000e+00,1.0000000000000000e+00,1.0000000000000000e+00,1.0000000000000000e+00,1.0000000000000000e+00,1.0000000000000000e+00,1.0000000000000000e+00,1.0000000000000000e+00,1.0000000000000000e+00,1.0000000000000000e+00,1.0000000000000000e+00,1.0000000000000000e+00,1.0000000000000000e+00,1.0000000000000000e+00,1.0000000000000000e+00,1.0000000000000000e+00,1.0000000000000000e+00,1.0000000000000000e+00,1.0000000000000000e+00,1.0000000000000000e+00,1.0000000000000000e+00,1.0000000000000000e+00,1.0000000000000000e+00,1.0000000000000000e+00,1.0000000000000000e+00,1.0000000000000000e+00,1.0000000000000000e+00,1.0000000000000000e+00,1.0000000000000000e+00,1.0000000000000000e+00,1.0000000000000000e+00,1.0000000000000000e+00,1.0000000000000000e+00,1.0000000000000000e+00,1.0000000000000000e+00,1.0000000000000000e+00,1.0000000000000000e+00,1.0000000000000000e+00,1.0000000000000000e+00,1.0000000000000000e+00,1.0000000000000000e+00,1.0000000000000000e+00,1.0000000000000000e+00,1.0000000000000000e+00,1.0000000000000000e+00,1.0000000000000000e+00,1.0000000000000000e+00,1.0000000000000000e+00,1.0000000000000000e+00,1.0000000000000000e+00,1.0000000000000000e+00,1.0000000000000000e+00,1.0000000000000000e+00,1.0000000000000000e+00,1.0000000000000000e+00,1.0000000000000000e+00,1.0000000000000000e+00,1.0000000000000000e+00,1.0000000000000000e+00,1.0000000000000000e+00,1.0000000000000000e+00,1.0000000000000000e+00,1.0000000000000000e+00,1.0000000000000000e+00,1.0000000000000000e+00,9.9431010379351625e-01,9.6987959536453905e-01,9.5054419550908686e-01,9.3796623311654281e-01,9.3429230311674805e-01,9.4363277977039450e-01,9.7116622075634351e-01,1.0000000000000000e+00,1.0000000000000000e+00,1.0000000000000000e+00,1.0000000000000000e+00,1.0000000000000000e+00,1.0000000000000000e+00,1.0000000000000000e+00,1.0000000000000000e+00,1.0000000000000000e+00,1.0000000000000000e+00,9.2179139554251166e-01,6.7673797860850249e-01,4.3763170756406800e-01,2.3938237017943323e-01,1.0240084960417242e-01,3.0441881854733285e-02,6.5659055187532872e-03,9.2650057807978112e-04,1.0649848082788874e-11,1.9737543605879657e-34,9.3105251934920527e-74,2.6530118230216179e-131,4.4974520693176381e-282,0.0000000000000000e+00,0.0000000000000000e+00,0.0000000000000000e+00,0.0000000000000000e+00,0.0000000000000000e+00,0.0000000000000000e+00,0.0000000000000000e+00,0.0000000000000000e+00,0.0000000000000000e+00,0.0000000000000000e+00,0.0000000000000000e+00,0.0000000000000000e+00,0.0000000000000000e+00,0.0000000000000000e+00,0.0000000000000000e+00,0.0000000000000000e+00,0.0000000000000000e+00,0.0000000000000000e+00,0.0000000000000000e+00
1.0000000000000000e+00,1.0000000000000000e+00,1.0000000000000000e+00,1.0000000000000000e+00,1.0000000000000000e+00,1.0000000000000000e+00,1.0000000000000000e+00,1.0000000000000000e+00,1.0000000000000000e+00,1.0000000000000000e+00,1.0000000000000000e+00,1.0000000000000000e+00,1.0000000000000000e+00,1.0000000000000000e+00,9.8060465078353420e-01,9.3718404300722091e-01,9.2323525083318414e-01,9.2862700729460668e-01,9.4117463059431172e-01,9.5424660362157065e-01,9.6614799190389677e-01,9.7755996333381723e-01,9.8972068815422021e-01,1.0000000000000000e+00,1.0000000000000000e+00,1.0000000000000000e+00,1.0000000000000000e+00,1.0000000000000000e+00,1.0000000000000000e+00,1.0000000000000000e+00,1.0000000000000000e+00,1.0000000000000000e+00,1.0000000000000000e+00,1.0000000000000000e+00,1.0000000000000000e+00,1.0000000000000000e+00,1.0000000000000000e+00,1.0000000000000000e+00,1.0000000000000000e+00,1.0000000000000000e+00,1.0000000000000000e+00,1.0000000000000000e+00,1.0000000000000000e+00,1.0000000000000000e+00,1.0000000000000000e+00,1.0000000000000000e+00,1.0000000000000000e+00,1.0000000000000000e+00,1.0000000000000000e+00,1.0000000000000000e+00,1.0000000000000000e+00,1.0000000000000000e+00,1.0000000000000000e+00,1.0000000000000000e+00,1.0000000000000000e+00,1.0000000000000000e+00,1.0000000000000000e+00,1.0000000000000000e+00,1.0000000000000000e+00,1.0000000000000000e+00,1.0000000000000000e+00,1.0000000000000000e+00,1.0000000000000000e+00,1.0000000000000000e+00,1.0000000000000000e+00,1.0000000000000000e+00,9.6401322176778259e-01,9.2315122341562073e-01,8.8760162920798347e-01,8.5501008577230508e-01,8.2482925151241604e-01,7.9829361782099817e-01,7.7718516165174756e-01,7.6315197229268750e-01,7.5862402175260024e-01,7.6677645979849129e-01,7.9166136505523266e-01,8.3634979403444754e-01,8.9934355745382377e-01,9.7221257737221289e-01,1.0000000000000000e+00,1.0000000000000000e+00,1.0000000000000000e+00,1.0000000000000000e+00,1.0000000000000000e+00,1.0000000000000000e+00,1.0000000000000000e+00,1.0000000000000000e+00,1.0000000000000000e+00,9.2848958375937729e-01,6.8074331583725989e-01,4.4032610342292650e-01,2.4158551315624516e-01,1.0408718048178017e-01,3.1227607204454257e-02,6.8796598222239658e-03,1.0090327775913364e-03,2.4056526602391560e-11,4.3386667760822118e-34,8.7155386661376466e-74,7.0290590021639077e-132,4.3776220108723632e-274,0.0000000000000000e+00,0.0000000000000000e+00,0.0000000000000000e+00,0.0000000000000000e+00,0.0000000000000000e+00,0.0000000000000000e+00,0.0000000000000000e+00,0.0000000000000000e+00,0.0000000000000000e+00,0.0000000000000000e+00,0.0000000000000000e+00,0.0000000000000000e+00,0.0000000000000000e+00,0.0000000000000000e+00,0.0000000000000000e+00,0.0000000000000000e+00,0.0000000000000000e+00,0.0000000000000000e+00
4.8204832482101762e-01,6.4540093479038563e-01,8.5536731593449122e-01,1.0000000000000000e+00,1.0000000000000000e+00,1.0000000000000000e+00,1.0000000000000000e+00,1.0000000000000000e+00,1.0000000000000000e+00,1.0000000000000000e+00,1.0000000000000000e+00,1.0000000000000000e+00,1.0000000000000000e+00,9.2026303499627615e-01,7.9184130697962329e-01,6.8964415766829412e-01,6.1121103448283942e-01,5.5851308403871369e-01,5.3354876693541597e-01,5.2895499396500700e-01,5.3423041550860828e-01,5.4350414817876047e-01,5.5483577413476126e-01,5.6787440983703230e-01,5.8254750314339465e-01,5.9839250572401881e-01,6.1475620696648969e-01,6.3097090217028240e-01,6.4692685470687805e-01,6.6270070934420855e-01,6.7832796109936511e-01,6.9380636682057939e-01,7.0912107011266567e-01,7.2425545357401044e-01,7.3919393085715157e-01,7.5392249755154117e-01,7.6842890428060029e-01,7.8270273027289816e-01,7.9673537217584856e-01,8.1051997076508087e-01,8.2405130061237353e-01,8.3732563540602867e-01,8.5034058974854321e-01,8.6309492961088896e-01,8.7558833766015109e-01,8.8782111274094344e-01,8.9979373097360771e-01,9.1150602935094238e-01,9.2295581781135483e-01,9.3413775416076650e-01,9.4504299967474237e-01,9.5564788725063277e-01,9.6587866364874098e-01,9.7565726091541050e-01,9.8511617057996237e-01,9.9451094239321647e-01,1.0000000000000000e+00,1.0000000000000000e+00,1.0000000000000000e+00,1.0000000000000000e+00,1.0000000000000000e+00,1.0000000000000000e+00,9.8414400489110798e-01,9.5573398529011866e-01,9.1823059388206429e-01,8.7474749465488222e-01,8.3132013594770371e-01,7.9278449999436085e-01,7.6058557372993052e-01,7.3268163071099612e-01,7.0698113008677788e-01,6.8302288658296240e-01,6.6219708409400591e-01,6.4805114461352187e-01,6.4628803678267555e-01,6.6353433524068972e-01,7.0411300518694475e-01,7.6627111583999208e-01,8.4110988375827089e-01,9.1140941980206391e-01,9.5813871972142106e-01,9.7399554808963174e-01,9.7452471258136486e-01,9.9064694772172757e-01,1.0000000000000000e+00,1.0000000000000000e+00,1.0000000000000000e+00,1.0000000000000000e+00,1.0000000000000000e+00,1.0000000000000000e+00,9.3976222243828944e-01,6.8889577935330093e-01,4.4684377943819054e-01,2.4705108676716273e-01,1.0802030776970960e-01,3.3144963029225150e-02,7.5049565766784326e-03,1.1462134955445436e-03,9.1838606362859694e-11,2.3528694469362980e-33,2.8299429691307094e-73,8.3422977765567537e-132,2.4895465972366742e-265,0.0000000000000000e+00,0.0000000000000000e+00,0.0000000000000000e+00,0.0000000000000000e+00,0.0000000000000000e+00,0.0000000000000000e+00,0.0000000000000000e+00,0.0000000000000000e+00,0.0000000000000000e+00,0.0000000000000000e+00,0.0000000000000000e+00,0.0000000000000000e+00,0.0000000000000000e+00,0.0000000000000000e+00,0.0000000000000000e+00,0.0000000000000000e+00,0.0000000000000000e+00
1.6139307035500064e-01,2.5614243208269399e-01,3.9386791512576880e-01,5.9216315721834412e-01,8.2693113764202575e-01,1.0000000000000000e+00,1.0000000000000000e+00,1.0000000000000000e+00,1.0000000000000000e+00,1.0000000000000000e+00,1.0000000000000000e+00,1.0000000000000000e+00,1.0000000000000000e+00,9.6308403965528655e-01,8.1130419451096236e-01,6.5842524386008427e-01,5.1332434271784988e-01,3.8754823995862453e-01,2.9562923766725180e-01,2.4518202556012678e-01,2.2782517383380591e-01,2.2668581579527422e-01,2.3207837427023537e-01,2.4006843744242465e-01,2.4944661766249590e-01,2.5970382809034814e-01,2.7036661418041741e-01,2.8114446517542635e-01,2.9206126301728863e-01,3.0315685700654610e-01,3.1443401078603145e-01,3.2587951877971022e-01,3.3747711637592831e-01,3.4921033653319922e-01,3.6106230448401555e-01,3.7301573250261455e-01,3.8505325743939589e-01,3.9715779765570614e-01,4.0931281093385263e-01,4.2150245929108809e-01,4.3371170129040015e-01,4.4592631845093911e-01,4.5813287160321842e-01,4.7031857745437983e-01,4.8247109860697418e-01,4.9457825891518897e-01,5.0662770778433552e-01,5.1860648317268609e-01,5.3050047932935851e-01,5.4229503709060234e-01,5.5397925214178312e-01,5.6554783216702953e-01,5.7698063876466932e-01,5.8825998201629504e-01,5.9958650280824199e-01,6.1151477465488779e-01,6.2457419318536811e-01,6.3903298755623328e-01,6.5466364625659401e-01,6.7131722582647280e-01,6.8971441382015297e-01,7.1047896191327053e-01,7.3171754777056774e-01,7.4796335354888410e-01,7.5411344527376334e-01,7.4921820901965042e-01,7.3700848634689509e-01,7.2246516741591627e-01,7.0768206066018757e-01,6.9120743920989614e-01,6.7094141016362463e-01,6.4686099434547173e-01,6.2286389942096021e-01,6.0718944632721206e-01,6.1065593115689998e-01,6.4156184775618619e-01,7.0124508951891473e-01,7.8205334733402154e-01,8.6245776282161735e-01,9.1460242068315023e-01,9.1831113815977561e-01,8.7592292195952171e-01,8.1749466589806230e-01,7.9155796924478394e-01,8.3670910421840139e-01,9.5642752810195186e-01,1.0000000000000000e+00,1.0000000000000000e+00,1.0000000000000000e+00,1.0000000000000000e+00,1.0000000000000000e+00,9.5563104606923654e-01,7.0148669980829026e-01,4.5744653596355456e-01,2.5578882304643730e-01,1.1407361649061903e-01,3.6139060759582418e-02,8.4107705694402568e-03,1.3355202104737922e-03,4.4978265298990015e-10,1.9770404397377815e-32,1.7079847624803186e-72,2.0298506160572174e-131,1.2986292862240068e-256,0.0000000000000000e+00,0.0000000000000000e+00,0.0000000000000000e+00,0.0000000000000000e+00,0.0000000000000000e+00,0.0000000000000000e+00,0.0000000000000000e+00,0.0000000000000000e+00,0.0000000000000000e+00,0.0000000000000000e+00,0.0000000000000000e+00,0.0000000000000000e+00,0.0000000000000000e+00,0.0000000000000000e+00,0.0000000000000000e+00,0.0000000000000000e+00
3.0474180001583220e-02,6.9371280735994426e-02,1.4136443329526488e-01,2.6137888167928380e-01,4.2937777555740014e-01,6.2997863568041457e-01,8.4436340311660107e-01,1.0000000000000000e+00,1.0000000000000000e+00,1.0000000000000000e+00,1.0000000000000000e+00,1.0000000000000000e+00,1.0000000000000000e+00,1.0000000000000000e+00,9.8448187878668947e-01,8.1812229263783509e-01,6.2970708358761240e-01,4.4327674834133735e-01,2.8230831426862107e-01,1.6410485844129724e-01,9.5186558613244335e-02,6.7038926877818386e-02,5.9894714009420036e-02,6.0754369453814953e-02,6.4167579786951354e-02,6.8444772485448502e-02,7.3100882519484670e-02,7.8017877086029655e-02,8.3185281199702005e-02,8.8597328359440106e-02,9.4244488748705252e-02,1.0011753816267033e-01,1.0620797071290354e-01,1.1250673977741277e-01,1.1900368052700115e-01,1.2568762324568333e-01,1.3254671561215620e-01,1.3956872147867541e-01,1.4674125384367218e-01,1.5405195083568302e-01,1.6148860242301499e-01,1.6903922612527941e-01,1.7669208610689829e-01,1.8443564936457091e-01,1.9225847808864369e-01,2.0014907911734967e-01,2.0809577615592262e-01,2.1608669636105923e-01,2.2410996948239220e-01,2.3215482391784914e-01,2.4021621114861283e-01,2.4830469882217054e-01,2.5645005060840331e-01,2.6470066327031383e-01,2.7322650691903183e-01,2.8251210202152072e-01,2.9327161894737613e-01,3.0637198481794897e-01,3.2297848751618413e-01,3.4501812007461735e-01,3.7564520497194548e-01,4.1761952254015233e-01,4.7004765138406601e-01,5.2738476830281245e-01,5.8238852662072860e-01,6.2944821879386759e-01,6.6597147478442342e-01,6.9099589850608134e-01,7.0320645463773679e-01,7.0085180325553875e-01,6.8422647459526376e-01,6.5818054225981326e-01,6.3338839785807033e-01,6.2422951320128051e-01,6.4291972970962474e-01,6.9522162623072348e-01,7.7806110984275256e-01,8.6854986560044067e-01,9.3329118567927516e-01,9.4384798763071576e-01,8.8741124639324642e-01,7.7592021795771893e-01,6.5407934654734523e-01,5.8025317482554650e-01,5.9960418552977024e-01,7.2054278550749096e-01,9.1221773671919770e-01,1.0000000000000000e+00,1.0000000000000000e+00,1.0000000000000000e+00,1.0000000000000000e+00,1.0000000000000000e+00,9.7309205247955410e-01,7.1746808724506927e-01,4.7165785520721126e-01,2.6736096521316960e-01,1.2188392094410970e-01,4.0008022838063220e-02,9.5539377291242074e-03,1.5728800424697138e-03,2.3649992262437622e-09,1.9676171175108638e-31,1.2593031686182398e-71,6.3433340288300204e-131,2.6822671729461199e-248,0.0000000000000000e+00,0.0000000000000000e+00,0.0000000000000000e+00,0.0000000000000000e+00,0.0000000000000000e+00,0.0000000000000000e+00,0.0000000000000000e+00,0.0000000000000000e+00,0.0000000000000000e+00,0.0000000000000000e+00,0.0000000000000000e+00,0.0000000000000000e+00,0.0000000000000000e+00,0.0000000000000000e+00,0.0000000000000000e+00
2.2697366919294955e-03,8.9527768346179572e-03,3.1569272575436035e-02,8.4931541863063995e-02,1.7996584432937845e-01,3.1783263645867083e-01,4.9539609900218629e-01,6.9856615572726888e-01,9.0426905550034065e-01,1.0000000000000000e+00,1.0000000000000000e+00,1.0000000000000000e+00,1.0000000000000000e+00,1.0000000000000000e+00,1.0000000000000000e+00,1.0000000000000000e+00,8.8168035778876930e-01,6.6878171931270147e-01,4.5869936747075751e-01,2.7840714514033776e-01,1.4388120768431414e-01,6.0554115086707737e-02,2.2447022304537208e-02,1.0510887398077047e-02,8.2004697031721110e-03,8.6146173567858454e-03,9.6323903672215095e-03,1.0811319879572522e-02,1.2096443980976078e-02,1.3482633630969128e-02,1.4968547761190706e-02,1.6554035976872754e-02,1.8239195710341893e-02,2.0023811425203472e-02,2.1907184995631032e-02,2.3888155598038637e-02,2.5965167411125374e-02,2.8136335460451925e-02,3.0399502604044375e-02,3.2752286674443680e-02,3.5192116609127799e-02,3.7716254585741481e-02,4.0321800464534117e-02,4.3005676067016212e-02,4.5764591051436709e-02,4.8595004775542891e-02,5.1493129099796940e-02,5.4455067389779940e-02,5.7477234424887079e-02,6.0557361626595002e-02,6.3697168526759745e-02,6.6909034884051546e-02,7.0226606058080440e-02,7.3715014785184885e-02,7.7506198707927174e-02,8.1903798482856019e-02,8.7446054614401122e-02,9.4955659292694686e-02,1.0589442496462087e-01,1.2302466667082038e-01,1.5089685449831020e-01,1.9451494566777003e-01,2.5671338782706349e-01,3.3654555184819768e-01,4.2822423556015554e-01,5.2179202294675275e-01,6.0542717531788814e-01,6.6854383694392461e-01,7.0473637095184460e-01,7.1368413478172166e-01,7.0163646565025328e-01,6.8156533335169278e-01,6.6997929703135473e-01,6.8195242848069226e-01,7.2704854326969881e-01,8.0692482579342650e-01,8.9984740160947507e-01,9.7054221161316157e-01,9.8682739163740241e-01,9.3356959737175838e-01,8.1114178962400019e-01,6.4611368816647974e-01,4.8296938416323149e-01,3.7660707024439644e-01,3.6978869312489726e-01,4.7310166771008960e-01,6.6380163071971954e-01,8.9895385691050678e-01,1.0000000000000000e+00,1.0000000000000000e+00,1.0000000000000000e+00,1.0000000000000000e+00,1.0000000000000000e+00,9.8984952626466771e-01,7.3622408026151998e-01,4.8868594539424898e-01,2.8090932002953278e-01,1.3081313279179055e-01,4.4481591266998043e-02,1.0884684965002760e-02,1.8525465688786901e-03,1.1972025288530177e-08,1.9239662894866601e-30,9.0457013952866043e-71,1.8871869173211716e-130,1.2992810551593431e-240,0.0000000000000000e+00,0.0000000000000000e+00,0.0000000000000000e+00,0.0000000000000000e+00,0.0000000000000000e+00,0.0000000000000000e+00,0.0000000000000000e+00,0.0000000000000000e+00,0.0000000000000000e+00,0.0000000000000000e+00,0.0000000000000000e+00,0.0000000000000000e+00,0.0000000000000000e+00,0.0000000000000000e+00
1.4312281949199148e-35,9.0676101627640597e-18,3.1263574283458802e-03,1.5385962948792639e-02,5.0717540779161151e-02,1.2249026956209615e-01,2.3848150492838091e-01,3.9839153063199817e-01,5.9238415883753714e-01,8.0343690956253744e-01,1.0000000000000000e+00,1.0000000000000000e+00,1.0000000000000000e+00,1.0000000000000000e+00,1.0000000000000000e+00,1.0000000000000000e+00,1.0000000000000000e+00,9.5360994499997986e-01,7.3240547904153475e-01,5.1126063796014631e-01,3.1876572606822340e-01,1.7009613046028119e-01,7.2223525149821735e-02,2.3008762155062302e-02,6.0016021001337424e-03,1.4772989327684594e-03,3.5449460159691548e-14,1.9949942728164705e-20,8.2792892349183914e-19,3.3974893753175613e-16,1.3969218331542274e-13,6.2548660970870695e-11,2.3987400998910177e-08,7.8249873456791042e-06,1.6268082932582935e-03,1.9916535089089800e-03,2.2449104309695839e-03,2.5204913752934696e-03,2.8191674609347227e-03,3.1416286056965576e-03,3.4884799027733921e-03,3.8602370476225364e-03,4.2573201247861955e-03,4.6800453690292463e-03,5.1286160704946517e-03,5.6031176531352285e-03,6.1035313280327014e-03,6.6298001451658324e-03,7.1820114604784924e-03,7.7608041411441602e-03,8.3682582047555094e-03,9.0099613062997151e-03,9.6992817420809407e-03,1.0463484899701723e-02,1.1353160681898067e-02,1.2473801684847326e-02,1.4048076374026266e-02,1.6478394703825849e-02,2.0634005418524989e-02,2.8538379147000723e-02,4.4277084113253061e-02,7.4506922238203044e-02,1.2760419586416688e-01,2.0999921273475838e-01,3.1974845607747809e-01,4.4312656851085891e-01,5.5874692686888661e-01,6.4726570705798114e-01,6.9957306014082998e-01,7.1964722425025951e-01,7.2110762301646347e-01,7.2193342061349597e-01,7.3857065451969595e-01,7.8320558135641460e-01,8.5952701038049428e-01,9.4787801700956020e-01,1.0000000000000000e+00,1.0000000000000000e+00,9.6471159598112632e-01,8.3490704392623571e-01,6.6127096283380771e-01,4.7637478776179715e-01,3.1390555309863039e-01,2.0639210123004031e-01,1.8249589564597127e-01,2.5557839366853341e-01,4.1574055517046793e-01,6.3777494355146924e-01,8.8879554912747893e-01,1.0000000000000000e+00,1.0000000000000000e+00,1.0000000000000000e+00,1.0000000000000000e+00,1.0000000000000000e+00,1.0000000000000000e+00,7.5685201033121985e-01,5.0727169322402854e-01,2.9540198648597538e-01,1.4037599645830415e-01,4.9357712634880493e-02,1.2358259793347927e-02,2.1681527588580675e-03,5.6319400417853024e-08,1.7857113250974429e-29,5.8464120561901433e-70,5.2009953462454578e-130,1.2908396616924702e-233,0.0000000000000000e+00,0.0000000000000000e+00,0.0000000000000000e+00,0.0000000000000000e+00,0.0000000000000000e+00,0.0000000000000000e+00,0.0000000000000000e+00,0.0000000000000000e+00,0.0000000000000000e+00,0.0000000000000000e+00,0.0000000000000000e+00,0.0000000000000000e+00,0.0000000000000000e+00
1.3065455762397583e-99,1.6044383062917445e-81,6.1218591611959684e-36,1.3891035531447455e-03,7.6178471359116635e-03,2.9381102001667558e-02,8.2655118110364467e-02,1.8010428218945590e-01,3.2350396953142585e-01,5.0894058038960699e-01,7.2238169042204059e-01,9.4083055286039607e-01,1.0000000000000000e+00,1.0000000000000000e+00,1.0000000000000000e+00,1.0000000000000000e+00,1.0000000000000000e+00,1.0000000000000000e+00,1.0000000000000000e+00,8.0200668233461014e-01,5.7490456646707788e-01,3.7039671352561687e-01,2.0679078549548927e-01,9.4177997188681403e-02,3.2533500690162288e-02,8.7593266336461559e-03,1.7639081530536152e-03,6.7560608554445569e-16,2.3372561253307733e-50,1.2692164535889173e-76,4.3122054930408731e-79,3.3069075245394500e-75,4.9344982756559384e-71,5.7122928153562145e-67,6.7240917769807519e-63,4.4773194780524997e-59,2.8646473166669444e-55,9.8901989403398304e-52,2.8851912567095013e-48,4.3659026349167570e-45,5.1475562008203174e-42,3.7481331867951735e-39,1.6275190975269706e-36,5.3545829781048137e-34,1.3293441378594964e-31,2.4907349583021405e-29,3.5461073617421448e-27,3.8898077650887670e-25,3.3554877139672001e-23,2.3396588548736868e-21,1.3699664323189243e-19,7.1429625177925808e-18,3.6184238668405592e-16,1.9788276666656299e-14,1.3204140314721274e-12,1.3086327394386209e-10,2.7599241895794148e-08,2.1112940829772125e-05,2.3593520164516416e-03,4.4791909682099958e-03,1.0787262125362148e-02,2.9019415430904017e-02,7.2877918385044510e-02,1.5540425265695243e-01,2.7702913861714895e-01,4.1953006192394993e-01,5.5338109818996850e-01,6.5454585998572090e-01,7.1666690361539065e-01,7.5015599512983577e-01,7.7301625583265132e-01,8.0382453624804195e-01,8.5558288717044539e-01,9.3117915629704096e-01,1.0000000000000000e+00,1.0000000000000000e+00,1.0000000000000000e+00,9.8460334010766259e-01,8.3988957430767430e-01,6.5346400149670802e-01,4.6186338467741966e-01,2.9453664585593070e-01,1.6876187138785204e-01,9.1671512840546462e-02,6.6603343590300304e-02,1.0346231234824013e-01,2.1170763443828441e-01,3.8760596218525201e-01,6.1658198973588818e-01,8.7371017050746036e-01,1.0000000000000000e+00,1.0000000000000000e+00,1.0000000000000000e+00,1.0000000000000000e+00,1.0000000000000000e+00,1.0000000000000000e+00,7.7798070390032803e-01,5.2623804091253557e-01,3.1029047704955182e-01,1.5036692267810070e-01,5.4509271503390709e-02,1.3938685867443328e-02,2.5134548907072957e-03,2.4243267332705492e-07,1.5149434512563938e-28,3.3198240144955681e-69,1.3012669530035969e-129,2.3936323068969677e-227,0.0000000000000000e+00,0.0000000000000000e+00,0.0000000000000000e+00,0.0000000000000000e+00,0.0000000000000000e+00,0.0000000000000000e+00,0.0000000000000000e+00,0.0000000000000000e+00,0.0000000000000000e+00,0.0000000000000000e+00,0.0000000000000000e+00,0.0000000000000000e+00
1.9224153459384975e-212,1.4656456751814418e-171,5.2698279883797770e-101,2.1176671442258664e-49,3.0865621201409672e-10,4.0565442359096785e-03,1.7250087810698884e-02,5.5362917034084205e-02,1.3515382455187192e-01,2.6350525561299737e-01,4.3854255127814867e-01,6.4943802291222907e-01,8.7459089864332318e-01,1.0000000000000000e+00,1.0000000000000000e+00,1.0000000000000000e+00,1.0000000000000000e+00,1.0000000000000000e+00,1.0000000000000000e+00,1.0000000000000000e+00,8.7291372138106371e-01,6.4111181427509778e-01,4.2561087665593189e-01,2.4896428794605296e-01,1.2215804837137399e-01,4.6611867086298324e-02,1.3552113294570820e-02,3.0613454728598932e-03,1.4879709371436431e-05,1.1257348060560538e-36,6.9760189857271926e-77,1.6000080097813757e-122,5.3616540811158602e-154,3.5808066066911265e-155,7.0424873021955290e-149,1.3912379671304161e-142,1.7070798558934294e-136,7.6844156428010714e-131,1.6572208000317979e-125,1.5047949756311283e-120,7.1935203451878190e-116,1.2651514610564587e-111,1.1751309689687214e-107,6.3748515518176688e-104,2.0718704133123613e-100,4.1289071815620031e-97,5.1661887422261273e-94,4.1715818960058803e-91,2.2554253018438620e-88,8.6527177425492005e-86,2.6077866089941773e-83,7.2871270051467102e-81,2.3169247030151087e-78,1.0274526498061820e-75,8.2143863004711559e-73,1.8646375032872697e-69,2.6806478398865130e-65,8.9960022710794548e-60,9.9369152178879177e-52,2.6405947465966608e-38,2.3146823534684284e-18,2.3712776776853163e-02,7.4618810317057069e-02,1.7396369214582502e-01,3.1719382148576630e-01,4.7654219896862066e-01,6.1787580578650003e-01,7.2096099811947845e-01,7.8642010122624650e-01,8.3151684846545726e-01,8.7719322366346619e-01,9.3789418571316752e-01,1.0000000000000000e+00,1.0000000000000000e+00,1.0000000000000000e+00,1.0000000000000000e+00,9.9283355167393128e-01,8.3388417034808460e-01,6.3558136126206921e-01,4.3647217133431421e-01,2.6725236819646481e-01,1.4492693733738507e-01,6.9822383886571235e-02,3.0534423660573073e-02,1.7075640284755448e-02,2.8356851705756254e-02,7.9356416550610098e-02,1.9027509988118549e-01,3.6612958687886210e-01,5.9623251498192742e-01,8.5595817524949436e-01,1.0000000000000000e+00,1.0000000000000000e+00,1.0000000000000000e+00,1.0000000000000000e+00,1.0000000000000000e+00,1.0000000000000000e+00,7.9875826498971703e-01,5.4522890664947110e-01,3.2542444023106648e-01,1.6061988600342805e-01,5.9836778803436574e-02,1.5596202345818475e-02,2.8834350172448147e-03,9.5640848088202951e-07,1.2159842307936353e-27,1.6631845110072856e-68,2.9255549159177581e-129,6.7591530144005581e-222,0.0000000000000000e+00,0.0000000000000000e+00,0.0000000000000000e+00,0.0000000000000000e+00,0.0000000000000000e+00,0.0000000000000000e+00,0.0000000000000000e+00,0.0000000000000000e+00,0.0000000000000000e+00,0.0000000000000000e+00,0.0000000000000000e+00
0.0000000000000000e+00,2.4988608073110894e-267,1.4605399084896715e-191,1.6712378222625309e-119,3.0366175876121063e-64,5.4050567969591365e-22,2.2208882674227721e-03,1.0470967722209908e-02,3.6738027795298084e-02,1.0048426218753685e-01,2.1366953041222189e-01,3.7589826067329624e-01,5.7781991207058259e-01,8.0255972642764606e-01,1.0000000000000000e+00,1.0000000000000000e+00,1.0000000000000000e+00,1.0000000000000000e+00,1.0000000000000000e+00,1.0000000000000000e+00,1.0000000000000000e+00,9.3990639730711545e-01,7.0802513342402706e-01,4.8583974424178900e-01,2.9804699441086263e-01,1.5646236488020640e-01,6.5338977165462220e-02,2.0767378988461975e-02,5.3572672947258815e-03,1.0517075264514094e-03,9.4741522634230071e-21,3.7621364464859907e-55,8.2198937011634406e-96,1.1537083194041906e-141,5.5001046392711847e-192,3.7586087982174354e-236,2.6210667481465026e-258,1.4914374033340796e-241,2.4099522570993482e-231,1.6132470905407696e-224,3.1139868777474205e-219,1.3068420594464042e-214,4.0807273799392110e-210,1.3356323003270129e-205,4.0868726613842753e-201,9.9703205520311951e-197,1.7261921256635461e-192,1.9844222286957599e-188,1.4997933564151473e-184,7.8127650387154729e-181,3.1587173086675826e-177,1.2635676409294695e-173,8.0953505986257185e-170,1.6947515600465242e-165,2.3236734546261540e-160,5.7247801272395131e-154,2.3994397167643194e-142,2.0309221639051174e-117,3.0550299906090276e-79,7.4244923510074056e-38,1.7908843615492449e-03,5.1370298701868745e-02,1.3623570631042628e-01,2.7389090515752845e-01,4.4526119817496235e-01,6.1573122395943425e-01,7.5442880159767456e-01,8.4838516936455177e-01,9.1037286723835043e-01,9.6357804604999875e-01,1.0000000000000000e+00,1.0000000000000000e+00,1.0000000000000000e+00,1.0000000000000000e+00,1.0000000000000000e+00,9.8528957901317515e-01,8.1130483710652646e-01,6.0675100998966558e-01,4.0700775864635735e-01,2.3975264388562301e-01,1.2154498960323223e-01,5.3353644030178012e-02,2.0322409380060254e-02,6.8102005012988433e-03,2.7041487824052794e-03,5.0226699042831505e-03,1.9800883722548922e-02,6.7932333451458701e-02,1.7497065868823353e-01,3.4808121236925132e-01,5.7672239777990175e-01,8.3665102435971195e-01,1.0000000000000000e+00,1.0000000000000000e+00,1.0000000000000000e+00,1.0000000000000000e+00,1.0000000000000000e+00,1.0000000000000000e+00,8.1922132746175558e-01,5.6416728991027199e-01,3.4062288282235603e-01,1.7097859553925163e-01,6.5266685305720995e-02,1.7313187721019800e-02,3.2762462307408735e-03,3.4571623174628282e-06,9.1408879448150223e-27,7.4594846897632727e-68,6.4595671569360802e-129,2.9430165885584539e-217,0.0000000000000000e+00,0.0000000000000000e+00,0.0000000000000000e+00,0.0000000000000000e+00,0.0000000000000000e+00,0.0000000000000000e+00,0.0000000000000000e+00,0.0000000000000000e+00,0.0000000000000000e+00,0.0000000000000000e+00
0.0000000000000000e+00,0.0000000000000000e+00,1.3935197992267616e-286,8.2407691003203788e-216,4.6307188694905610e-140,1.4528110278819100e-80,8.6620409971926836e-35,1.1978367744271961e-03,6.3168599970992202e-03,2.4231858404988278e-02,7.3630602673839293e-02,1.7041164560838493e-01,3.1681029568596564e-01,5.0726465099360063e-01,7.2952309092177947e-01,9.5892568911818810e-01,1.0000000000000000e+00,1.0000000000000000e+00,1.0000000000000000e+00,1.0000000000000000e+00,1.0000000000000000e+00,1.0000000000000000e+00,9.9951247912359487e-01,7.7855558574463091e-01,5.5220033810863356e-01,3.5293734393523546e-01,1.9597651341713454e-01,8.9467346331477640e-02,3.2013264537822106e-02,9.4936433538888414e-03,2.2517096251575943e-03,1.9394007673801788e-06,4.6755435666234813e-34,4.2404527145222086e-68,3.9749114194706833e-107,3.7060044871254125e-151,9.5706635928830660e-201,4.1926688848712054e-269,0.0000000000000000e+00,0.0000000000000000e+00,0.0000000000000000e+00,0.0000000000000000e+00,0.0000000000000000e+00,0.0000000000000000e+00,0.0000000000000000e+00,0.0000000000000000e+00,0.0000000000000000e+00,0.0000000000000000e+00,0.0000000000000000e+00,0.0000000000000000e+00,0.0000000000000000e+00,0.0000000000000000e+00,0.0000000000000000e+00,0.0000000000000000e+00,0.0000000000000000e+00,9.9349890629657876e-173,9.3586201238547095e-115,7.6387014598829929e-67,3.1701390288342252e-28,1.5646945073605582e-02,5.3865261318425832e-02,1.3859904695673056e-01,2.7672441075773579e-01,4.5566818190779940e-01,6.4770675061467009e-01,8.1621925442476695e-01,9.3658459379854897e-01,1.0000000000000000e+00,1.0000000000000000e+00,1.0000000000000000e+00,1.0000000000000000e+00,1.0000000000000000e+00,1.0000000000000000e+00,1.0000000000000000e+00,9.5069209611507177e-01,7.6657351452441225e-01,5.6234650193403002e-01,3.6919529665118939e-01,2.1075484943821279e-01,1.0099515755802962e-01,4.0632275076086265e-02,1.3514781579373048e-02,3.7124592965331956e-03,8.4568570727055646e-04,1.4048889992029072e-07,4.1347987627753803e-11,8.1421985990995487e-06,1.6028354696774501e-02,6.0149751471657326e-02,1.6267796955268693e-01,3.3176496585228277e-01,5.5741348240983957e-01,8.1630907171101741e-01,1.0000000000000000e+00,1.0000000000000000e+00,1.0000000000000000e+00,1.0000000000000000e+00,1.0000000000000000e+00,1.0000000000000000e+00,8.3938357922818874e-01,5.8288939664021300e-01,3.5572170902040523e-01,1.8135460331588515e-01,7.0769477245518977e-02,1.9087754076199091e-02,3.6932695173209273e-03,1.1502785848294467e-05,6.6874017338956728e-26,3.0608377068825721e-67,1.5618493258543896e-128,2.1713482699895849e-213,0.0000000000000000e+00,0.0000000000000000e+00,0.0000000000000000e+00,0.0000000000000000e+00,0.0000000000000000e+00,0.0000000000000000e+00,0.0000000000000000e+00,0.0000000000000000e+00,0.0000000000000000e+00
0.0000000000000000e+00,0.0000000000000000e+00,0.0000000000000000e+00,0.0000000000000000e+00,2.4212501488995369e-238,1.3030011247391946e-161,3.0318831258872196e-98,9.9174018852654159e-49,2.3558658251251641e-12,3.7055231950979387e-03,1.5809166981053377e-02,5.2333791150103642e-02,1.3234095340437804e-01,2.6310150346391270e-01,4.4258112646194070e-01,6.6002595758820726e-01,8.9298106601314786e-01,1.0000000000000000e+00,1.0000000000000000e+00,1.0000000000000000e+00,1.0000000000000000e+00,1.0000000000000000e+00,1.0000000000000000e+00,1.0000000000000000e+00,8.5020403701111502e-01,6.2086404934935535e-01,4.1155703547478190e-01,2.4220046216334271e-01,1.2184891422444805e-01,5.0032350094579132e-02,1.7065065824540725e-02,4.9000719299214972e-03,1.1368800161941999e-03,2.3230066064933315e-14,6.9444659508778415e-43,2.9199227783866237e-76,6.0275529265462975e-115,8.3474760009847048e-160,1.0994455233275514e-211,0.0000000000000000e+00,0.0000000000000000e+00,0.0000000000000000e+00,0.0000000000000000e+00,0.0000000000000000e+00,0.0000000000000000e+00,0.0000000000000000e+00,0.0000000000000000e+00,0.0000000000000000e+00,0.0000000000000000e+00,0.0000000000000000e+00,0.0000000000000000e+00,0.0000000000000000e+00,0.0000000000000000e+00,3.8460548942222350e-251,4.9147837752208729e-149,2.5502197818958871e-95,2.0282039711566814e-51,2.1374218619483730e-16,2.2214306064376483e-02,6.9951406619295095e-02,1.6538029144638999e-01,3.1146765857673436e-01,4.9890814330424094e-01,7.0533445449809162e-01,8.9564323115537903e-01,1.0000000000000000e+00,1.0000000000000000e+00,1.0000000000000000e+00,1.0000000000000000e+00,1.0000000000000000e+00,1.0000000000000000e+00,1.0000000000000000e+00,1.0000000000000000e+00,8.8292877816485771e-01,6.9602924806726962e-01,5.0063237960081808e-01,3.2123666131343809e-01,1.7763889966476690e-01,8.1060522944244595e-02,3.0444400597247047e-02,9.1108426594620154e-03,2.0945242822534012e-03,3.3206036374146215e-05,2.1654582534911958e-13,2.4091394889074432e-27,2.5317083036909540e-40,5.8223985582745586e-40,1.0647309782630340e-30,1.3361862957413501e-13,5.3977151083722613e-02,1.5172123186705547e-01,3.1616794393771863e-01,5.3808137931066735e-01,7.9518493144796498e-01,1.0000000000000000e+00,1.0000000000000000e+00,1.0000000000000000e+00,1.0000000000000000e+00,1.0000000000000000e+00,1.0000000000000000e+00,8.5915937222667416e-01,6.0128995868284230e-01,3.7067470920123036e-01,1.9174017875114169e-01,7.6349976452722262e-02,2.0927511208236174e-02,4.1379316338532660e-03,3.5060303479562674e-05,4.8291335854795215e-25,1.1947881735589224e-66,4.9403855716708693e-128,3.2194213965642775e-210,0.0000000000000000e+00,0.0000000000000000e+00,0.0000000000000000e+00,0.0000000000000000e+00,0.0000000000000000e+00,0.0000000000000000e+00,0.0000000000000000e+00,0.0000000000000000e+00
0.0000000000000000e+00,0.0000000000000000e+00,0.0000000000000000e+00,0.0000000000000000e+00,0.0000000000000000e+00,6.6286582126727760e-258,9.2873895931697564e-184,1.6783512794616752e-117,3.2385748103792920e-64,1.8006688009323123e-23,2.1090914251774328e-03,1.0058407098366414e-02,3.6051177873272659e-02,1.0088358958884114e-01,2.1676446616270301e-01,3.8366762324184173e-01,5.9155871786548941e-01,8.2190653187953766e-01,1.0000000000000000e+00,1.0000000000000000e+00,1.0000000000000000e+00,1.0000000000000000e+00,1.0000000000000000e+00,1.0000000000000000e+00,1.0000000000000000e+00,9.1715976661190790e-01,6.9008659366803604e-01,4.7746700328586950e-01,3.0004224449789141e-01,1.6651702104478883e-01,7.8194885671472994e-02,3.0858254351631781e-02,1.0566458031433364e-02,3.0149394755425436e-03,3.0664503838285156e-04,4.8252962356319349e-21,5.6242715523075748e-50,2.0327796230410926e-84,4.2881030605027867e-125,1.8577668419308190e-173,5.4185489433397873e-232,0.0000000000000000e+00,0.0000000000000000e+00,0.0000000000000000e+00,0.0000000000000000e+00,0.0000000000000000e+00,0.0000000000000000e+00,0.0000000000000000e+00,0.0000000000000000e+00,0.0000000000000000e+00,0.0000000000000000e+00,0.0000000000000000e+00,3.2211323373018642e-187,1.1047522735220475e-126,6.8233499017779988e-77,1.1166800825242093e-36,8.1130062181683838e-05,3.3608445127574535e-02,9.5040204244398560e-02,2.0619853555997511e-01,3.6632346157700080e-01,5.6562408064842307e-01,7.8282531084768892e-01,9.8284722170565064e-01,1.0000000000000000e+00,1.0000000000000000e+00,1.0000000000000000e+00,1.0000000000000000e+00,1.0000000000000000e+00,1.0000000000000000e+00,1.0000000000000000e+00,9.4795530369723913e-01,7.8533311548419582e-01,6.0254009464957925e-01,4.2257879047292979e-01,2.6387798623568348e-01,1.4056420320840265e-01,6.1112208692531547e-02,2.1674372720585009e-02,5.9760845596423624e-03,1.2049066160497288e-03,1.5878486719039863e-07,2.0727233579610466e-19,8.5499213890372512e-39,8.6848010835708561e-65,7.5051423376221517e-91,1.0186545120130691e-96,7.9474091717977330e-84,4.4623340724961609e-60,5.7406287478428063e-29,4.8440644398057224e-02,1.4146531617175270e-01,3.0096452287292497e-01,5.1862178289965322e-01,7.7340940227473509e-01,1.0000000000000000e+00,1.0000000000000000e+00,1.0000000000000000e+00,1.0000000000000000e+00,1.0000000000000000e+00,1.0000000000000000e+00,8.7849818155589521e-01,6.1938045723852875e-01,3.8551506692744802e-01,2.0215957620984273e-01,8.2023604827039229e-02,2.2845785391698594e-02,4.6166959888797451e-03,9.7921304806221848e-05,3.5016876259843213e-24,4.8250089469591700e-66,2.3790316757804399e-127,8.4755336173691892e-208,0.0000000000000000e+00,0.0000000000000000e+00,0.0000000000000000e+00,0.0000000000000000e+00,0.0000000000000000e+00,0.0000000000000000e+00,0.0000000000000000e+00
0.0000000000000000e+00,0.0000000000000000e+00,0.0000000000000000e+00,0.0000000000000000e+00,0.0000000000000000e+00,0.0000000000000000e+00,1.2636147682847415e-281,1.0493635934368208e-207,2.1342466527586766e-138,3.8859972195174995e-81,1.5965851768071701e-36,6.4169569215307256e-05,6.2225316487218053e-03,2.4400482031616409e-02,7.5632346924840235e-02,1.7596643651514296e-01,3.2736358415979061e-01,5.2294020567135391e-01,7.4924339488063529e-01,9.7939729283755028e-01,1.0000000000000000e+00,1.0000000000000000e+00,1.0000000000000000e+00,1.0000000000000000e+00,1.0000000000000000e+00,1.0000000000000000e+00,9.7786417342420917e-01,7.6404222614258765e-01,5.5543639213768137e-01,3.7258066922436356e-01,2.2610034554810665e-01,1.2035999297884090e-01,5.5115390752909874e-02,2.1766655083382404e-02,7.3106262740735631e-03,2.0001847319974842e-03,5.3750551502132394e-06,3.0333813273977957e-28,3.3756136619319834e-59,2.0675776454976830e-96,7.9534241864241979e-141,5.1004852932690977e-194,4.5069337045125254e-314,0.0000000000000000e+00,0.0000000000000000e+00,0.0000000000000000e+00,0.0000000000000000e+00,0.0000000000000000e+00,0.0000000000000000e+00,0.0000000000000000e+00,7.4651981389160588e-302,4.0198157707800506e-161,1.0415731652565108e-105,8.7509685959047158e-60,4.1856344020933952e-23,1.5091543727551228e-02,5.0686538208847803e-02,1.2856473488136369e-01,2.5629127153249426e-01,4.3149130479828895e-01,6.4285357195666082e-01,8.6763841155465926e-01,1.0000000000000000e+00,1.0000000000000000e+00,1.0000000000000000e+00,1.0000000000000000e+00,1.0000000000000000e+00,1.0000000000000000e+00,1.0000000000000000e+00,9.9618267271572880e-01,8.4310469752729078e-01,6.6970651307043361e-01,4.9556927103530268e-01,3.3505656669613471e-01,2.0079073174585352e-01,1.0198444309076093e-01,4.2083847432683875e-02,1.4138819435815079e-02,3.6350783692200039e-03,4.5481072237915437e-04,1.0361508771341384e-10,8.3055115532810212e-26,1.4149763962845482e-49,1.0791700645620226e-82,1.2166686928742732e-125,3.0313661328172391e-198,7.2076912970494189e-186,9.5487428952563999e-166,4.8251047596912100e-128,3.3037350752232433e-79,2.8225456474748977e-33,4.3415136152630505e-02,1.3173795845383468e-01,2.8604641671121867e-01,4.9929433419982139e-01,7.5201298850005982e-01,1.0000000000000000e+00,1.0000000000000000e+00,1.0000000000000000e+00,1.0000000000000000e+00,1.0000000000000000e+00,1.0000000000000000e+00,8.9737992023030133e-01,6.3719965232384068e-01,4.0028065325832041e-01,2.1264366525141415e-01,8.7820530572474617e-02,2.4871563167316466e-02,5.1440807585476367e-03,2.4750435472160431e-04,2.6883072304012811e-23,2.2916274398847673e-65,2.0940905340799511e-126,1.2883140971539748e-205,0.0000000000000000e+00,0.0000000000000000e+00,0.0000000000000000e+00,0.0000000000000000e+00,0.0000000000000000e+00,0.0000000000000000e+00
0.0000000000000000e+00,0.0000000000000000e+00,0.0000000000000000e+00,0.0000000000000000e+00,0.0000000000000000e+00,0.0000000000000000e+00,0.0000000000000000e+00,0.0000000000000000e+00,1.0696651811427215e-232,1.9257648210007687e-160,1.9875040918547000e-99,9.7544688959969850e-51,1.5024459216107382e-14,3.7534899809664175e-03,1.6330175396519285e-02,5.5108744702818714e-02,1.3915239715250113e-01,2.7458599104344755e-01,4.5858405459461143e-01,6.7963895574886457e-01,9.1355335885254629e-01,1.0000000000000000e+00,1.0000000000000000e+00,1.0000000000000000e+00,1.0000000000000000e+00,1.0000000000000000e+00,1.0000000000000000e+00,1.0000000000000000e+00,8.4314588878871599e-01,6.4511344741669585e-01,4.6082977128058666e-01,3.0335231618449643e-01,1.8021682988150017e-01,9.3716131227679439e-02,4.1712607712727529e-02,1.5874066564374369e-02,4.9879518613180282e-03,1.2260390093100503e-03,1.1270003006245952e-10,1.7258827941535679e-38,1.9333649771895156e-72,3.7320178250854254e-113,4.1046648990644402e-162,2.2337698510000200e-220,0.0000000000000000e+00,0.0000000000000000e+00,0.0000000000000000e+00,0.0000000000000000e+00,0.0000000000000000e+00,1.9475647319114036e-198,8.3025989061353037e-137,6.5304523809533280e-86,4.9900745738662039e-44,1.0591671845855106e-10,2.4041718669926784e-02,7.3516923117070740e-02,1.6994344225627980e-01,3.1520659860367373e-01,5.0441860733944965e-01,7.2459180641691268e-01,9.5049198741821939e-01,1.0000000000000000e+00,1.0000000000000000e+00,1.0000000000000000e+00,1.0000000000000000e+00,1.0000000000000000e+00,1.0000000000000000e+00,1.0000000000000000e+00,9.1395465483813265e-01,7.3288234919229800e-01,5.5317652334354450e-01,3.8815914685892106e-01,2.4852488997425104e-01,1.3966708287694365e-01,6.6319885841882364e-02,2.5829776340567177e-02,8.1561616421471014e-03,1.9512001249061882e-03,1.5547559524124273e-05,3.1490569256398278e-15,1.6893655016877901e-33,3.6728070615742217e-61,1.4337101708174433e-100,3.3937131650467320e-154,1.6684440435030697e-308,0.0000000000000000e+00,0.0000000000000000e+00,0.0000000000000000e+00,0.0000000000000000e+00,2.3678004460669582e-267,9.9746785231741470e-84,2.7803121494370628e-34,3.8975736158047301e-02,1.2254067219028006e-01,2.7175692438906296e-01,4.8108123567083716e-01,7.3226552747030316e-01,9.9402206066805809e-01,1.0000000000000000e+00,1.0000000000000000e+00,1.0000000000000000e+00,1.0000000000000000e+00,1.0000000000000000e+00,9.1577384153383967e-01,6.5477502393301756e-01,4.1501353213723952e-01,2.2324598288391476e-01,9.3808674329925915e-02,2.7070849063343169e-02,5.7526601106985091e-03,5.5331115099561858e-04,2.4005482894545103e-22,1.6553953234050445e-64,4.1590378776439743e-125,3.3691885353578050e-203,0.0000000000000000e+00,0.0000000000000000e+00,0.0000000000000000e+00,0.0000000000000000e+00,0.0000000000000000e+00
0.0000000000000000e+00,0.0000000000000000e+00,0.0000000000000000e+00,0.0000000000000000e+00,0.0000000000000000e+00,0.0000000000000000e+00,0.0000000000000000e+00,0.0000000000000000e+00,0.0000000000000000e+00,5.5193109954249983e-259,7.4682215701378597e-184,4.0104852159398691e-119,4.1668972753070182e-66,1.0940677040475647e-25,2.2138515469534502e-03,1.0714554848405793e-02,3.8843067076409422e-02,1.0761023327330536e-01,2.2828625998094862e-01,4.0015848675260751e-01,6.1215379766713784e-01,8.4276151009756028e-01,1.0000000000000000e+00,1.0000000000000000e+00,1.0000000000000000e+00,1.0000000000000000e+00,1.0000000000000000e+00,1.0000000000000000e+00,1.0000000000000000e+00,9.2392659621025552e-01,7.4447812238274125e-01,5.6473108515286152e-01,3.9880571244116464e-01,2.5777583225876233e-01,1.4760752963336626e-01,7.2858874289211922e-02,3.0528407124462878e-02,1.0706071683942208e-02,2.9928930883443275e-03,2.0341066898984763e-04,1.5276756610457560e-21,2.5685213576267387e-52,2.4211660319188082e-89,1.7673389581572410e-133,9.7798863567161084e-185,4.1123407905035510e-283,0.0000000000000000e+00,1.8401375581499264e-279,2.0836361136712709e-167,2.6102232732767015e-113,3.3304424972008764e-67,1.7109516910011521e-29,1.0526502736728676e-02,3.7463154757091138e-02,1.0253524074206187e-01,2.1716512227717191e-01,3.8043201376823377e-01,5.8332774465143833e-01,8.0926932701348231e-01,1.0000000000000000e+00,1.0000000000000000e+00,1.0000000000000000e+00,1.0000000000000000e+00,1.0000000000000000e+00,1.0000000000000000e+00,1.0000000000000000e+00,1.0000000000000000e+00,8.2465392999605203e-01,6.2787060753391877e-01,4.4674999082531441e-01,2.9276272695238786e-01,1.7265720377407356e-01,8.8554553815254816e-02,3.8325977758105222e-02,1.3885185865476227e-02,4.0470641876719938e-03,8.6410168436249705e-04,8.0448544122931316e-09,6.4506534492458560e-22,1.0996655440723185e-43,9.8807675528776563e-76,7.4945759978227601e-120,5.6733839934263947e-195,0.0000000000000000e+00,0.0000000000000000e+00,0.0000000000000000e+00,0.0000000000000000e+00,0.0000000000000000e+00,0.0000000000000000e+00,0.0000000000000000e+00,2.6010099569394995e-270,2.8635888130056368e-84,1.2316167861655734e-34,3.5084032447924171e-02,1.1413275418922655e-01,2.5871259291317583e-01,4.6458390163893992e-01,7.1435308119613583e-01,9.7754567654577340e-01,1.0000000000000000e+00,1.0000000000000000e+00,1.0000000000000000e+00,1.0000000000000000e+00,1.0000000000000000e+00,9.3365091911708120e-01,6.7212668994208891e-01,4.2972573793153679e-01,2.3401783430504808e-01,1.0010951646616807e-01,2.9593844888627069e-02,6.5086337999502464e-03,9.5406393342135258e-04,2.9960461087457704e-21,2.5418316816507704e-63,3.2342110985191059e-123,7.5358508209362136e-200,0.0000000000000000e+00,0.0000000000000000e+00,0.0000000000000000e+00,0.0000000000000000e+00
0.0000000000000000e+00,0.0000000000000000e+00,0.0000000000000000e+00,0.0000000000000000e+00,0.0000000000000000e+00,0.0000000000000000e+00,0.0000000000000000e+00,0.0000000000000000e+00,0.0000000000000000e+00,0.0000000000000000e+00,0.0000000000000000e+00,2.9059024213934205e-208,1.1600672022725191e-139,2.0543310217626225e-82,5.6950549428751226e-38,1.2095036234015839e-05,6.8564832069889425e-03,2.6866776854345492e-02,8.2223298307957840e-02,1.8823679015627365e-01,3.4583174673709149e-01,5.4591372845377883e-01,7.6977319904733954e-01,9.8313510769444989e-01,1.0000000000000000e+00,1.0000000000000000e+00,1.0000000000000000e+00,1.0000000000000000e+00,1.0000000000000000e+00,1.0000000000000000e+00,9.9794755130489243e-01,8.4945835119213176e-01,6.7917756474504554e-01,5.0687133530968354e-01,3.4768490536490054e-01,2.1408958562828170e-01,1.1470320894847305e-01,5.2174954602873809e-02,2.0091652487170885e-02,6.2694925044549316e-03,1.5107543609268951e-03,1.8440570522429207e-08,3.9758128244360379e-35,3.9862073799690017e-68,1.7710474523900721e-106,8.7193938161589390e-148,7.8594197666872586e-168,5.7560430982703927e-136,4.4295381524632159e-90,2.0375892529246390e-49,7.3052044423897356e-16,1.7235973468422802e-02,5.6356173081252466e-02,1.3904481431478763e-01,2.7108290002970542e-01,4.4999182237512347e-01,6.6476675313164613e-01,8.9354684392104355e-01,1.0000000000000000e+00,1.0000000000000000e+00,1.0000000000000000e+00,1.0000000000000000e+00,1.0000000000000000e+00,1.0000000000000000e+00,1.0000000000000000e+00,9.4837555485666392e-01,7.3658561116302834e-01,5.3250814964346205e-01,3.5538872557729967e-01,2.1484664675067197e-01,1.1368913650755912e-01,5.1495818273966536e-02,1.9944585198629256e-02,6.5030102902264774e-03,1.6932471419162508e-03,1.0799414071981690e-05,6.1660589330591790e-15,5.3352260943756864e-32,5.2040593217640811e-58,7.6394109901431939e-96,1.8398881381339516e-142,1.8188370935862590e-257,0.0000000000000000e+00,0.0000000000000000e+00,0.0000000000000000e+00,0.0000000000000000e+00,0.0000000000000000e+00,0.0000000000000000e+00,0.0000000000000000e+00,0.0000000000000000e+00,0.0000000000000000e+00,1.5003482759346940e-255,2.2696269330241278e-84,1.1412275386335605e-34,3.1790693345873554e-02,1.0673564348905575e-01,2.4693906583158179e-01,4.4935732725405630e-01,6.9725036824682063e-01,9.6094112764288420e-01,1.0000000000000000e+00,1.0000000000000000e+00,1.0000000000000000e+00,1.0000000000000000e+00,1.0000000000000000e+00,9.5087174556775067e-01,6.8915757627171992e-01,4.4440576798851600e-01,2.4512742782412639e-01,1.0703689635590928e-01,3.2762098419969812e-02,7.5258564654446837e-03,1.1855239856533187e-03,7.5044529478700368e-20,1.5436112181614542e-61,2.7426979715811177e-120,7.1274735772145843e-195,0.0000000000000000e+00,0.0000000000000000e+00,0.0000000000000000e+00
0.0000000000000000e+00,0.0000000000000000e+00,0.0000000000000000e+00,0.0000000000000000e+00,0.0000000000000000e+00,0.0000000000000000e+00,0.0000000000000000e+00,0.0000000000000000e+00,0.0000000000000000e+00,0.0000000000000000e+00,0.0000000000000000e+00,0.0000000000000000e+00,5.9480248529621417e-231,1.6139456770488232e-160,1.1486220841352060e-99,3.4611377339838619e-51,5.7513381174872355e-15,4.3218981325124951e-03,1.8662914391782148e-02,6.2243895992207185e-02,1.5371678334951075e-01,2.9772699910403466e-01,4.8711085618531513e-01,7.0179009521825886e-01,9.0717620541952926e-01,1.0000000000000000e+00,1.0000000000000000e+00,1.0000000000000000e+00,1.0000000000000000e+00,1.0000000000000000e+00,1.0000000000000000e+00,1.0000000000000000e+00,9.4732167022865543e-01,7.9174708738436816e-01,6.1597772040178245e-01,4.4179237317426706e-01,2.8683634294005805e-01,1.6376808639214455e-01,8.0297215228628385e-02,3.3602181271501282e-02,1.1585866172109310e-02,3.1841258324745588e-03,3.1398905185961321e-04,6.2387728929401889e-20,2.3498994190558727e-48,9.2103638196697649e-79,7.1201678677621306e-91,1.2522703740331004e-65,5.3330133039166006e-32,4.8193021683947800e-03,2.7526219251456457e-02,8.0944663783482224e-02,1.8225019581630925e-01,3.3245849593197246e-01,5.2540055241459382e-01,7.4770638497182262e-01,9.7379723991503198e-01,1.0000000000000000e+00,1.0000000000000000e+00,1.0000000000000000e+00,1.0000000000000000e+00,1.0000000000000000e+00,1.0000000000000000e+00,1.0000000000000000e+00,8.7191399686450477e-01,6.5221808733902487e-01,4.4873347675590713e-01,2.8001227505649245e-01,1.5428798586616826e-01,7.2011658389551758e-02,2.8198211078322582e-02,9.5513429029397603e-03,2.6804729026996764e-03,2.6596762770503968e-04,5.8285943373896898e-11,5.7841427825013211e-25,4.7666536160166089e-47,7.0855046635956253e-80,5.3566082672017473e-121,2.1697073268118652e-175,0.0000000000000000e+00,0.0000000000000000e+00,0.0000000000000000e+00,0.0000000000000000e+00,0.0000000000000000e+00,0.0000000000000000e+00,0.0000000000000000e+00,0.0000000000000000e+00,0.0000000000000000e+00,0.0000000000000000e+00,0.0000000000000000e+00,0.0000000000000000e+00,7.0083719577417179e-243,2.6171486333753320e-84,1.7137389480776352e-34,2.9056189553939668e-02,1.0007882734462409e-01,2.3580416674167939e-01,4.3442503013537814e-01,6.7995819869730045e-01,9.4366455272211813e-01,1.0000000000000000e+00,1.0000000000000000e+00,1.0000000000000000e+00,1.0000000000000000e+00,1.0000000000000000e+00,9.6715237042077273e-01,7.0591303578248965e-01,4.5961654695904547e-01,2.5742542472192731e-01,1.1539347990307869e-01,3.7067134732222208e-02,8.9819515063008035e-03,1.5319018687692161e-03,6.5053594014956650e-18,8.9260631362559734e-59,8.7013365238554018e-116,4.4340489724631074e-187,0.0000000000000000e+00,0.0000000000000000e+00
0.0000000000000000e+00,0.0000000000000000e+00,0.0000000000000000e+00,0.0000000000000000e+00,0.0000000000000000e+00,0.0000000000000000e+00,0.0000000000000000e+00,0.0000000000000000e+00,0.0000000000000000e+00,0.0000000000000000e+00,0.0000000000000000e+00,0.0000000000000000e+00,0.0000000000000000e+00,1.2682766577111829e-246,1.2223656009184734e-181,1.3670748047627956e-117,4.2059766390255790e-65,4.6870213295005986e-25,2.7832040233034105e-03,1.3458205760078262e-02,4.8154472842664296e-02,1.2871871698676615e-01,2.6426773916559249e-01,4.4579595245917741e-01,6.4845159957599274e-01,8.3510857774645042e-01,9.7219556932551177e-01,1.0000000000000000e+00,1.0000000000000000e+00,1.0000000000000000e+00,1.0000000000000000e+00,1.0000000000000000e+00,1.0000000000000000e+00,1.0000000000000000e+00,8.8466119934019927e-01,7.1310173134154464e-01,5.3034035174077343e-01,3.5854717183556278e-01,2.1578007609129646e-01,1.1306398971013415e-01,5.1039112020997278e-02,1.9417016624041765e-02,6.1346039190952623e-03,1.5974246143226406e-03,2.5678873835306979e-07,8.6904764128551949e-28,1.2298926017134321e-33,6.7275796788550288e-14,1.3240786842377745e-02,4.3314902711499986e-02,1.1260666494364417e-01,2.3138770446698895e-01,3.9871538022058739e-01,6.0504442067916253e-01,8.3227380851450949e-01,1.0000000000000000e+00,1.0000000000000000e+00,1.0000000000000000e+00,1.0000000000000000e+00,1.0000000000000000e+00,1.0000000000000000e+00,1.0000000000000000e+00,9.9871410813871420e-01,7.9022335576044989e-01,5.7102781856217244e-01,3.7574930184063271e-01,2.1933077820882149e-01,1.0899140038203893e-01,4.4349236731786708e-02,1.5066060410454780e-02,4.3074109430713643e-03,9.9260174924461261e-04,3.1962165546629134e-08,2.5870833360251733e-20,3.6273686253094377e-40,9.5127798344865022e-70,6.9883923422596387e-108,6.3336398951287721e-152,5.2363397387405310e-240,0.0000000000000000e+00,0.0000000000000000e+00,0.0000000000000000e+00,0.0000000000000000e+00,0.0000000000000000e+00,0.0000000000000000e+00,0.0000000000000000e+00,0.0000000000000000e+00,0.0000000000000000e+00,0.0000000000000000e+00,0.0000000000000000e+00,0.0000000000000000e+00,0.0000000000000000e+00,0.0000000000000000e+00,5.1903293545062050e-231,4.7192834121877318e-84,3.8948448316993517e-34,2.6693209506737127e-02,9.3777563934184530e-02,2.2483173565973977e-01,4.1940717548872469e-01,6.6236843083653696e-01,9.2576915057647735e-01,1.0000000000000000e+00,1.0000000000000000e+00,1.0000000000000000e+00,1.0000000000000000e+00,1.0000000000000000e+00,9.8271989297870765e-01,7.2354449235602081e-01,4.7688102920185282e-01,2.7232691400391568e-01,1.2620225801230442e-01,4.3066592906087685e-02,1.1135717105036707e-02,2.0873984013991239e-03,3.5988476706264409e-15,1.0775492600113024e-54,7.6845011770894620e-109,2.0909360386045227e-174,5.4478947370057632e-255
2.6037341940350710e-235,2.5637459484987805e-235,5.5546488477953120e-239,1.3055545959108558e-240,3.6298614851160361e-236,1.5730785352758352e-227,1.1294042553398727e-216,4.0123993916037272e-205,2.3801967772537716e-191,3.1665079038029191e-179,1.8870072867987612e-167,2.5247603472217717e-157,3.1562614291610105e-149,6.2059804403106527e-143,2.4143720888482087e-137,8.7377970733865938e-131,8.6279163394799486e-118,2.1583924906333038e-77,3.8439501603432441e-34,2.0591934458272882e-03,1.1331831110872850e-02,4.3272693757177773e-02,1.2162584176613625e-01,2.5605385693955457e-01,4.3212818231584288e-01,6.1724845729978051e-01,7.7453773034069218e-01,8.8205282536210161e-01,9.4757965292235014e-01,9.9685412136939233e-01,1.0000000000000000e+00,1.0000000000000000e+00,1.0000000000000000e+00,1.0000000000000000e+00,1.0000000000000000e+00,9.4628644508111281e-01,7.8730463837090592e-01,6.0455481885034990e-01,4.2363743082709981e-01,2.6669466418067372e-01,1.4827116037770655e-01,7.2195879663943432e-02,3.0392121618255573e-02,1.0864567811520977e-02,3.5069126997164992e-03,2.5948570354695391e-03,7.2966119410827791e-03,2.3214581349952676e-02,6.6413948860870625e-02,1.5343113389262233e-01,2.8887465309875182e-01,4.7011015044871118e-01,6.8618686513596483e-01,9.1479225770681327e-01,1.0000000000000000e+00,1.0000000000000000e+00,1.0000000000000000e+00,1.0000000000000000e+00,1.0000000000000000e+00,1.0000000000000000e+00,1.0000000000000000e+00,9.3113950645640564e-01,7.0785202834197958e-01,4.9321326574781593e-01,3.1007662431177579e-01,1.6971767542330821e-01,7.6129959847174716e-02,2.6955034964762661e-02,7.9658312142716001e-03,1.8888183399663706e-03,1.1480653876406801e-05,1.1550565181674764e-15,5.3089795950592583e-34,2.5401122768905798e-61,2.0573089745006994e-98,1.4859461849564220e-141,1.5261816786150479e-196,0.0000000000000000e+00,0.0000000000000000e+00,0.0000000000000000e+00,0.0000000000000000e+00,0.0000000000000000e+00,0.0000000000000000e+00,0.0000000000000000e+00,0.0000000000000000e+00,0.0000000000000000e+00,0.0000000000000000e+00,0.0000000000000000e+00,0.0000000000000000e+00,0.0000000000000000e+00,0.0000000000000000e+00,0.0000000000000000e+00,0.0000000000000000e+00,0.0000000000000000e+00,1.6484832767132574e-216,4.2189741401279149e-83,3.6717793399001212e-33,2.4527811436350050e-02,8.7672419179771435e-02,2.1394719944649546e-01,4.0431538713833493e-01,6.4450396736943016e-01,9.0727479607283601e-01,1.0000000000000000e+00,1.0000000000000000e+00,1.0000000000000000e+00,1.0000000000000000e+00,1.0000000000000000e+00,9.9721935161140407e-01,7.4349023576180162e-01,4.9768598719858431e-01,2.9109158638207439e-01,1.4037830327012776e-01,5.1413498213315811e-02,1.4330687748599595e-02,2.9790233094517714e-03,1.8851288350365110e-11,1.0820101646153357e-48,5.3479694780332957e-98,3.0940894569013756e-156
1.4029544342976114e-75,4.9401754405036419e-75,2.3621136265413472e-77,1.6449455592040640e-77,4.6683408115324492e-77,2.5089398994234412e-76,6.1082047518413983e-75,2.8137647743164017e-73,3.4328658272623522e-71,7.8648804328741966e-69,2.4923633064255318e-66,1.0602677691568131e-63,5.4136474484007765e-61,2.6788933034297622e-58,1.1635909780413362e-55,4.7532143806454188e-53,2.3741821644668442e-50,3.1895539797475519e-47,4.1871272756571409e-42,4.0367415173234731e-26,2.7745505539919931e-03,1.5023164272923025e-02,5.4547057530723038e-02,1.4254197896259885e-01,2.8234601043729624e-01,4.5060695378112120e-01,6.0977706286997779e-01,7.3058825131658378e-01,8.0630358668088009e-01,8.5336686939977768e-01,8.9785753743845254e-01,9.5369338033036621e-01,1.0000000000000000e+00,1.0000000000000000e+00,1.0000000000000000e+00,1.0000000000000000e+00,9.7419970896236652e-01,8.3474204582479694e-01,6.6089577224357121e-01,4.7904878047509225e-01,3.1447845156550369e-01,1.8473352010016511e-01,9.5767110341723583e-02,4.3311844975954771e-02,1.9748373637045711e-02,1.9007147557357985e-02,4.1439187953170274e-02,9.9304774441199881e-02,2.0376664370208164e-01,3.5566607863206434e-01,5.4867277717800189e-01,7.6947938792102355e-01,9.9218421486943176e-01,1.0000000000000000e+00,1.0000000000000000e+00,1.0000000000000000e+00,1.0000000000000000e+00,1.0000000000000000e+00,1.0000000000000000e+00,1.0000000000000000e+00,8.5146401058140309e-01,6.2790749113151634e-01,4.2138394765162779e-01,2.5149776884799385e-01,1.2792096523104982e-01,5.1909169832247602e-02,1.6358002243549614e-02,4.1888008496161373e-03,7.4912925689426602e-04,3.3153171801770747e-10,5.8564012264374278e-26,1.8904187334617710e-51,3.0232210208746013e-87,7.2501327916156752e-131,8.5681892626476916e-180,4.5246218224859941e-303,0.0000000000000000e+00,0.0000000000000000e+00,0.0000000000000000e+00,0.0000000000000000e+00,0.0000000000000000e+00,0.0000000000000000e+00,0.0000000000000000e+00,0.0000000000000000e+00,0.0000000000000000e+00,0.0000000000000000e+00,0.0000000000000000e+00,0.0000000000000000e+00,0.0000000000000000e+00,0.0000000000000000e+00,0.0000000000000000e+00,0.0000000000000000e+00,0.0000000000000000e+00,0.0000000000000000e+00,0.0000000000000000e+00,1.0500461441582894e-186,5.8187016094011196e-78,2.4733043041591155e-29,2.2477953141226508e-02,8.1703147126066314e-02,2.0314047712599359e-01,3.8916741488561712e-01,6.2636606383603577e-01,8.8812672867591869e-01,1.0000000000000000e+00,1.0000000000000000e+00,1.0000000000000000e+00,1.0000000000000000e+00,1.0000000000000000e+00,1.0000000000000000e+00,7.6666469448598129e-01,5.2320344638432426e-01,3.1488008509825555e-01,1.5902069618441894e-01,6.2806737454623243e-02,1.8934067928503460e-02,4.3593464948274464e-03,1.4674625600117723e-06,9.3943362850145743e-40,1.9446729616580408e-83
1.2659616897946106e-06,5.7686876325317558e-06,5.5501846350975566e-08,2.4166875287763470e-08,3.2733758377712793e-08,7.6559405000002532e-08,3.9639025583083020e-07,2.8967543295510082e-06,3.0331968486015267e-05,5.0167508081661407e-04,2.2294972696614295e-03,2.2808110938877862e-03,2.2809728822682082e-03,2.2829782537326553e-03,2.2893760492256965e-03,2.3045097882290070e-03,2.3369433336301584e-03,2.4046697886777662e-03,2.5509860583750612e-03,2.9311547071293916e-03,4.4627958319837218e-03,1.1514800328052651e-02,3.6105113365774696e-02,9.6343175315777546e-02,2.0375222686532243e-01,3.4867618904465131e-01,5.0008320910601523e-01,6.2483053351388851e-01,7.0717554273939010e-01,7.5329294961612092e-01,7.8278874020865696e-01,8.1638375965215837e-01,8.6657227906498557e-01,9.3193302433794833e-01,9.9531324512339681e-01,1.0000000000000000e+00,1.0000000000000000e+00,9.7681042654293782e-01,8.5988247326989431e-01,7.0024478573285154e-01,5.2308598150638397e-01,3.5392717528579254e-01,2.1393552565380403e-01,1.1765568363040878e-01,7.2628321243123489e-02,8.2040680156107548e-02,1.4754737798363995e-01,2.6556498944220996e-01,4.3018566096815347e-01,6.3195392613565760e-01,8.5337549261106405e-01,1.0000000000000000e+00,1.0000000000000000e+00,1.0000000000000000e+00,1.0000000000000000e+00,1.0000000000000000e+00,1.0000000000000000e+00,1.0000000000000000e+00,9.8571529285646520e-01,7.6838736422842013e-01,5.4912841139042901e-01,3.5524734822019427e-01,2.0099810992444800e-01,9.3964397972845753e-02,3.4186232982226269e-02,9.8184804870364312e-03,2.1873461193939771e-03,1.5340651533018328e-05,1.0630420234748850e-16,1.8842134439093395e-38,2.6571068005021063e-71,4.5433008725431872e-115,2.8505350739429684e-165,2.8940081760973923e-253,0.0000000000000000e+00,0.0000000000000000e+00,0.0000000000000000e+00,0.0000000000000000e+00,0.0000000000000000e+00,0.0000000000000000e+00,0.0000000000000000e+00,0.0000000000000000e+00,0.0000000000000000e+00,0.0000000000000000e+00,0.0000000000000000e+00,0.0000000000000000e+00,0.0000000000000000e+00,0.0000000000000000e+00,0.0000000000000000e+00,0.0000000000000000e+00,0.0000000000000000e+00,0.0000000000000000e+00,0.0000000000000000e+00,0.0000000000000000e+00,0.0000000000000000e+00,0.0000000000000000e+00,5.9820111722506471e-148,3.3477194907419372e-71,4.5499425317733741e-24,2.0520267656875358e-02,7.5861953543171878e-02,1.9243824758492323e-01,3.7403120402861845e-01,6.0800854518610381e-01,8.6812949268752504e-01,1.0000000000000000e+00,1.0000000000000000e+00,1.0000000000000000e+00,1.0000000000000000e+00,1.0000000000000000e+00,1.0000000000000000e+00,7.9387367818458077e-01,5.5461583513473633e-01,3.4487128170522746e-01,1.8279968013574643e-01,7.7480674756465695e-02,2.5120502458336264e-02,6.4931849485304529e-03,1.3324075021314099e-03,1.2838154341150285e-28
3.1189329290424013e-02,3.2317820573444671e-02,2.9638228071483926e-02,2.8891491815190719e-02,2.8860027936674193e-02,2.8802715166653163e-02,2.8759208843450217e-02,2.8734237567162507e-02,2.8717299104614794e-02,2.8703315241154239e-02,2.8690713994928688e-02,2.8679826850282392e-02,2.8673136321066914e-02,2.8676532212266966e-02,2.8701681165498493e-02,2.8770484645102467e-02,2.8923898416404747e-02,2.9240901362479033e-02,2.9884262822946504e-02,3.1230118020481371e-02,3.4323663208143340e-02,4.2376747776374166e-02,6.3588572210769148e-02,1.1145485053332597e-01,1.9702646364780060e-01,3.1727470854475587e-01,4.5139536979003353e-01,5.7020540387170526e-01,6.5340131981302196e-01,6.9872025939077198e-01,7.1877834395593654e-01,7.3115763628438279e-01,7.5134696810365575e-01,7.9141743259167741e-01,8.5351868626569760e-01,9.2409740599216905e-01,9.7969366376666989e-01,9.9810939500930207e-01,9.6232353203063847e-01,8.6407708356543567e-01,7.1560560398417639e-01,5.3990109602665681e-01,3.7049811741406441e-01,2.4480019326783858e-01,1.9392758431319493e-01,2.3071412393989363e-01,3.4379807062409856e-01,5.1267308030283398e-01,7.1578414949371871e-01,9.3131697839541550e-01,1.0000000000000000e+00,1.0000000000000000e+00,1.0000000000000000e+00,1.0000000000000000e+00,1.0000000000000000e+00,1.0000000000000000e+00,1.0000000000000000e+00,9.1013071182760830e-01,6.8607648389231302e-01,4.7308477019570960e-01,2.9299932455300326e-01,1.5658722033697639e-01,6.7197247834117499e-02,2.1955256222039282e-02,5.7371028279277489e-03,1.1207555609157856e-03,7.0922487347638259e-09,7.4028336046890637e-25,1.1857649627045466e-52,4.8073182821408913e-93,2.3952143530386466e-143,5.1915839677859495e-207,0.0000000000000000e+00,0.0000000000000000e+00,0.0000000000000000e+00,0.0000000000000000e+00,0.0000000000000000e+00,0.0000000000000000e+00,0.0000000000000000e+00,0.0000000000000000e+00,0.0000000000000000e+00,0.0000000000000000e+00,0.0000000000000000e+00,0.0000000000000000e+00,0.0000000000000000e+00,0.0000000000000000e+00,0.0000000000000000e+00,0.0000000000000000e+00,0.0000000000000000e+00,0.0000000000000000e+00,0.0000000000000000e+00,0.0000000000000000e+00,0.0000000000000000e+00,0.0000000000000000e+00,0.0000000000000000e+00,0.0000000000000000e+00,0.0000000000000000e+00,2.6651759530590814e-128,2.1555205843346406e-66,5.7421377072307215e-21,1.8667103787934281e-02,7.0205593397867888e-02,1.8199330249585777e-01,3.5916641299710156e-01,5.8951204377823208e-01,8.4650376361093049e-01,1.0000000000000000e+00,1.0000000000000000e+00,1.0000000000000000e+00,1.0000000000000000e+00,1.0000000000000000e+00,1.0000000000000000e+00,8.2621584565235751e-01,5.9261507013457049e-01,3.8074152769649350e-01,2.1072109128642513e-01,9.4578535511066639e-02,3.3303133355855247e-02,1.0031591157526097e-02,2.4580798389339286e-03
1.4968285990534189e-01,1.5339887868130342e-01,1.4831669152789306e-01,1.4513254409055332e-01,1.4515510824923902e-01,1.4508923981824251e-01,1.4499687682940621e-01,1.4493316059652087e-01,1.4488765571754220e-01,1.4484753402363426e-01,1.4480867848525600e-01,1.4477223465561001e-01,1.4474474124253595e-01,1.4474140757402701e-01,1.4479193600771939e-01,1.4495056671812148e-01,1.4531416476805240e-01,1.4605634825022262e-01,1.4749698512173176e-01,1.5025438167848176e-01,1.5556299131090917e-01,1.6589820133725894e-01,1.8612586474370543e-01,2.2412177393139901e-01,2.8742666589981680e-01,3.7600970331505129e-01,4.7788240386712516e-01,5.7298626638325245e-01,6.4358471639741599e-01,6.8269104689261495e-01,6.9481609427478674e-01,6.9230505365316586e-01,6.8961889329892512e-01,6.9975295832252316e-01,7.3220929295876236e-01,7.9068123973516835e-01,8.6343256424715009e-01,9.2704947474268995e-01,9.5575456567626327e-01,9.2917287050970243e-01,8.3816949907955762e-01,6.9615187213079344e-01,5.4085310048657986e-01,4.2504135099965162e-01,3.9348347012952672e-01,4.5952580032296791e-01,6.0504023678109964e-01,7.9621810958167993e-01,9.9676955683157764e-01,1.0000000000000000e+00,1.0000000000000000e+00,1.0000000000000000e+00,1.0000000000000000e+00,1.0000000000000000e+00,1.0000000000000000e+00,1.0000000000000000e+00,8.2957643518119284e-01,6.0680068376787821e-01,4.0312973609650044e-01,2.3705610420821779e-01,1.1770071168123371e-01,4.6069402649314695e-02,1.3804258751842201e-02,3.2400123223063687e-03,1.9703359237138130e-04,8.6070801930739717e-14,9.3372192140767944e-35,1.4797745701650580e-68,1.1078859558464962e-115,5.6600405280498542e-171,1.1123633645983878e-293,0.0000000000000000e+00,0.0000000000000000e+00,0.0000000000000000e+00,0.0000000000000000e+00,0.0000000000000000e+00,0.0000000000000000e+00,0.0000000000000000e+00,0.0000000000000000e+00,0.0000000000000000e+00,0.0000000000000000e+00,0.0000000000000000e+00,0.0000000000000000e+00,0.0000000000000000e+00,0.0000000000000000e+00,0.0000000000000000e+00,0.0000000000000000e+00,0.0000000000000000e+00,0.0000000000000000e+00,0.0000000000000000e+00,0.0000000000000000e+00,0.0000000000000000e+00,0.0000000000000000e+00,0.0000000000000000e+00,0.0000000000000000e+00,0.0000000000000000e+00,0.0000000000000000e+00,1.1040063756248164e-311,6.7599737953047817e-123,5.0676428508790929e-64,1.8577269732241945e-19,1.6978188738487415e-02,6.4945290471962597e-02,1.7230689423293205e-01,3.4521506528482776e-01,5.7083634337394129e-01,8.2170683597638960e-01,1.0000000000000000e+00,1.0000000000000000e+00,1.0000000000000000e+00,1.0000000000000000e+00,1.0000000000000000e+00,1.0000000000000000e+00,8.6323092923662093e-01,6.3491310474015339e-01,4.1928261350281321e-01,2.3952350289866481e-01,1.1412824940721877e-01,4.5184292191626590e-02,1.5396381144214452e-02
4.1580261088986398e-01,4.2092880175078429e-01,4.1721247573581427e-01,4.1293973183769128e-01,4.1307074159998097e-01,4.1307592295042678e-01,4.1299118036727162e-01,4.1290859682683534e-01,4.1284469804064677e-01,4.1278526958523265e-01,4.1272442357021488e-01,4.1266381585060907e-01,4.1261239241591541e-01,4.1259058952295480e-01,4.1263790091615221e-01,4.1282480969240470e-01,4.1327173567488396e-01,4.1417841902544578e-01,4.1587169691950598e-01,4.1889801622601908e-01,4.2416905058467275e-01,4.3304050248365117e-01,4.4737243494372564e-01,4.6990269857007272e-01,5.0381051917293662e-01,5.4980002382734794e-01,6.0308938779989996e-01,6.5403587262566076e-01,6.9236446435441634e-01,7.1176156340974539e-01,7.1198978791027845e-01,6.9841807419320201e-01,6.8037172415745151e-01,6.6910745146336714e-01,6.7464548700083760e-01,7.0411123316191859e-01,7.5957370187203299e-01,8.2928742926735344e-01,8.9042486279446198e-01,9.1748505617941412e-01,8.9191909628475385e-01,8.1425136603567327e-01,7.1500722006829565e-01,6.4381069038738414e-01,6.4509544004012043e-01,7.3090188469891426e-01,8.7947928954172283e-01,1.0000000000000000e+00,1.0000000000000000e+00,1.0000000000000000e+00,1.0000000000000000e+00,1.0000000000000000e+00,1.0000000000000000e+00,1.0000000000000000e+00,9.6438068317889569e-01,7.4677307898227874e-01,5.2936300409031645e-01,3.3870696501541148e-01,1.8875693398731785e-01,8.6143162087368857e-02,3.0289968601255924e-02,8.4052810285098391e-03,1.7636330195721606e-03,1.2541965539617310e-06,2.3574047741946431e-20,1.3622893603830352e-46,7.8686261938165689e-87,3.5607646145494414e-137,1.3220495840091775e-182,1.2029559538276177e-216,8.1147721958615487e-240,5.8301916857980350e-248,8.5200567572642850e-244,2.3088053735303056e-239,1.7008367518985287e-235,1.0893923087750966e-231,6.0486177574672944e-228,2.5855497120331447e-224,7.3266972425289048e-221,8.3465779292196749e-218,4.1894663702046337e-215,9.4356191538606764e-213,1.4139287008460759e-210,1.5289435923497039e-208,1.2053322592533977e-206,7.1170607522741272e-205,3.2626381930429975e-203,1.2212835482184723e-201,4.0007536100176667e-200,1.2544073508617299e-198,4.6319470311072501e-197,3.5206074596616458e-195,7.2704045592563346e-193,3.1778784277101752e-190,1.5008762208589072e-187,4.9140786261071647e-185,1.6447060668772282e-182,6.4094829796343352e-180,5.8558079496010647e-168,1.0027825313893278e-118,2.4801953012709343e-62,2.5108646207987244e-18,1.5657053864451705e-02,6.0766954921684380e-02,1.6481454825172834e-01,3.3388924306257661e-01,5.5355141213981951e-01,7.9492861195285391e-01,1.0000000000000000e+00,1.0000000000000000e+00,1.0000000000000000e+00,1.0000000000000000e+00,1.0000000000000000e+00,1.0000000000000000e+00,9.0050128068489010e-01,6.7540006008700748e-01,4.5249518147287388e-01,2.6669840636558317e-01,1.3878043559640427e-01,6.0534760519146268e-02
8.2762825322940536e-01,8.2925909155043764e-01,8.2781056625439398e-01,8.2692617375023247e-01,8.2719628612367646e-01,8.2733031821732317e-01,8.2733189663650841e-01,8.2729576944921013e-01,8.2725900497711868e-01,8.2721579835014447e-01,8.2716258413002508e-01,8.2709881223126491e-01,8.2702680421453034e-01,8.2695377883037602e-01,8.2689532524532028e-01,8.2687924895537090e-01,8.2694829332807529e-01,8.2715668377450113e-01,8.2755416215482624e-01,8.2816660855247692e-01,8.2900228598416437e-01,8.3001049600552557e-01,8.3082406553215848e-01,8.3082024630321338e-01,8.2995293953023463e-01,8.2899075906615882e-01,8.2816975096842871e-01,8.2611630271533754e-01,8.2065681211851393e-01,8.0947543640400443e-01,7.9149061028386514e-01,7.6735620691893358e-01,7.4060077696109072e-01,7.1717862365371099e-01,7.0494813033909798e-01,7.1102534389558225e-01,7.3986598315444885e-01,7.9057819869882573e-01,8.5297597047543172e-01,9.0783735913534580e-01,9.3472974707242262e-01,9.2609832957572247e-01,8.9657643305093782e-01,8.8019217790559645e-01,9.0939495659349467e-01,9.9073189945375462e-01,1.0000000000000000e+00,1.0000000000000000e+00,1.0000000000000000e+00,1.0000000000000000e+00,1.0000000000000000e+00,1.0000000000000000e+00,1.0000000000000000e+00,8.8484997232031293e-01,6.6587575212322558e-01,4.5607057482258390e-01,2.7894958929111258e-01,1.4635718776989795e-01,6.1312757541780533e-02,1.9470864743824395e-02,4.9265218493870604e-03,9.1206093274201006e-04,2.2307511520125020e-10,1.0879370059308973e-28,4.1062458638616543e-58,6.0538393156885478e-90,5.1079717040714754e-115,2.9015118728044857e-132,1.9608642829168757e-140,7.5267785050580726e-140,9.4153770720616215e-138,1.4808887593385446e-135,2.8564646882658846e-133,6.7466956262249985e-131,1.3198511306743999e-128,3.5604234852560619e-126,1.2163418417801488e-123,4.6225359107828209e-121,1.8530762653585896e-118,5.7069909193210214e-116,9.0298916024513517e-114,9.0547831695054809e-112,5.3688162241976713e-110,2.3994325836585720e-108,8.0577310566009874e-107,2.0613733466583608e-105,4.0968047987114649e-104,6.5076291725511936e-103,8.7215973191989387e-102,1.1216177458585228e-100,1.7701143400310245e-99,4.3884058657036165e-98,1.7627045932692538e-96,6.7373619990613086e-95,2.3993706911509226e-93,7.4502358140797098e-92,1.7857080676790733e-90,4.5506183105105019e-89,1.3926022049302661e-87,7.9969374474011787e-86,6.1248172412877272e-81,7.5497575206018423e-56,1.2134258345963868e-16,1.5535845003824093e-02,6.0109788873823254e-02,1.6390198395176220e-01,3.3090783611794483e-01,5.4336506344908087e-01,7.7013973503927258e-01,9.7530653562546321e-01,1.0000000000000000e+00,1.0000000000000000e+00,1.0000000000000000e+00,1.0000000000000000e+00,1.0000000000000000e+00,9.2930926129077795e-01,7.0051134119022151e-01,4.7491379409549239e-01,2.9644961560663069e-01,1.6511932708037932e-01
1.0000000000000000e+00,1.0000000000000000e+00,1.0000000000000000e+00,1.0000000000000000e+00,1.0000000000000000e+00,1.0000000000000000e+00,1.0000000000000000e+00,1.0000000000000000e+00,1.0000000000000000e+00,1.0000000000000000e+00,1.0000000000000000e+00,1.0000000000000000e+00,1.0000000000000000e+00,1.0000000000000000e+00,1.0000000000000000e+00,1.0000000000000000e+00,1.0000000000000000e+00,1.0000000000000000e+00,1.0000000000000000e+00,1.0000000000000000e+00,1.0000000000000000e+00,1.0000000000000000e+00,1.0000000000000000e+00,1.0000000000000000e+00,1.0000000000000000e+00,1.0000000000000000e+00,1.0000000000000000e+00,1.0000000000000000e+00,1.0000000000000000e+00,1.0000000000000000e+00,9.6939933381960952e-01,9.3192445686505998e-01,8.9589504442615708e-01,8.6389802970404117e-01,8.4016322639833640e-01,8.2986941096010813e-01,8.3776479729271047e-01,8.6683583987496682e-01,9.1603391401200185e-01,9.7683833568771916e-01,1.0000000000000000e+00,1.0000000000000000e+00,1.0000000000000000e+00,1.0000000000000000e+00,1.0000000000000000e+00,1.0000000000000000e+00,1.0000000000000000e+00,1.0000000000000000e+00,1.0000000000000000e+00,1.0000000000000000e+00,1.0000000000000000e+00,9.9728785929778319e-01,8.0532803869481373e-01,5.9044141018559959e-01,3.9091562461799395e-01,2.2739559980490417e-01,1.1054235984850554e-01,4.2150155510469939e-02,1.2391545304002386e-02,2.8587707152510100e-03,1.2270134779608389e-04,2.6419697273389519e-13,8.6087523699621373e-27,4.3923296156006963e-41,9.5216549983528333e-53,3.3970766485461776e-58,1.7601879420784986e-58,2.0126807323335835e-57,3.7439862275300616e-56,7.9532673820981735e-55,1.4492966008538821e-53,2.7187462295204387e-52,5.5867217228976831e-51,1.2733872225539870e-49,2.3810248416966723e-48,4.8794797514205355e-47,1.0966881074734537e-45,2.3043679550387160e-44,5.1642903046581566e-43,1.1681158608424623e-41,2.0101155186193549e-40,3.0453657415190127e-39,3.5735580603848950e-38,3.8493828530595546e-37,3.3754534561243978e-36,2.4901534796023730e-35,1.6981051141719226e-34,1.0818836148494078e-33,6.5799884033886735e-33,3.9620651624285437e-32,2.5109602207529518e-31,1.7838114318009240e-30,1.4191857310057906e-29,1.0075747664229608e-28,6.8073376785377569e-28,4.5311465341932187e-27,2.9529226459121950e-26,1.6639787415667039e-25,9.7247438251360617e-25,6.5015285548383979e-24,6.2110622760817322e-23,1.7004449402047128e-21,1.6872291405920396e-17,2.7054585680052518e-03,2.1279323470529004e-02,7.1550521388963645e-02,1.8069043481593977e-01,3.4705755939168692e-01,5.4746278794900693e-01,7.5108102496517259e-01,9.3208158638368721e-01,1.0000000000000000e+00,1.0000000000000000e+00,1.0000000000000000e+00,1.0000000000000000e+00,1.0000000000000000e+00,9.3961605868288944e-01,7.1195025168845183e-01,5.0673765326445463e-01,3.3485022184524044e-01
1.0000000000000000e+00,1.0000000000000000e+00,1.0000000000000000e+00,1.0000000000000000e+00,1.0000000000000000e+00,1.0000000000000000e+00,1.0000000000000000e+00,1.0000000000000000e+00,1.0000000000000000e+00,1.0000000000000000e+00,1.0000000000000000e+00,1.0000000000000000e+00,1.0000000000000000e+00,1.0000000000000000e+00,1.0000000000000000e+00,1.0000000000000000e+00,1.0000000000000000e+00,1.0000000000000000e+00,1.0000000000000000e+00,1.0000000000000000e+00,1.0000000000000000e+00,1.0000000000000000e+00,1.0000000000000000e+00,1.0000000000000000e+00,1.0000000000000000e+00,1.0000000000000000e+00,1.0000000000000000e+00,1.0000000000000000e+00,1.0000000000000000e+00,1.0000000000000000e+00,1.0000000000000000e+00,1.0000000000000000e+00,1.0000000000000000e+00,1.0000000000000000e+00,1.0000000000000000e+00,1.0000000000000000e+00,1.0000000000000000e+00,1.0000000000000000e+00,1.0000000000000000e+00,1.0000000000000000e+00,1.0000000000000000e+00,1.0000000000000000e+00,1.0000000000000000e+00,1.0000000000000000e+00,1.0000000000000000e+00,1.0000000000000000e+00,1.0000000000000000e+00,1.0000000000000000e+00,1.0000000000000000e+00,1.0000000000000000e+00,9.2592224835533932e-01,7.3137716477830461e-01,5.2489506775973116e-01,3.3687234171112101e-01,1.8734085297590738e-01,8.5249944074926323e-02,3.0597217965065652e-02,9.7188936582431728e-03,3.6058116046031414e-03,2.3391143718546900e-03,2.2331363316409757e-03,2.3150187516403084e-03,2.4167493547447043e-03,2.5222938832855910e-03,2.6310489737808914e-03,2.7430127950463404e-03,2.8582447292696176e-03,2.9767990866471456e-03,3.0987281428665504e-03,3.2240836648920993e-03,3.3529172098497760e-03,3.4852802533698380e-03,3.6212242564366958e-03,3.7608006994210470e-03,3.9040610994060341e-03,4.0510570195410149e-03,4.2018400752269610e-03,4.3564619389447265e-03,4.5149743448408683e-03,4.6774290935397648e-03,4.8438780578646135e-03,5.0143731900872558e-03,5.1889665330592033e-03,5.3677102396296741e-03,5.5506566106413493e-03,5.7378581752623951e-03,5.9293678673432663e-03,6.1252394184325596e-03,6.3255282384768376e-03,6.5302933904833448e-03,6.7396020101069213e-03,6.9535391642976951e-03,7.1722297455324635e-03,7.3958869010157567e-03,7.6249188929596234e-03,7.8601643642124686e-03,8.1034088205261673e-03,8.3585202420910047e-03,8.6339871179552108e-03,8.9488295000873276e-03,9.3472973576647165e-03,9.9417867238190769e-03,1.1076348321292241e-02,1.4105448791509101e-02,2.3930157730261959e-02,5.2312965694364250e-02,1.1704545463475252e-01,2.3373214461874306e-01,3.9260932868884502e-01,5.6857664569011579e-01,7.3836430328251978e-01,8.9101798072484695e-01,1.0000000000000000e+00,1.0000000000000000e+00,1.0000000000000000e+00,1.0000000000000000e+00,1.0000000000000000e+00,9.5902933853167338e-01,7.7246435397201529e-01,5.8858265245228747e-01
1.0000000000000000e+00,1.0000000000000000e+00,1.0000000000000000e+00,1.0000000000000000e+00,1.0000000000000000e+00,1.0000000000000000e+00,1.0000000000000000e+00,1.0000000000000000e+00,1.0000000000000000e+00,1.0000000000000000e+00,1.0000000000000000e+00,1.0000000000000000e+00,1.0000000000000000e+00,1.0000000000000000e+00,1.0000000000000000e+00,1.0000000000000000e+00,1.0000000000000000e+00,1.0000000000000000e+00,1.0000000000000000e+00,1.0000000000000000e+00,1.0000000000000000e+00,1.0000000000000000e+00,1.0000000000000000e+00,1.0000000000000000e+00,1.0000000000000000e+00,1.0000000000000000e+00,1.0000000000000000e+00,1.0000000000000000e+00,1.0000000000000000e+00,1.0000000000000000e+00,1.0000000000000000e+00,1.0000000000000000e+00,1.0000000000000000e+00,1.0000000000000000e+00,1.0000000000000000e+00,1.0000000000000000e+00,1.0000000000000000e+00,1.0000000000000000e+00,1.0000000000000000e+00,1.0000000000000000e+00,1.0000000000000000e+00,1.0000000000000000e+00,1.0000000000000000e+00,1.0000000000000000e+00,1.0000000000000000e+00,1.0000000000000000e+00,1.0000000000000000e+00,1.0000000000000000e+00,9.9976942339569697e-01,8.5547111409661714e-01,6.7517518156777279e-01,4.8518887507342473e-01,3.1204940314831275e-01,1.7660111050949978e-01,8.8770031216425099e-02,4.5291694932033125e-02,3.0069835318426691e-02,2.6321176145144381e-02,2.6098921738331012e-02,2.6650196283200121e-02,2.7320973539768548e-02,2.8015516261577830e-02,2.8722739093449350e-02,2.9440551481543252e-02,3.0168647566292683e-02,3.0906960381794149e-02,3.1655485366580402e-02,3.2414235626446172e-02,3.3183228569478529e-02,3.3962482608788834e-02,3.4752016234543055e-02,3.5551847797621321e-02,3.6361995502957524e-02,3.7182477443622484e-02,3.8013311630130137e-02,3.8854516014569927e-02,3.9706108509334447e-02,4.0568107004258211e-02,4.1440529381157491e-02,4.2323393527706449e-02,4.3216717351988530e-02,4.4120518800843216e-02,4.5034815885518942e-02,4.5959626726849223e-02,4.6894969644983048e-02,4.7840863352517408e-02,4.8797327381344582e-02,4.9764383036465978e-02,5.0742055529194495e-02,5.1730378749233981e-02,5.2729405908952032e-02,5.3739233171143500e-02,5.4760051834056175e-02,5.5792263358764839e-02,5.6836732810349379e-02,5.7895344747972574e-02,5.8972212449294022e-02,6.0076304306992012e-02,6.1227211639071119e-02,6.2468070372929924e-02,6.3895540851796911e-02,6.5732739531766671e-02,6.8506431205090160e-02,7.3486922200228330e-02,8.3860565547053068e-02,1.0635695829489196e-01,1.5071757900738955e-01,2.2575024233438787e-01,3.3474319537774416e-01,4.6499291649121838e-01,5.9893084666822916e-01,7.2793017007285765e-01,8.5524524349569664e-01,9.8674028745938092e-01,1.0000000000000000e+00,1.0000000000000000e+00,1.0000000000000000e+00,1.0000000000000000e+00,1.0000000000000000e+00,9.7619174184445834e-01
1.0000000000000000e+00,1.0000000000000000e+00,1.0000000000000000e+00,1.0000000000000000e+00,1.0000000000000000e+00,1.0000000000000000e+00,1.0000000000000000e+00,1.0000000000000000e+00,1.0000000000000000e+00,1.0000000000000000e+00,1.0000000000000000e+00,1.0000000000000000e+00,1.0000000000000000e+00,1.0000000000000000e+00,1.0000000000000000e+00,1.0000000000000000e+00,1.0000000000000000e+00,1.0000000000000000e+00,1.0000000000000000e+00,1.0000000000000000e+00,1.0000000000000000e+00,1.0000000000000000e+00,1.0000000000000000e+00,1.0000000000000000e+00,1.0000000000000000e+00,1.0000000000000000e+00,1.0000000000000000e+00,1.0000000000000000e+00,1.0000000000000000e+00,1.0000000000000000e+00,1.0000000000000000e+00,1.0000000000000000e+00,1.0000000000000000e+00,1.0000000000000000e+00,1.0000000000000000e+00,1.0000000000000000e+00,1.0000000000000000e+00,1.0000000000000000e+00,1.0000000000000000e+00,1.0000000000000000e+00,1.0000000000000000e+00,1.0000000000000000e+00,1.0000000000000000e+00,1.0000000000000000e+00,1.0000000000000000e+00,1.0000000000000000e+00,1.0000000000000000e+00,9.8902066908881492e-01,8.3286824588941921e-01,6.7269803139688389e-01,5.1376010577376496e-01,3.6759289267120104e-01,2.5188085527917170e-01,1.7913474827148584e-01,1.4522386431926343e-01,1.3392480684563215e-01,1.3211354228784805e-01,1.3327710975977455e-01,1.3516306752143473e-01,1.3720745997072581e-01,1.3929719069246654e-01,1.4140983093102880e-01,1.4353812806807711e-01,1.4567918550844763e-01,1.4783206189713760e-01,1.4999637694121309e-01,1.5217191132121577e-01,1.5435848388226409e-01,1.5655592319809811e-01,1.5876406257136907e-01,1.6098273905741278e-01,1.6321179309127104e-01,1.6545106833906384e-01,1.6770041163885643e-01,1.6995967296920594e-01,1.7222870542086435e-01,1.7450736517251300e-01,1.7679551146422048e-01,1.7909300656902322e-01,1.8139971576095312e-01,1.8371550728156200e-01,1.8604025230956603e-01,1.8837382493482399e-01,1.9071610215023743e-01,1.9306696388181685e-01,1.9542629311611845e-01,1.9779397624363190e-01,2.0016990389012432e-01,2.0255397284536689e-01,2.0494609044770185e-01,2.0734618442307934e-01,2.0975422466777158e-01,2.1217027119607601e-01,2.1459458027165715e-01,2.1702783987071084e-01,2.1947168477037918e-01,2.2192980960701983e-01,2.2441041773965201e-01,2.2693176189750974e-01,2.2953462684622900e-01,2.3231040395297778e-01,2.3546612051705962e-01,2.3945510214374136e-01,2.4517810201089879e-01,2.5439423700266400e-01,2.7054267611386718e-01,2.9859735523019526e-01,3.4221918362225212e-01,4.0095622712209039e-01,4.7171058814420258e-01,5.4977279329659079e-01,6.3214846600864338e-01,7.2257378149698648e-01,8.3366894666135194e-01,9.8058778537613445e-01,1.0000000000000000e+00,1.0000000000000000e+00,1.0000000000000000e+00,1.0000000000000000e+00,1.0000000000000000e+00
1.0000000000000000e+00,1.0000000000000000e+00,1.0000000000000000e+00,1.0000000000000000e+00,1.0000000000000000e+00,1.0000000000000000e+00,1.0000000000000000e+00,1.0000000000000000e+00,1.0000000000000000e+00,1.0000000000000000e+00,1.0000000000000000e+00,1.0000000000000000e+00,1.0000000000000000e+00,1.0000000000000000e+00,1.0000000000000000e+00,1.0000000000000000e+00,1.0000000000000000e+00,1.0000000000000000e+00,1.0000000000000000e+00,1.0000000000000000e+00,1.0000000000000000e+00,1.0000000000000000e+00,1.0000000000000000e+00,1.0000000000000000e+00,1.0000000000000000e+00,1.0000000000000000e+00,1.0000000000000000e+00,1.0000000000000000e+00,1.0000000000000000e+00,1.0000000000000000e+00,1.0000000000000000e+00,1.0000000000000000e+00,1.0000000000000000e+00,1.0000000000000000e+00,1.0000000000000000e+00,1.0000000000000000e+00,1.0000000000000000e+00,1.0000000000000000e+00,1.0000000000000000e+00,1.0000000000000000e+00,1.0000000000000000e+00,1.0000000000000000e+00,1.0000000000000000e+00,1.0000000000000000e+00,1.0000000000000000e+00,1.0000000000000000e+00,1.0000000000000000e+00,9.3634867794219523e-01,7.8171086409412871e-01,6.5387274264727735e-01,5.4844844627676248e-01,4.6707362965000088e-01,4.1645375455097194e-01,3.9361956903945888e-01,3.8655597568849420e-01,3.8641795146430380e-01,3.8866989986222161e-01,3.9164471624128011e-01,3.9485123454126281e-01,3.9812769809813653e-01,4.0142243358080820e-01,4.0472279375885978e-01,4.0802489145649606e-01,4.1132708353880582e-01,4.1462848011971670e-01,4.1792864857040346e-01,4.2122732781165467e-01,4.2452429646224471e-01,4.2781933997625693e-01,4.3111224804666620e-01,4.3440281559559391e-01,4.3769084300982691e-01,4.4097613602916724e-01,4.4425850559698449e-01,4.4753776770624282e-01,4.5081374325060902e-01,4.5408625788488011e-01,4.5735514188881021e-01,4.6062023003742153e-01,4.6388136147010578e-01,4.6713837956149767e-01,4.7039113179358305e-01,4.7363946963046033e-01,4.7688324838596680e-01,4.8012232709009739e-01,4.8335656833784163e-01,4.8658583810984157e-01,4.8981000551794984e-01,4.9302894240143802e-01,4.9624252260671531e-01,4.9945062054271450e-01,5.0265310796895335e-01,5.0584984711045078e-01,5.0904067776038286e-01,5.1222539352894370e-01,5.1540368901612421e-01,5.1857505506586532e-01,5.2173873028653051e-01,5.2489417411389716e-01,5.2804265168410969e-01,5.3119067155153377e-01,5.3436174538737458e-01,5.3763478559143030e-01,5.4117809254411120e-01,5.4521178593702402e-01,5.5037365350829826e-01,5.5839502444704414e-01,5.7094639174836159e-01,5.8711230860331687e-01,6.0359860720289238e-01,6.1956690251988233e-01,6.4157041796208503e-01,6.7633969158413421e-01,7.3681247471042632e-01,8.4999359397013796e-01,1.0000000000000000e+00,1.0000000000000000e+00,1.0000000000000000e+00,1.0000000000000000e+00,1.0000000000000000e+00
1.0000000000000000e+00,1.0000000000000000e+00,1.0000000000000000e+00,1.0000000000000000e+00,1.0000000000000000e+00,1.0000000000000000e+00,1.0000000000000000e+00,1.0000000000000000e+00,1.0000000000000000e+00,1.0000000000000000e+00,1.0000000000000000e+00,1.0000000000000000e+00,1.0000000000000000e+00,1.0000000000000000e+00,1.0000000000000000e+00,1.0000000000000000e+00,1.0000000000000000e+00,1.0000000000000000e+00,1.0000000000000000e+00,1.0000000000000000e+00,1.0000000000000000e+00,1.0000000000000000e+00,1.0000000000000000e+00,1.0000000000000000e+00,1.0000000000000000e+00,1.0000000000000000e+00,1.0000000000000000e+00,1.0000000000000000e+00,1.0000000000000000e+00,1.0000000000000000e+00,1.0000000000000000e+00,1.0000000000000000e+00,1.0000000000000000e+00,1.0000000000000000e+00,1.0000000000000000e+00,1.0000000000000000e+00,1.0000000000000000e+00,1.0000000000000000e+00,1.0000000000000000e+00,1.0000000000000000e+00,1.0000000000000000e+00,1.0000000000000000e+00,1.0000000000000000e+00,1.0000000000000000e+00,1.0000000000000000e+00,1.0000000000000000e+00,1.0000000000000000e+00,1.0000000000000000e+00,9.4158388575351892e-01,8.6195207736757096e-01,8.1572187711261357e-01,7.9425847470022870e-01,7.8783570615710286e-01,7.8807716757866464e-01,7.9030805650112335e-01,7.9277186656242882e-01,7.9525584484269407e-01,7.9781607696701495e-01,8.0040881192318647e-01,8.0298177455961206e-01,8.0552449649899172e-01,8.0804244822405658e-01,8.1054102312493226e-01,8.1302249304846885e-01,8.1548740167032896e-01,8.1793575476209124e-01,8.2036743106780763e-01,8.2278228323842162e-01,8.2518016345549283e-01,8.2756093136641162e-01,8.2992445529770742e-01,8.3227061159448545e-01,8.3459928394898597e-01,8.3691036296457155e-01,8.3920374583477741e-01,8.4147933604345904e-01,8.4373704308105191e-01,8.4597678217224315e-01,8.4819847401178627e-01,8.5040204450799761e-01,8.5258742453415903e-01,8.5475454968241282e-01,8.5690336001940215e-01,8.5903379981866623e-01,8.6114581724683281e-01,8.6323936392917655e-01,8.6531439423861867e-01,8.6737086395561425e-01,8.6940872752351228e-01,8.7142793221131609e-01,8.7342840540739375e-01,8.7541002671575563e-01,8.7737256720194534e-01,8.7931555849275711e-01,8.8123800714251710e-01,8.8313775573091280e-01,8.8501007063294235e-01,8.8684468078541823e-01,8.8861970226293630e-01,8.9028854649579359e-01,8.9175196111900745e-01,8.9280963018509130e-01,8.9310416961741934e-01,8.9208785533017187e-01,8.8900108193477656e-01,8.8290178448796408e-01,8.7326327629840728e-01,8.6066603922559481e-01,8.4543927083258918e-01,8.2631431138072131e-01,8.0251799814888658e-01,7.7625045407019910e-01,7.5665802619554778e-01,7.5516067849848800e-01,8.0526854325667829e-01,9.6782354857569997e-01,1.0000000000000000e+00,1.0000000000000000e+00,1.0000000000000000e+00,1.0000000000000000e+00
1.0000000000000000e+00,1.0000000000000000e+00,1.0000000000000000e+00,1.0000000000000000e+00,1.0000000000000000e+00,1.0000000000000000e+00,1.0000000000000000e+00,1.0000000000000000e+00,1.0000000000000000e+00,1.0000000000000000e+00,1.0000000000000000e+00,1.0000000000000000e+00,1.0000000000000000e+00,1.0000000000000000e+00,1.0000000000000000e+00,1.0000000000000000e+00,1.0000000000000000e+00,1.0000000000000000e+00,1.0000000000000000e+00,1.0000000000000000e+00,1.0000000000000000e+00,1.0000000000000000e+00,1.0000000000000000e+00,1.0000000000000000e+00,1.0000000000000000e+00,1.0000000000000000e+00,1.0000000000000000e+00,1.0000000000000000e+00,1.0000000000000000e+00,1.0000000000000000e+00,1.0000000000000000e+00,1.0000000000000000e+00,1.0000000000000000e+00,1.0000000000000000e+00,1.0000000000000000e+00,1.0000000000000000e+00,1.0000000000000000e+00,1.0000000000000000e+00,1.0000000000000000e+00,1.0000000000000000e+00,1.0000000000000000e+00,1.0000000000000000e+00,1.0000000000000000e+00,1.0000000000000000e+00,1.0000000000000000e+00,1.0000000000000000e+00,1.0000000000000000e+00,1.0000000000000000e+00,1.0000000000000000e+00,1.0000000000000000e+00,1.0000000000000000e+00,1.0000000000000000e+00,1.0000000000000000e+00,1.0000000000000000e+00,1.0000000000000000e+00,1.0000000000000000e+00,1.0000000000000000e+00,1.0000000000000000e+00,1.0000000000000000e+00,1.0000000000000000e+00,1.0000000000000000e+00,1.0000000000000000e+00,1.0000000000000000e+00,1.0000000000000000e+00,1.0000000000000000e+00,1.0000000000000000e+00,1.0000000000000000e+00,1.0000000000000000e+00,1.0000000000000000e+00,1.0000000000000000e+00,1.0000000000000000e+00,1.0000000000000000e+00,1.0000000000000000e+00,1.0000000000000000e+00,1.0000000000000000e+00,1.0000000000000000e+00,1.0000000000000000e+00,1.0000000000000000e+00,1.0000000000000000e+00,1.0000000000000000e+00,1.0000000000000000e+00,1.0000000000000000e+00,1.0000000000000000e+00,1.0000000000000000e+00,1.0000000000000000e+00,1.0000000000000000e+00,1.0000000000000000e+00,1.0000000000000000e+00,1.0000000000000000e+00,1.0000000000000000e+00,1.0000000000000000e+00,1.0000000000000000e+00,1.0000000000000000e+00,1.0000000000000000e+00,1.0000000000000000e+00,1.0000000000000000e+00,1.0000000000000000e+00,1.0000000000000000e+00,1.0000000000000000e+00,1.0000000000000000e+00,1.0000000000000000e+00,1.0000000000000000e+00,1.0000000000000000e+00,1.0000000000000000e+00,1.0000000000000000e+00,1.0000000000000000e+00,1.0000000000000000e+00,1.0000000000000000e+00,1.0000000000000000e+00,1.0000000000000000e+00,1.0000000000000000e+00,1.0000000000000000e+00,9.5674568446611374e-01,9.1120129072518807e-01,9.0083070639243723e-01,1.0000000000000000e+00,1.0000000000000000e+00,1.0000000000000000e+00,1.0000000000000000e+00,1.0000000000000000e+00
1.0000000000000000e+00,1.0000000000000000e+00,1.0000000000000000e+00,1.0000000000000000e+00,1.0000000000000000e+00,1.0000000000000000e+00,1.0000000000000000e+00,1.0000000000000000e+00,1.0000000000000000e+00,1.0000000000000000e+00,1.0000000000000000e+00,1.0000000000000000e+00,1.0000000000000000e+00,1.0000000000000000e+00,1.0000000000000000e+00,1.0000000000000000e+00,1.0000000000000000e+00,1.0000000000000000e+00,1.0000000000000000e+00,1.0000000000000000e+00,1.0000000000000000e+00,1.0000000000000000e+00,1.0000000000000000e+00,1.0000000000000000e+00,1.0000000000000000e+00,1.0000000000000000e+00,1.0000000000000000e+00,1.0000000000000000e+00,1.0000000000000000e+00,1.0000000000000000e+00,1.0000000000000000e+00,1.0000000000000000e+00,1.0000000000000000e+00,1.0000000000000000e+00,1.0000000000000000e+00,1.0000000000000000e+00,1.0000000000000000e+00,1.0000000000000000e+00,1.0000000000000000e+00,1.0000000000000000e+00,1.0000000000000000e+00,1.0000000000000000e+00,1.0000000000000000e+00,1.0000000000000000e+00,1.0000000000000000e+00,1.0000000000000000e+00,1.0000000000000000e+00,1.0000000000000000e+00,1.0000000000000000e+00,1.0000000000000000e+00,1.0000000000000000e+00,1.0000000000000000e+00,1.0000000000000000e+00,1.0000000000000000e+00,1.0000000000000000e+00,1.0000000000000000e+00,1.0000000000000000e+00,1.0000000000000000e+00,1.0000000000000000e+00,1.0000000000000000e+00,1.0000000000000000e+00,1.0000000000000000e+00,1.0000000000000000e+00,1.0000000000000000e+00,1.0000000000000000e+00,1.0000000000000000e+00,1.0000000000000000e+00,1.0000000000000000e+00,1.0000000000000000e+00,1.0000000000000000e+00,1.0000000000000000e+00,1.0000000000000000e+00,1.0000000000000000e+00,1.0000000000000000e+00,1.0000000000000000e+00,1.0000000000000000e+00,1.0000000000000000e+00,1.0000000000000000e+00,1.0000000000000000e+00,1.0000000000000000e+00,1.0000000000000000e+00,1.0000000000000000e+00,1.0000000000000000e+00,1.0000000000000000e+00,1.0000000000000000e+00,1.0000000000000000e+00,1.0000000000000000e+00,1.0000000000000000e+00,1.0000000000000000e+00,1.0000000000000000e+00,1.0000000000000000e+00,1.0000000000000000e+00,1.0000000000000000e+00,1.0000000000000000e+00,1.0000000000000000e+00,1.0000000000000000e+00,1.0000000000000000e+00,1.0000000000000000e+00,1.0000000000000000e+00,1.0000000000000000e+00,1.0000000000000000e+00,1.0000000000000000e+00,1.0000000000000000e+00,1.0000000000000000e+00,1.0000000000000000e+00,1.0000000000000000e+00,1.0000000000000000e+00,1.0000000000000000e+00,1.0000000000000000e+00,1.0000000000000000e+00,1.0000000000000000e+00,1.0000000000000000e+00,1.0000000000000000e+00,1.0000000000000000e+00,1.0000000000000000e+00,1.0000000000000000e+00,1.0000000000000000e+00,1.0000000000000000e+00,1.0000000000000000e+00,1.0000000000000000e+00
1.0000000000000000e+00,1.0000000000000000e+00,1.0000000000000000e+00,1.0000000000000000e+00,1.0000000000000000e+00,1.0000000000000000e+00,1.0000000000000000e+00,1.0000000000000000e+00,1.0000000000000000e+00,1.0000000000000000e+00,1.0000000000000000e+00,1.0000000000000000e+00,1.0000000000000000e+00,1.0000000000000000e+00,1.0000000000000000e+00,1.0000000000000000e+00,1.0000000000000000e+00,1.0000000000000000e+00,1.0000000000000000e+00,1.0000000000000000e+00,1.0000000000000000e+00,1.0000000000000000e+00,1.0000000000000000e+00,1.0000000000000000e+00,1.0000000000000000e+00,1.0000000000000000e+00,1.0000000000000000e+00,1.0000000000000000e+00,1.0000000000000000e+00,1.0000000000000000e+00,1.0000000000000000e+00,1.0000000000000000e+00,1.0000000000000000e+00,1.0000000000000000e+00,1.0000000000000000e+00,1.0000000000000000e+00,1.0000000000000000e+00,1.0000000000000000e+00,1.0000000000000000e+00,1.0000000000000000e+00,1.0000000000000000e+00,1.0000000000000000e+00,1.0000000000000000e+00,1.0000000000000000e+00,1.0000000000000000e+00,1.0000000000000000e+00,1.0000000000000000e+00,1.0000000000000000e+00,1.0000000000000000e+00,1.0000000000000000e+00,1.0000000000000000e+00,1.0000000000000000e+00,1.0000000000000000e+00,1.0000000000000000e+00,1.0000000000000000e+00,1.0000000000000000e+00,1.0000000000000000e+00,1.0000000000000000e+00,1.0000000000000000e+00,1.0000000000000000e+00,1.0000000000000000e+00,1.0000000000000000e+00,1.0000000000000000e+00,1.0000000000000000e+00,1.0000000000000000e+00,1.0000000000000000e+00,1.0000000000000000e+00,1.0000000000000000e+00,1.0000000000000000e+00,1.0000000000000000e+00,1.0000000000000000e+00,1.0000000000000000e+00,1.0000000000000000e+00,1.0000000000000000e+00,1.0000000000000000e+00,1.0000000000000000e+00,1.0000000000000000e+00,1.0000000000000000e+00,1.0000000000000000e+00,1.0000000000000000e+00,1.0000000000000000e+00,1.0000000000000000e+00,1.0000000000000000e+00,1.0000000000000000e+00,1.0000000000000000e+00,1.0000000000000000e+00,1.0000000000000000e+00,1.0000000000000000e+00,1.0000000000000000e+00,1.0000000000000000e+00,1.0000000000000000e+00,1.0000000000000000e+00,1.0000000000000000e+00,1.0000000000000000e+00,1.0000000000000000e+00,1.0000000000000000e+00,1.0000000000000000e+00,1.0000000000000000e+00,1.0000000000000000e+00,1.0000000000000000e+00,1.0000000000000000e+00,1.0000000000000000e+00,1.0000000000000000e+00,1.0000000000000000e+00,1.0000000000000000e+00,1.0000000000000000e+00,1.0000000000000000e+00,1.0000000000000000e+00,1.0000000000000000e+00,1.0000000000000000e+00,1.0000000000000000e+00,1.0000000000000000e+00,1.0000000000000000e+00,1.0000000000000000e+00,1.0000000000000000e+00,1.0000000000000000e+00,1.0000000000000000e+00,1.0000000000000000e+00,1.0000000000000000e+00,1.0000000000000000e+00
