iteration,relative_residual,relative_energy_gap
0,1.0,1.0
1,0.7958150852696335,0.9932476619998658
2,0.6702578211511161,0.988818699558063
3,0.5806330464151436,0.9856307832946718
4,0.5136332456389496,0.983212980646097
5,0.46194834521956474,0.9813051581499986
6,0.42106147378154657,0.979751541287663
7,0.388012936502968,0.9784536313024484
8,0.3607917740475255,0.9773464369217131
9,0.33799530018084123,0.9763855139800272
10,0.3186238130679036,0.9755395081609254
11,0.3019510956003683,0.9747856817568723
12,0.28744025711669213,0.9741071356620942
13,0.2746878109409407,0.9734910311607357
14,0.2633858151548127,0.972927420473838
15,0.25329580796977036,0.9724084585871197
16,0.24423058008796128,0.9719278600557094
17,0.23604123823485923,0.9714805169171965
18,0.22860789544968743,0.9710622248469889
19,0.22183288346892133,0.9706694834807126
20,0.21563574338398483,0.9702993484813996
21,0.2099494866707202,0.9699493203172336
22,0.20471777504182095,0.969617259491526
23,0.19989277258682212,0.969301321096826
24,0.19543349512299152,0.9689999036882234
25,0.1913045309315324,0.968711608889067
26,0.18747504142372828,0.9684352091382831
27,0.1839179745582051,0.9681696216830676
28,0.18060944117789796,0.9679138874070063
29,0.17752821696961213,0.9676671534477166
30,0.17465534190139256,0.9674286587993414
31,0.17197379574199578,0.9671977223019173
32,0.16946823328944682,0.9669737325410975
33,0.16712476670514906,0.9667561393028624
34,0.1649307852006624,0.966544446292871
35,0.1628748044948779,0.9663382048976559
36,0.16094634012220108,0.9661370088109664
37,0.1591357999530483,0.965940489380249
38,0.1574343922788724,0.9657483115565044
39,0.15583404658366148,0.9655601703588452
40,0.15432734472375606,0.9653757877678595
41,0.15290746070672068,0.9651949099964315
42,0.15156810762735645,0.9650173050764569
43,0.15030349060733467,0.9648427607182523
44,0.14910826481175107,0.9646710824130258
45,0.1479774977945743,0.9645020917394519
46,0.1469066355659668,0.9643356248542155
47,0.14589147188588156,0.9641715311382397
48,0.1449281203766091,0.9640096719866024
49,0.14401298911698754,0.9638499197193957
50,0.14314275743674754,0.9636921566025961
51,0.14231435467398537,0.9635362739656098
52,0.14152494069444765,0.9633821714060823
53,0.14077188800008192,0.9632297560704138
54,0.14005276527760047,0.9630789420029336
55,0.13936532225683443,0.9629296495572595
56,0.13870747576427792,0.9627818048624407
57,0.1380772968701941,0.9626353393385869
58,0.13747299903850665,0.9624901892547245
59,0.13689292719787574,0.9623462953322839
60,0.13633554766019904,0.9622036023778894
61,0.13579943881953946,0.9620620589531795
62,0.13528328257038696,0.9619216170726413
63,0.13478585638934387,0.9617822319276156
64,0.13430602602894448,0.9616438616357257
65,0.13384273877643996,0.9615064670100999
66,0.13339501723410702,0.9613700113508443
67,0.13296195358101215,0.9612344602519598
68,0.13254270427924275,0.9610997814263738
69,0.13213648519043972,0.9609659445456256
70,0.13174256707104687,0.9608329210921489
71,0.1313602714170939,0.9607006842236032
72,0.13098896663151363,0.9605692086506407
73,0.13062806448905515,0.9604384705221042
74,0.1302770168757161,0.9603084473213735
75,0.1299353127813821,0.9601791177697089
76,0.12960247552597176,0.960050461739969
77,0.1292780602008842,0.9599224601733444
78,0.1289616513089454,0.9597950950061691
79,0.12865286058732583,0.9596683491010275
80,0.12835132499910867,0.9595422061840823
81,0.12805670488028054,0.9594166507850996
82,0.12776868222995275,0.9592916681858275
83,0.12748695913256117,0.9591672443685466
84,0.12721125630166807,0.9590433659715598
85,0.12694131173580858,0.9589200202458323
86,0.12667687947756123,0.9587971950170238
87,0.12641772846772734,0.958674878648622
88,0.1261636414871312,0.9585530600078468
89,0.12591441417915084,0.9584317284358841
90,0.12566985414662932,0.9583108737182385
91,0.12542978011732653,0.9581904860587402
92,0.125194021172518,0.9580705560539323
93,0.12496241603379526,0.9579510746708549
94,0.12473481240350014,0.9578320332258644
95,0.12451106635459083,0.9577134233637435
96,0.12429104176608131,0.9575952370408551
97,0.12407460980048639,0.9574774665057915
98,0.12386164842000268,0.957360104286208
99,0.12365204193840909,0.9572431431713382
100,0.12344568060590957,0.9571265761999466
101,0.12324246022436612,0.9570103966454416
102,0.12304228179057054,0.9568945980061927
103,0.12284505116538612,0.956779173991778
104,0.1226506787667717,0.9566641185147926
105,0.12245907928485145,0.956549425678592
106,0.12227017141733777,0.9564350897699057
107,0.12208387762375712,0.9563211052488054
108,0.121900123897042,0.9562074667413446
109,0.12171883955117192,0.9560941690318537
110,0.12153995702364558,0.9559812070551627
111,0.12136341169166767,0.9558685758907342
112,0.12118914170101483,0.9557562707554481
113,0.12101708780663377,0.9556442869980384
114,0.12084719322409251,0.9555326200936776
115,0.1206794034910778,0.9554212656384865
116,0.12051366633819438,0.9553102193437328
117,0.12034993156837888,0.9551994770326973
118,0.12018815094429533,0.9550890346349069
119,0.12002827808312605,0.9549788881822001
120,0.11987026835822273,0.9548690338051492
121,0.11971407880711592,0.9547594677288401
122,0.11955966804542481,0.9546501862697475
123,0.119406996186246,0.9545411858315463
124,0.11925602476462566,0.9544324629028078
125,0.11910671666675457,0.954324014053012
126,0.11895903606355267,0.9542158359307986
127,0.11881294834833453,0.9541079252598209
128,0.1186684200782667,0.9540002788375452
129,0.11852541891935876,0.953892893531518
130,0.11838391359473646,0.9537857662776432
131,0.11824387383597779,0.9536788940779317
132,0.11810527033729837,0.9535722739979363
133,0.11796807471239405,0.9534659031652319
134,0.11783225945376077,0.953359778766301
135,0.11769779789432668,0.9532538980467133
136,0.11756466417124292,0.9531482583072132
137,0.11743283319168607,0.9530428569030639
138,0.11730228060054575,0.9529376912421749
139,0.11717298274987144,0.9528327587834682
140,0.11704491666996528,0.9527280570356608
141,0.1169180600420143,0.9526235835552519
142,0.11679239117216575,0.9525193359455266
143,0.1166678889669508,0.9524153118554071
144,0.11654453290997925,0.9523115089774731
145,0.1164223030398149,0.9522079250475949
146,0.11630117992896988,0.9521045578425275
147,0.1161811446639424,0.9520014051804806
148,0.11606217882623833,0.95189846491835
149,0.11594426447431311,0.9517957349516448
150,0.11582738412638481,0.9516932132134397
151,0.11571152074406327,0.9515908976724057
152,0.11559665771674661,0.9514887863332068
153,0.11548277884674363,0.9513868772350861
154,0.11536986833507859,0.9512851684503922
155,0.11525791076794001,0.9511836580842341
156,0.11514689110373535,0.9510823442743392
157,0.11503679466072268,0.9509812251885771
158,0.11492760710517982,0.95088029902618
159,0.11481931444008912,0.9507795640147512
160,0.11471190299430445,0.9506790184122039
161,0.11460535941217849,0.9505786605034376
162,0.11449967064362197,0.9504784886014613
163,0.11439482393457488,0.9503785010463398
164,0.11429080681786771,0.9502786962036188
165,0.11418760710445176,0.9501790724652952
166,0.1140852128749814,0.9500796282480479
167,0.11398361247172711,0.9499803619932672
168,0.11388279449080743,0.9498812721659022
169,0.11378274777471888,0.9497823572541064
170,0.11368346140515541,0.9496836157695362
171,0.11358492469609792,0.9495850462456905
172,0.11348712718716057,0.9494866472383652
173,0.11339005863718989,0.9493884173245191
174,0.1132937090180925,0.9492903551018451
175,0.11319806850889344,0.94919245918857
176,0.1131031274900025,0.9490947282232011
177,0.11300887653768958,0.948997160863332
178,0.11291530641875212,0.9488997557865684
179,0.11282240808537101,0.9488025116885673
180,0.11273017267014251,0.9487054272837367
181,0.11263859148128222,0.9486085013045202
182,0.1125476559979916,0.9485117325003317
183,0.11245735786598085,0.9484151196391832
184,0.11236768889313935,0.9483186615047765
185,0.11227864104535229,0.948222356897883
186,0.11219020644245219,0.948126204636124
187,0.11210237735430256,0.9480302035523054
188,0.11201514619700824,0.9479343524945718
189,0.1119285055292471,0.9478386503275084
190,0.11184244804871703,0.9477430959297569
191,0.11175696658869394,0.9476476881951141
192,0.11167205411470091,0.9475524260318499
193,0.11158770372127559,0.9474573083621142
194,0.11150390862884017,0.9473623341222838
195,0.11142066218066501,0.9472675022625469
196,0.11133795783992465,0.9471728117458813
197,0.11125578918684333,0.947078261548689
198,0.11117414991592325,0.9469838506601799
199,0.11109303383325558,0.9468895780825323
200,0.11101243485391289,0.9467954428300192
201,0.11093234699941351,0.9467014439291948
202,0.11085276439526241,0.9466075804187172
203,0.1107736812685621,0.9465138513493004
204,0.11069509194569047,0.9464202557817137
205,0.11061699085004695,0.9463267927901748
206,0.11053937249985968,0.9462334614587847
207,0.11046223150605555,0.9461402608825638
208,0.11038556257019021,0.9460471901677203
209,0.11030936048243291,0.9459542484308479
210,0.11023362011960962,0.9458614347989553
211,0.11015833644329755,0.9457687484090624
212,0.11008350449797191,0.9456761884087076
213,0.11000911940920342,0.9455837539548397
214,0.10993517638190384,0.9454914442139242
215,0.10986167069861774,0.9453992583627899
216,0.1097885977178597,0.9453071955866564
217,0.10971595287249666,0.9452152550803781
218,0.10964373166817128,0.9451234360481704
219,0.10957192968176638,0.9450317377029331
220,0.1095005425599112,0.9449401592657732
221,0.10942956601752296,0.9448486999671787
222,0.10935899583638937,0.944757359046048
223,0.10928882786378409,0.9446661357487485
224,0.10921905801112003,0.9445750293314621
225,0.10914968225263595,0.9444840390565895
226,0.10908069662411315,0.9443931641958357
227,0.10901209722163065,0.9443024040280191
228,0.10894388020034407,0.9442117578404494
229,0.10887604177330068,0.9441212249269471
230,0.10880857821027874,0.9440308045893393
231,0.10874148583666077,0.9439404961367754
232,0.10867476103232782,0.9438502988858979
233,0.10860840023058736,0.9437602121600202
234,0.10854239991712222,0.9436702352895179
235,0.10847675662896543,0.9435803676118012
236,0.10841146695350296,0.9434906084712648
237,0.10834652752749575,0.9434009572184893
238,0.10828193503612855,0.9433114132112665
239,0.10821768621207908,0.9432219758134462
240,0.1081537778346096,0.9431326443953368
241,0.10809020672868068,0.9430434183334282
242,0.10802696976408413,0.9429542970105106
243,0.10796406385459713,0.9428652798165007
244,0.10790148595715572,0.9427763661455056
245,0.10783923307104777,0.9426875553987515
246,0.1077773022371216,0.9425988469829081
247,0.10771569053701822,0.9425102403110213
248,0.10765439509241538,0.9424217348010735
249,0.10759341306429145,0.9423333298767111
250,0.10753274165220658,0.9422450249680212
251,0.10747237809359776,0.9421568195091422
252,0.10741231966309138,0.9420687129408742
253,0.10735256367183094,0.9419807047084807
254,0.10729310746681787,0.9418927942629183
255,0.10723394843027016,0.9418049810600803
256,0.10717508397899213,0.9417172645608217
257,0.10711651156375876,0.9416296442311208
258,0.10705822866871571,0.941542119542277
259,0.10700023281078803,0.941454689969939
260,0.10694252153910555,0.9413673549948776
261,0.1068850924344403,0.9412801141022922
262,0.10682794310865262,0.9411929667822934
263,0.10677107120415304,0.941105912529956
264,0.10671447439337389,0.9410189508439802
265,0.10665815037825252,0.9409320812287133
266,0.10660209688972459,0.9408453031917159
267,0.10654631168723021,0.94075861624606
268,0.10649079255822677,0.940672019908423
269,0.1064355373177168,0.9405855137000427
270,0.10638054380778196,0.940499097146383
271,0.10632580989712664,0.9404127697767993
272,0.1062713334806346,0.9403265311251088
273,0.10621711247892994,0.9402403807286417
274,0.10616314483795307,0.9401543181296331
275,0.10610942852853776,0.940068342873528
276,0.10605596154600297,0.9399824545097079
277,0.10600274190975248,0.9398966525917885
278,0.10594976766287786,0.9398109366767535
279,0.10589703687177514,0.9397253063256183
280,0.10584454762576678,0.9396397611030662
281,0.10579229803672899,0.9395543005773895
282,0.10574028623873148,0.9394689243205099
283,0.1056885103876808,0.939383631908291
284,0.1056369686609702,0.9392984229190356
285,0.10558565925713924,0.9392132969359435
286,0.10553458039553985,0.9391282535448066
287,0.10548373031600577,0.9390432923348239
288,0.10543310727853046,0.9389584128989432
289,0.10538270956295355,0.9388736148333617
290,0.10533253546864997,0.938788897736786
291,0.1052825833142245,0.9387042612122007
292,0.10523285143721904,0.9386197048656647
293,0.10518333819381533,0.9385352283058831
294,0.10513404195855147,0.9384508311450205
295,0.10508496112404132,0.9383665129978378
296,0.10503609410069713,0.9382822734832048
297,0.10498743931646111,0.9381981122223357
298,0.10493899521653886,0.9381140288388631
299,0.10489076026314079,0.9380300229605838
300,0.10484273293522575,0.9379460942176105
301,0.1047949117282511,0.93786224224252
302,0.10474729515392683,0.9377784666718432
303,0.10469988173997442,0.937694767143572
304,0.10465267002989052,0.9376111432999465
305,0.10460565858271471,0.9375275947844767
306,0.10455884597280068,0.9374441212445037
307,0.10451223078959417,0.9373607223299257
308,0.10446581163741082,0.9372773976922759
309,0.10441958713522331,0.9371941469875502
310,0.1043735559164485,0.9371109698728103
311,0.104327716628738,0.9370278660080673
312,0.10428206793377763,0.9369448350562197
313,0.1042366085070841,0.9368618766827833
314,0.10419133703780903,0.9367789905552679
315,0.1041462522285462,0.9366961763438864
316,0.10410135279514258,0.9366134337212075
317,0.10405663746650946,0.936530762362515
318,0.10401210498444123,0.9364481619452163
319,0.10396775410343649,0.9363656321491267
320,0.10392358359051952,0.9362831726565646
321,0.10387959222506674,0.9362007831518347
322,0.1038357787986389,0.9361184633216987
323,0.10379214211481064,0.9360362128555701
324,0.1037486809890071,0.9359540314444436
325,0.10370539424834294,0.9358719187820704
326,0.10366228073146241,0.9357898745639064
327,0.10361933928838447,0.9357078984882307
328,0.10357656878034809,0.9356259902548796
329,0.10353396807966192,0.9355441495661835
330,0.10349153606955729,0.9354623761262593
331,0.1034492716440412,0.9353806696416643
332,0.10340717370775292,0.9352990298207382
333,0.10336524117582471,0.9352174563742928
334,0.1033234729737428,0.9351359490146282
335,0.1032818680372106,0.935054507456277
336,0.10324042531201724,0.9349731314159553
337,0.10319914375390259,0.9348918206120531
338,0.1031580223284327,0.9348105747650731
339,0.10311706001086776,0.9347293935972355
340,0.10307625578604003,0.9346482768330241
341,0.10303560864823072,0.9345672241989632
342,0.10299511760104986,0.9344862354221737
343,0.1029547816573141,0.9344053102332271
344,0.10291459983893339,0.9343244483638385
345,0.10287457117679434,0.9342436495473494
346,0.1028346947106479,0.9341629135197015
347,0.10279496948899679,0.9340822400170605
348,0.10275539456898677,0.9340016287791503
349,0.1027159690162996,0.9339210795462298
350,0.10267669190504637,0.9338405920607691
351,0.10263756231766112,0.9337601660671648
352,0.10259857934480451,0.9336798013109662
353,0.10255974208525513,0.9335994975396003
354,0.10252104964581593,0.9335192545023868
355,0.10248250114121264,0.9334390719500011
356,0.10244409569400109,0.9333589496351268
357,0.10240583243446862,0.9332788873115345
358,0.10236771050054487,0.933198884735231
359,0.10232972903770604,0.9331189416633464
360,0.10229188719888946,0.9330390578545932
361,0.10225418414439767,0.9329592330695575
362,0.10221661904181903,0.9328794670701838
363,0.10217919106593533,0.9327997596199427
364,0.10214189939863969,0.9327201104839431
365,0.10210474322885217,0.9326405194284922
366,0.10206772175243842,0.932560986221826
367,0.10203083417212848,0.9324815106334053
368,0.10199407969743482,0.9324020924339333
369,0.10195745754457784,0.9323227313961965
370,0.10192096693640405,0.9322434272941034
371,0.10188460710231456,0.9321641799024872
372,0.10184837727818545,0.932084988998568
373,0.10181227670629706,0.9320058543596672
374,0.10177630463526009,0.9319267757663211
375,0.10174046031994328,0.9318477529986685
376,0.10170474302140314,0.9317687858391995
377,0.10166915200681602,0.931689874071282
378,0.10163368654940572,0.9316110174803819
379,0.10159834592837953,0.9315322158523278
380,0.10156312942886114,0.9314534689744778
381,0.10152803634182227,0.9313747766364598
382,0.10149306596402101,0.9312961386277165
383,0.10145821759793647,0.9312175547398838
384,0.10142349055170696,0.9311390247661679
385,0.10138888413906699,0.9310605484998806
386,0.10135439767928714,0.9309821257370354
387,0.10132003049711391,0.9309037562734699
388,0.10128578192271018,0.9308254399073077
389,0.10125165129159627,0.93074717643732
390,0.10121763794459274,0.930668965663686
391,0.10118374122776422,0.9305908073878054
392,0.10114996049236266,0.93051270141229
393,0.10111629509477223,0.9304346475406878
394,0.10108274439645584,0.930356645578141
395,0.10104930776389802,0.9302786953304208
396,0.10101598456855855,0.9302007966052466
397,0.10098277418681284,0.9301229492101798
398,0.10094967599990483,0.9300451529553764
399,0.10091668939389672,0.9299674076510263
400,0.10088381375961594,0.929889713109203
401,0.10085104849260836,0.929812069142524
402,0.10081839299308681,0.9297344755649131
403,0.10078584666588622,0.9296569321913553
404,0.10075340892041511,0.9295794388380475
405,0.10072107917060652,0.9295019953221045
406,0.10068885683487526,0.9294246014616018
407,0.10065674133607132,0.929347257075826
408,0.10062473210143257,0.9292699619855246
409,0.10059282856254477,0.9291927160112559
410,0.10056103015529382,0.9291155189759079
411,0.10052933631982469,0.9290383707026868
412,0.10049774650049934,0.9289612710163683
413,0.10046626014585237,0.9288842197419469
414,0.10043487670855206,0.928807216705572
415,0.10040359564535774,0.9287302617352667
416,0.10037241641708085,0.9286533546589119
417,0.10034133848854347,0.9285764953061514
418,0.10031036132853964,0.9284996835069298
419,0.10027948440979714,0.9284229190926303
420,0.10024870720893814,0.9283462018953262
421,0.10021802920644059,0.9282695317487475
422,0.10018744988660572,0.9281929084863556
423,0.10015696873751305,0.9281163319431318
424,0.10012658525099111,0.9280398019550833
425,0.10009629892257736,0.9279633183594144
426,0.1000661092514842,0.9278868809933105
427,0.10003601574056425,0.92781048969568
428,0.10000601789627414,0.927734144305949
429,0.09997611522864117,0.927657844664312
430,0.09994630725123065,0.9275815906126473
431,0.0999165934811098,0.9275053819925169
432,0.09988697343881794,0.927429218647194
433,0.09985744664833203,0.9273531004205632
434,0.09982801263703418,0.9272770271572092
435,0.0997986709356801,0.9272009987027875
436,0.09976942107836942,0.9271250149035429
437,0.09974026260251347,0.9270490756067037
438,0.09971119504880348,0.9269731806607431
439,0.09968221796118167,0.9268973299139892
440,0.099653330886811,0.9268215232167235
441,0.0996245333760468,0.9267457604190044
442,0.09959582498240431,0.9266700413719687
443,0.09956720526253407,0.926594365928144
444,0.09953867377619016,0.9265187339404196
445,0.09951023008620336,0.9264431452620719
446,0.09948187375845237,0.9263675997476698
447,0.09945360436183927,0.9262920972527798
448,0.09942542146825804,0.9262166376331008
449,0.0993973246525688,0.9261412207454306
450,0.09936931349257473,0.9260658464470168
451,0.0993413875689918,0.9259905145966615
452,0.09931354646542404,0.9259152250527457
453,0.09928578976833813,0.9258399776751172
454,0.09925811706703803,0.9257647723248896
455,0.09923052795364017,0.9256896088626989
456,0.09920302202304707,0.9256144871502678
457,0.09917559887292587,0.9255394070506476
458,0.09914825810367976,0.9254643684268871
459,0.09912099931842859,0.9253893711432043
460,0.09909382212298172,0.9253144150643037
461,0.09906672612581613,0.9252395000559469
462,0.09903971093805405,0.9251646259838355
463,0.0990127761734376,0.9250897927148474
464,0.0989859214483074,0.9250150001165761
465,0.09895914638158142,0.9249402480576032
466,0.09893245059473067,0.9248655364058955
467,0.09890583371175848,0.9247908650318466
468,0.09887929535917885,0.9247162338054137
469,0.09885283516599365,0.9246416425972235
470,0.09882645276367366,0.9245670912788467
471,0.09880014778613529,0.9244925797228234
472,0.09877391986972238,0.9244181078012917
473,0.09874776865318166,0.9243436753883147
474,0.09872169377764732,0.9242692823574593
475,0.09869569488661704,0.9241949285837474
476,0.09866977162593382,0.9241206139425954
477,0.0986439236437658,0.9240463383096599
478,0.0986181505905887,0.923972101561795
479,0.09859245211916162,0.9238979035759761
480,0.09856682788451386,0.9238237442301444
481,0.09854127754392113,0.9237496234026481
482,0.09851580075689183,0.9236755409725083
483,0.09849039718514328,0.9236014968193609
484,0.09846506649258778,0.9235274908232548
485,0.09843980834531173,0.923453522864986
486,0.09841462241155802,0.9233795928266223
487,0.09838950836171147,0.9233057005888765
488,0.09836446586827623,0.9232318460352481
489,0.09833949460586235,0.9231580290484067
490,0.09831459425116656,0.9230842495122116
491,0.09828976448295611,0.9230105073107503
492,0.09826500498205251,0.9229368023289953
493,0.09824031543131324,0.9228631344522477
494,0.09821569551561579,0.922789503566293
495,0.09819114492184229,0.9227159095576549
496,0.09816666333886136,0.9226423523135998
497,0.09814225045751694,0.9225688317213486
498,0.0981179059706034,0.9224953476690754
499,0.09809362957286001,0.9224219000454872
500,0.09806942096094912,0.9223484887396417
502,0.09802120589080429,0.9222017746408284
504,0.09797325837137767,0.9220552044961227
506,0.09792557604370655,0.9219087774377748
508,0.09787815657817893,0.9217624926062077
510,0.09783099767407882,0.921616349149601
512,0.09778409705912615,0.9214703462244179
514,0.09773745248903772,0.9213244829946806
516,0.09769106174708736,0.9211787586324336
518,0.09764492264367944,0.9210331723171967
520,0.09759903301593027,0.9208877232366353
522,0.09755339072725458,0.9207424105849146
524,0.0975079936669617,0.9205972335641623
526,0.09746283974985905,0.9204521913837685
528,0.09741792691586298,0.9203072832601595
530,0.09737325312961698,0.9201625084171939
532,0.09732881638011374,0.9200178660850123
534,0.09728461468033094,0.919873355501525
536,0.09724064606686471,0.9197289759110894
538,0.09719690859958005,0.9195847265649876
540,0.09715340036125451,0.9194406067200478
542,0.09711011945724396,0.9192966156417556
544,0.0970670640151389,0.919152752600313
546,0.09702423218443927,0.9190090168732304
548,0.09698162213622497,0.9188654077440409
550,0.09693923206284051,0.9187219245025899
552,0.0968970601775798,0.9185785664450948
554,0.09685510471437868,0.9184353328734396
556,0.09681336392751066,0.9182922230959512
558,0.09677183609129417,0.9181492364269068
560,0.09673051949979299,0.9180063721860536
562,0.09668941246653391,0.9178636296999015
564,0.09664851332422605,0.9177210082992542
566,0.09660782042447662,0.9175785073218161
568,0.09656733213752587,0.9174361261105276
570,0.09652704685197025,0.9172938640137945
572,0.0964869629745076,0.917151720385685
574,0.09644707892967061,0.9170096945854932
576,0.09640739315957697,0.9168677859777563
578,0.0963679041236742,0.9167259939327385
580,0.09632861029849832,0.9165843178255227
582,0.09628951017742397,0.9164427570362194
584,0.096250602270434,0.9163013109510728
586,0.09621188510388044,0.916159978959857
588,0.09617335722025254,0.9160187604588645
590,0.09613501717795521,0.9158776548480375
592,0.09609686355107969,0.9157366615329834
594,0.09605889492918766,0.915595779923691
596,0.09602110991709518,0.9154550094352195
598,0.09598350713465759,0.9153143494873283
600,0.09594608521656381,0.9151737995039857
602,0.09590884281212732,0.9150333589145807
604,0.09587177858508593,0.9148930271520931
606,0.09583489121340248,0.914752803655078
608,0.09579817938906678,0.9146126878656022
610,0.0957616418179063,0.914472679230285
612,0.09572527721939063,0.9143327772009042
614,0.09568908432645296,0.9141929812326616
616,0.0956530618852978,0.9140532907850942
618,0.09561720865522517,0.9139137053225008
620,0.09558152340845068,0.9137742243124859
622,0.09554600492993066,0.9136348472281701
624,0.09551065201718839,0.9134955735451147
626,0.09547546348014754,0.9133564027442219
628,0.09544043814096038,0.9132173343094327
630,0.09540557483384716,0.9130783677291876
632,0.09537087240493049,0.9129395024957726
634,0.095336329712079,0.9128007381050361
636,0.09530194562474811,0.912662074056972
638,0.0952677190238257,0.9125235098552673
640,0.09523364880148266,0.9123850450073557
642,0.09519973386101688,0.9122466790240312
644,0.09516597311671142,0.912108411420489
646,0.09513236549368648,0.9119702417148601
648,0.0950989099277569,0.9118321694289203
650,0.09506560536529053,0.9116941940886177
652,0.09503245076307067,0.9115563152224482
654,0.09499944508815698,0.9114185323632085
656,0.09496658731775413,0.9112808450468555
658,0.09493387643907726,0.9111432528124012
660,0.09490131144922005,0.9110057552029481
662,0.09486889135503034,0.9108683517642107
664,0.09483661517297899,0.9107310420456985
666,0.09480448192903657,0.910593825599768
668,0.09477249065855323,0.910456701982542
670,0.09474064040613212,0.9103196707525542
672,0.09470893022551627,0.9101827314725662
674,0.09467735917946739,0.9100458837075661
676,0.09464592633965027,0.909909127025908
678,0.09461463078651942,0.9097724609992166
680,0.09458347160920887,0.9096358852021273
682,0.09455244790541652,0.9094993992116387
684,0.09452155878130276,0.9093630026089562
686,0.09449080335137575,0.909226694977368
688,0.0944601807383884,0.909090475902863
690,0.09442969007323686,0.9089543449754977
692,0.09439933049485492,0.9088183017867032
694,0.0943691011501106,0.9086823459317851
696,0.094339001193715,0.908546477008501
698,0.0943090297881135,0.908410694617532
700,0.09427918610339672,0.9082749983622055
702,0.09424946931720252,0.9081393878485943
704,0.0942198786146212,0.9080038626855887
706,0.09419041318810624,0.9078684224842883
708,0.09416107223737866,0.9077330668592503
710,0.09413185496934098,0.9075977954270262
712,0.0941027605979866,0.9074626078068249
714,0.09407378834431475,0.9073275036209609
716,0.09404493743624047,0.9071924824937256
718,0.09401620710851388,0.9070575440517915
720,0.09398759660263516,0.906922687925503
722,0.09395910516677229,0.906787913745954
724,0.09393073205568085,0.9066532211482878
726,0.09390247653062153,0.9065186097691704
728,0.09387433785928527,0.9063840792478558
730,0.09384631531571208,0.9062496292261368
732,0.09381840818021651,0.9061152593482013
734,0.0937906157393133,0.9059809692604716
736,0.09376293728563836,0.9058467586114874
738,0.09373537211788031,0.9057126270525543
740,0.09370791954071002,0.9055785742370562
742,0.09368057886470114,0.9054445998205922
744,0.0936533494062664,0.9053107034609188
746,0.09362623048759,0.905176884818308
748,0.0935992214365515,0.9050431435550471
750,0.09357232158666928,0.9049094793357173
753,0.09353217511976115,0.9047091267349135
756,0.09349227066222554,0.9045089456177637
759,0.09345260603397693,0.9043089348782808
762,0.0934131790818187,0.904109093422644
765,0.09337398767897967,0.9039094201656565
768,0.09333502972465514,0.9037099140347333
771,0.09329630314356213,0.9035105739651972
774,0.09325780588549734,0.9033113989040649
777,0.09321953592491623,0.9031123878074508
780,0.09318149126050579,0.9029135396416399
783,0.0931436699147811,0.9027148533824694
786,0.0931060699336749,0.9025163280151397
789,0.09306868938615313,0.9023179625348775
792,0.09303152636382346,0.9021197559454778
795,0.09299457898055971,0.9019217072608042
798,0.09295784537213371,0.9017238155026394
801,0.09292132369585047,0.9015260797030227
804,0.09288501213019594,0.9013284989017953
807,0.09284890887448885,0.9011310721485181
810,0.09281301214854196,0.9009337985007021
813,0.09277732019232937,0.9007366770246171
816,0.09274183126565516,0.9005397067949739
819,0.09270654364784396,0.900342886895018
822,0.09267145563741754,0.9001462164159316
825,0.0926365655517963,0.8999496944573284
828,0.09260187172699154,0.8997533201268213
831,0.09256737251731992,0.8995570925397661
834,0.09253306629510864,0.8993610108196537
837,0.09249895145041237,0.899165074097855
840,0.0924650263907444,0.8989692815129884
843,0.09243128954079581,0.8987736322117726
846,0.09239773934217753,0.8985781253478086
849,0.09236437425315379,0.8983827600825622
852,0.09233119274839023,0.8981875355853329
855,0.09229819331870634,0.8979924510314763
858,0.09226537447082245,0.8977975056046104
861,0.09223273472712956,0.8976026984949538
864,0.09220027262544486,0.8974080288997183
867,0.09216798671878611,0.8972134960231829
870,0.09213587557514484,0.8970190990766109
873,0.09210393777726435,0.8968248372776874
876,0.09207217192241689,0.8966307098514256
879,0.09204057662220137,0.896436716028664
882,0.09200915050232406,0.8962428550474586
885,0.09197789220239799,0.896049126151962
888,0.09194680037574457,0.8958555285934903
891,0.09191587368918815,0.8956620616287179
894,0.09188511082287337,0.8954687245211808
897,0.09185451047006664,0.895275516540515
900,0.09182407133697466,0.8950824369626335
903,0.09179379214256392,0.8948894850692201
906,0.091763671618373,0.8946966601483574
909,0.0917337085083481,0.8945039614943094
912,0.09170390156866455,0.8943113884063622
915,0.09167424956755918,0.8941189401905121
918,0.09164475128516152,0.8939266161579565
921,0.09161540551333973,0.8937344156259851
924,0.09158621105553005,0.8935423379173741
927,0.09155716672659177,0.8933503823608182
930,0.09152827135264106,0.8931585482899531
933,0.09149952377091108,0.8929668350445141
936,0.09147092282959765,0.8927752419693928
939,0.09144246738771489,0.8925837684147547
942,0.0914141563149576,0.8923924137361554
945,0.09138598849155227,0.8922011772949858
948,0.09135796280812548,0.892010058457157
951,0.09133007816557262,0.8918190565937201
954,0.09130233347491433,0.8916281710816921
957,0.09127472765717881,0.8914374013020209
960,0.09124725964326373,0.8912467466413013
963,0.09121992837381679,0.8910562064914164
966,0.09119273279911139,0.8908657802484264
969,0.09116567187892435,0.8906754673137413
972,0.09113874458242105,0.8904852670936294
975,0.09111194988802905,0.8902951789989312
978,0.0910852867833372,0.8901052024450671
981,0.09105875426496807,0.8899153368526604
984,0.09103235133848206,0.8897255816465981
987,0.09100607701825753,0.8895359362565906
990,0.09097993032738663,0.8893464001165763
993,0.09095391029757516,0.8891569726653593
996,0.09092801596903106,0.8889676533460424
999,0.090902246390372,0.8887784416063372
1000,0.09089368408977645,0.8887153948380384
1004,0.09085957175683727,0.8884633262853564
1008,0.090825676763841,0.8882114464049498
1012,0.09079199692985042,0.8879597539259929
1016,0.09075853009896667,0.887708247592058
1020,0.09072527413995107,0.8874569261596864
1024,0.090692226945842,0.8872057883981923
1028,0.0906593864335922,0.8869548330899897
1032,0.09062675054370384,0.8867040590304389
1036,0.0905943172398803,0.8864534650266382
1040,0.09056208450868221,0.8862030498991295
1044,0.09053005035918295,0.8859528124799989
1048,0.09049821282264693,0.8857027516136828
1052,0.09046656995220083,0.8854528661568644
1056,0.09043511982252467,0.8852031549775107
1060,0.09040386052952903,0.8849536169558748
1064,0.09037279019006914,0.8847042509835719
1068,0.09034190694163194,0.8844550559629809
1072,0.09031120894205676,0.8842060308090124
1076,0.09028069436924235,0.8839571744467156
1080,0.09025036142087385,0.8837084858124464
1084,0.09022020831414618,0.8834599638537337
1088,0.09019023328549726,0.8832116075284302
1092,0.0901604345903431,0.8829634158057601
1096,0.09013081050282613,0.8827153876644367
1100,0.09010135931555398,0.8824675220945469
1104,0.09007207933935975,0.8822198180957863
1108,0.09004296890305556,0.8819722746782829
1112,0.09001402635319614,0.8817248908622318
1116,0.08998525005384046,0.8814776656778555
1120,0.08995663838633472,0.8812305981649741
1124,0.08992818974907225,0.8809836873736453
1128,0.0898999025572818,0.8807369323626824
1132,0.08987177524281388,0.880490332200898
1136,0.08984380625391702,0.8802438859666339
1140,0.0898159940550424,0.8799975927474367
1144,0.08978833712662783,0.8797514516393907
1148,0.08976083396490708,0.8795054617490659
1152,0.08973348308170136,0.8792596221904493
1156,0.08970628300423274,0.8790139320872051
1160,0.08967923227493371,0.8787683905721404
1164,0.08965232945125491,0.8785229967858961
1168,0.08962557310548731,0.8782777498783604
1172,0.08959896182457332,0.8780326490075757
1176,0.08957249420993972,0.8777876933402458
1180,0.08954616887731344,0.8775428820506799
1184,0.08951998445655585,0.8772982143227535
1188,0.08949393959148949,0.8770536893472124
1192,0.08946803293973553,0.8768093063233829
1196,0.08944226317254826,0.876565064458476
1200,0.08941662897465733,0.8763209629680228
1204,0.08939112904410533,0.8760770010741717
1208,0.0893657620920961,0.8758331780081661
1212,0.08934052684284083,0.875589493007686
1216,0.08931542203340533,0.8753459453189718
1220,0.08929044641356658,0.8751025341951189
1224,0.0892655987456601,0.8748592588964027
1228,0.08924087780444367,0.8746161186912371
1232,0.0892162823769523,0.8743731128542594
1236,0.08919181126235562,0.8741302406678811
1240,0.08916746327183013,0.873887501421578
1244,0.08914323722841486,0.873644894411525
1248,0.08911913196688451,0.8734024189411116
1250,0.08910712426836954,0.873281230317489
1255,0.08907723492720536,0.8729784013137032
1260,0.08904752939459941,0.8726757749019494
1265,0.0890180054811265,0.8723733497725923
1270,0.08898866102444923,0.8720711246316184
1275,0.08895949388895702,0.8717690982013516
1280,0.0889305019654007,0.871467269219203
1285,0.08890168317053086,0.8711656364379646
1290,0.08887303544675074,0.8708641986265385
1295,0.08884455676176645,0.8705629545677234
1300,0.08881624510825277,0.8702619030599602
1305,0.08878809850351758,0.8699610429156495
1310,0.08876011498917186,0.8696603729619488
1315,0.08873229263081041,0.8693598920402474
1320,0.08870462951769402,0.8690595990059079
1325,0.08867712376243747,0.868759492728765
1330,0.08864977350070266,0.8684595720910042
1335,0.08862257689089917,0.8681598359898188
1340,0.0885955321138826,0.8678602833346414
1345,0.08856863737267086,0.8675609130488231
1350,0.08854189089214591,0.8672617240683301
1355,0.08851529091878192,0.866962715342122
1360,0.08848883572036104,0.8666638858318264
1365,0.08846252358569778,0.8663652345114408
1370,0.088436352824377,0.8660667603672303
1375,0.08841032176648024,0.8657684623982457
1380,0.08838442876232697,0.8654703396148805
1385,0.08835867218221931,0.8651723910398027
1390,0.08833305041618604,0.8648746157074989
1395,0.08830756187373096,0.8645770126638304
1400,0.08828220498359352,0.8642795809658476
1405,0.08825697819349769,0.8639823196826381
1410,0.08823187996991902,0.8636852278936806
1415,0.0882069087978461,0.8633883046900357
1420,0.08818206318055223,0.8630915491732711
1425,0.08815734163935979,0.8627949604557164
1430,0.08813274271342399,0.8624985376605379
1435,0.08810826495950261,0.8622022799212767
1440,0.08808390695174206,0.8619061863815909
1445,0.08805966728145864,0.8616102561956472
1450,0.08803554455692653,0.8613144885274763
1455,0.08801153740316844,0.8610188825511389
1460,0.0879876444617491,0.8607234374505103
1465,0.08796386439056855,0.8604281524193287
1470,0.0879401958636624,0.8601330266605053
1475,0.08791663757100386,0.8598380593867948
1480,0.08789318821830745,0.8595432498200977
1485,0.08786984652683312,0.8592485971915923
1490,0.08784661123320218,0.8589541007416148
1495,0.08782348108920054,0.8586597597193327
1500,0.08780045486160352,0.858365573383042
1506,0.08777295884362171,0.8580127529333165
1512,0.08774560863380951,0.8576601529259843
1518,0.08771840218435292,0.8573077721279652
1524,0.08769133747687444,0.8569556093245577
1530,0.08766441252200959,0.8566036633175843
1536,0.08763762535897585,0.8562519329257262
1542,0.08761097405516409,0.8559004169845053
1548,0.08758445670572343,0.8555491143462258
1554,0.08755807143316477,0.8551980238783384
1560,0.08753181638695857,0.8548471444653276
1566,0.08750568974314969,0.8544964750067052
1572,0.0874796897039631,0.854146014417482
1578,0.0874538144974377,0.8537957616283811
1584,0.08742806237704433,0.8534457155841482
1590,0.08740243162132162,0.8530958752454437
1596,0.08737692053351508,0.852746239586459
1602,0.08735152744121771,0.8523968075966536
1608,0.08732625069602085,0.8520475782785909
1614,0.08730108867317161,0.851698550649558
1620,0.08727603977122479,0.8513497237401375
1626,0.08725110241171545,0.8510010965948702
1632,0.08722627503882358,0.8506526682707141
1638,0.0872015561190473,0.8503044378387293
1644,0.0871769441408918,0.8499564043819603
1650,0.08715243761453724,0.8496085669971944
1656,0.08712803507154511,0.8492609247926263
1662,0.08710373506453291,0.8489134768894439
1668,0.08707953616689251,0.8485662224211374
1674,0.08705543697247357,0.8482191605329577
1680,0.08703143609530137,0.8478722903815553
1686,0.08700753216928615,0.8475256111358455
1692,0.08698372384793299,0.8471791219759555
1698,0.08696000980406537,0.8468328220931461
1704,0.08693638872955187,0.8464867106898822
1710,0.08691285933502246,0.8461407869795861
1716,0.08688942034961177,0.8457950501867193
1722,0.08686607052068657,0.8454494995459136
1728,0.08684280861358833,0.8451041343026936
1734,0.08681963341137601,0.8447589537125765
1740,0.086796543714568,0.8444139570411917
1746,0.0867735383409013,0.8440691435647234
1750,0.08675824769516603,0.8438393693356505
1757,0.08673157697276818,0.8434374589587431
1764,0.08670501658913407,0.8430357952100146
1771,0.08667856477020085,0.8426343770000514
1778,0.08665221977156974,0.8422332032560306
1785,0.08662597987803278,0.8418322729222362
1792,0.08659984340307031,0.8414315849596232
1799,0.08657380868837623,0.8410311383453418
1806,0.0865478741033933,0.8406309320727716
1813,0.08652203804484476,0.8402309651512382
1820,0.08649629893628275,0.8398312366052442
1827,0.08647065522763729,0.8394317454748174
1834,0.08644510539478627,0.8390324908147352
1841,0.08641964793911344,0.8386334716947781
1848,0.0863942813870861,0.838234687198905
1855,0.08636900428984325,0.8378361364257988
1862,0.08634381522277232,0.83743781848772
1869,0.08631871278511914,0.8370397325109472
1876,0.08629369559957654,0.8366418776348384
1883,0.08626876231190655,0.8362442530122656
1890,0.08624391159054531,0.8358468578098576
1897,0.08621914212623044,0.8354496912057068
1904,0.08619445263163386,0.8350527523917838
1911,0.08616984184098199,0.834656040571591
1918,0.08614530850971099,0.8342595549617422
1925,0.08612085141410432,0.8338632947894722
1932,0.08609646935094899,0.8334672592949837
1939,0.08607216113719036,0.8330714477298169
1946,0.08604792560960701,0.832675859355976
1953,0.08602376162445875,0.8322804934482988
1960,0.08599966805718007,0.8318853492908751
1967,0.0859756438020538,0.8314904261801557
1974,0.08595168777189661,0.8310957234216825
1981,0.08592779889774883,0.8307012403328276
1988,0.08590397612857137,0.8303069762400955
1995,0.08588021843094916,0.829912930480839
2000,0.08586328792313254,0.8296316025355023
2008,0.08583626617781745,0.8291817082450494
2016,0.08580932569140269,0.8287320967216687
2024,0.08578246502043467,0.8282827670324571
2032,0.08575568274908776,0.8278337182603535
2040,0.08572897748864522,0.8273849495032822
2048,0.08570234787698223,0.8269364598752936
2056,0.08567579257805415,0.8264882485043401
2064,0.0856493102814046,0.8260403145336151
2072,0.08562289970167036,0.8255926571202401
2080,0.08559655957810895,0.825145275435176
2088,0.0855702886741273,0.8246981686639367
2096,0.08554408577681212,0.8242513360042691
2104,0.08551794969649826,0.8238047766685137
2112,0.08549187926629674,0.8233584898808738
2120,0.085465873341684,0.8229124748785548
2128,0.08543993080006465,0.8224667309116697
2136,0.08541405054035281,0.822021257242236
2144,0.08538823148255517,0.8215760531437147
2152,0.08536247256738633,0.8211311179023475
2160,0.08533677275584972,0.8206864508149042
2168,0.08531113102886777,0.8202420511901152
2176,0.0852855463868917,0.8197979183477165
2184,0.08526001784953428,0.8193540516176849
2192,0.08523454445519303,0.8189104503411743
2200,0.08520912526070451,0.818467113869827
2208,0.08518375934098453,0.8180240415654948
2216,0.08515844578867744,0.817581232799502
2224,0.08513318371382796,0.8171386869537337
2232,0.08510797224353864,0.8166964034196121
2240,0.08508281052165106,0.8162543815971117
2248,0.08505769770841917,0.8158126208969876
2250,0.08505142705021779,0.8157022214539738
2259,0.08502324593864764,0.8152056252318803
2268,0.08499512428432174,0.8147093577649489
2277,0.08496706096854958,0.8142134182562986
2286,0.08493905489675274,0.8137178059230596
2295,0.08491110499792806,0.8132225199952489
2304,0.08488321022415404,0.8127275597164814
2313,0.08485536955009033,0.8122329243424142
2322,0.08482758197248741,0.8117386131417779
2331,0.08479984650970829,0.8112446253950694
2340,0.08477216220128095,0.8107509603950713
2349,0.08474452810741925,0.8102576174456759
2358,0.08471694330859235,0.8097645958627335
2367,0.08468940690508608,0.8092718949729705
2376,0.08466191801656787,0.8087795141139196
2385,0.08463447578168262,0.808287452634126
2394,0.08460707935762837,0.8077957098924943
2403,0.08457972791977195,0.807304285257603
2412,0.08455242066124283,0.8068131781088609
2421,0.08452515679256178,0.806322387835075
2430,0.08449793554125738,0.8058319138343728
2439,0.0844707561515093,0.8053417555144481
2448,0.08444361788377525,0.8048519122925095
2457,0.08441652001445388,0.8043623835936866
2466,0.08438946183552844,0.8038731688532762
2475,0.08436244265424446,0.8033842675138668
2484,0.08433546179276429,0.8028956790273625
2493,0.08430851858786349,0.8024074028534156
2500,0.08428758838008932,0.8020278480744799
2510,0.0842577263253229,0.8014859536491351
2520,0.08422790849280755,0.8009444429225641
2530,0.08419813404763603,0.8004033151960296
2540,0.08416840217486365,0.7998625697815864
2550,0.08413871207902827,0.7993222060026399
2560,0.08410906298367993,0.7987822231918551
2570,0.08407945413092524,0.7982426206945946
2580,0.08404988478098312,0.7977033978641955
2590,0.08402035421175437,0.7971645540653807
2600,0.083990861718397,0.7966260886720534
2610,0.08396140661290193,0.796088001067139
2620,0.08393198822371034,0.7955502906434071
2630,0.08390260589529833,0.7950129568026768
2640,0.08387325898780715,0.7944759989549285
2650,0.08384394687665973,0.7939394165192148
2660,0.08381466895219478,0.7934032089230371
2670,0.08378542461931579,0.7928673756016986
2680,0.08375621329713312,0.7923319159984055
2690,0.08372703441863379,0.7917968295645673
2700,0.08369788743033063,0.791262115759232
2710,0.08366877179196025,0.7907277740482961
2720,0.08363968697614964,0.7901938039055774
2730,0.08361063246811737,0.789660204811287
2740,0.08358160776536125,0.7891269762529247
2750,0.08355261237736854,0.7885941177249294
2761,0.08352075073802175,0.7880084001332608
2772,0.08348892336907868,0.7874231290187066
2783,0.08345712966547188,0.7868383037348293
2794,0.08342536903798811,0.7862539236440637
2805,0.0833936409128456,0.7856699881180751
2816,0.0833619447312978,0.7850864965359317
2827,0.08333027994922354,0.7845034482859685
2838,0.08329864603674889,0.7839208427636715
2849,0.0832670424778745,0.7833386793731745
2860,0.08323546877010284,0.7827569575256763
2871,0.08320392442408103,0.7821756766402276
2882,0.08317240896326764,0.7815948361422403
2893,0.08314092192357883,0.7810144354650856
2904,0.08310946285307111,0.7804344740483671
2915,0.08307803131160876,0.7798549513390146
2926,0.08304662687057172,0.7792758667896592
2937,0.08301524911252886,0.778697219860082
2948,0.08298389763096538,0.7781190100152264
2959,0.08295257202997429,0.7775412367271333
2970,0.08292127192399437,0.7769638994730433
2981,0.0828899969375228,0.7763869977357741
2992,0.082858746704863,0.7758105310044181
3000,0.08283603460704604,0.7753915554101398
3012,0.08280199036375108,0.77476352250572
3024,0.0827679744133099,0.7741360056135971
3036,0.08273398632701907,0.7735090040954972
3048,0.08270002568834875,0.7728825173208733
3060,0.0826660920925822,0.7722565446658155
3072,0.0826321851464964,0.7716310855129679
3084,0.08259830446801711,0.7710061392508578
3096,0.0825644496858976,0.770381705274632
3108,0.08253062043942287,0.7697577829857062
3120,0.08249681637808377,0.7691343717907893
3132,0.08246303716130388,0.7685114711025809
3144,0.08242928245814043,0.7678890803393448
3156,0.08239555194701925,0.7672671989243907
3168,0.08236184531545393,0.7666458262866371
3180,0.0823281622597938,0.7660249618604155
3192,0.08229450248495893,0.7654046050839174
3204,0.0822608657042082,0.764784755401176
3216,0.08222725163888875,0.7641654122607998
3228,0.08219366001820942,0.7635465751152091
3240,0.08216009057900477,0.7629282434220175
3250,0.08213213280579336,0.7624133527320108
3263,0.0820958102269261,0.7617445185254577
3276,0.0820595128285888,0.7610762756945355
3289,0.08202324031193832,0.7604086235699943
3302,0.0819869923872299,0.7597415614882398
3315,0.08195076877351566,0.7590750887908394
3328,0.08191456919837735,0.7584092048241052
3341,0.08187839339766698,0.7577439089397101
3354,0.08184224111524134,0.7570792004933127
3367,0.0818061121027183,0.756415078845998
3380,0.08177000611922779,0.7557515433627483
3393,0.08173392293118911,0.7550885934133396
3406,0.08169786231207792,0.7544262283712629
3419,0.08166182404220217,0.753764447614455
3432,0.08162580790850063,0.7531032505248906
3445,0.0815898137043294,0.7524426364881517
3458,0.08155384122926293,0.751782604894037
3471,0.08151789028890166,0.7511231551354054
3484,0.08148196069468297,0.7504642866091721
3497,0.08144605226370451,0.7498059987153524
3500,0.08143776868929499,0.7496541685180871
3514,0.08139912672294304,0.7489460358106654
3528,0.08136050883542535,0.7482385749088927
3542,0.0813219148203803,0.7475317850775076
3556,0.08128334447806022,0.7468256655847498
3570,0.0812447976151314,0.7461202157033046
3584,0.08120627404443637,0.7454154347099438
3598,0.08116777358481327,0.7447113218843442
3612,0.08112929606087085,0.7440078765109083
3626,0.0810908413028099,0.7433050978769049
3640,0.0810524091462317,0.7426029852732171
3654,0.08101399943195864,0.7419015379942439
3668,0.0809756120058582,0.7412007553377015
3682,0.08093724671867278,0.7405006366039211
3696,0.08089890342586444,0.7398011810970656
3710,0.08086058198745018,0.7391023881240559
3724,0.08082228226784692,0.7384042569942563
3738,0.08078400413572615,0.7377067870203176
3750,0.08075121139353716,0.7371094813214878
3765,0.08071024251938279,0.7363635309179967
3780,0.08066929801192953,0.7356183372017682
3795,0.08062837772873638,0.7348738993400109
3810,0.0805874815320983,0.734130216503477
3825,0.08054660928886906,0.7333872878660241
3840,0.08050576087030333,0.7326451126048682
3855,0.08046493615191096,0.7319036898995654
3870,0.08042413501327109,0.7311630189336835
3885,0.08038335733792198,0.7304230988923057
3900,0.08034260301319875,0.7296839289645412
3915,0.08030187193010709,0.7289455083410669
3930,0.0802611639831845,0.7282078362163446
3945,0.08022047907037759,0.7274709117861429
3960,0.08017981709292815,0.7267347342498451
3975,0.08013917795524068,0.7259993028085857
3990,0.08009856156477768,0.7252646166660582
4000,0.08007149656412231,0.7247752395670278
4016,0.080028213444384,0.7239929238760027
4032,0.07998495593494032,0.7232114537059924
4048,0.07994172393631006,0.7224308281009215
4064,0.07989851735231868,0.7216510461069922
4080,0.07985533608999737,0.7208721067737189
4096,0.07981218005945274,0.720094009152453
4112,0.0797690491737486,0.7193167522975247
4128,0.07972594334879124,0.7185403352657308
4144,0.07968286250322183,0.7177647571161748
4160,0.07963980655831443,0.7169900169100848
4176,0.07959677543787662,0.7162161137114363
4192,0.07955376906814991,0.7154430465860994
4208,0.07951078737772002,0.7146708146023719
4224,0.07946783029742441,0.7138994168303288
4240,0.07942489776026881,0.7131288523426208
4250,0.07939807735893574,0.7126476722786097
4267,0.07935250457735804,0.7118304117279478
4284,0.0793069593108768,0.711014089074277
4301,0.07926144148795758,0.7101987032137926
4318,0.07921595103937709,0.7093842530450668
4335,0.07917048789811532,0.7085707374696553
4352,0.07912505199926287,0.7077581553905197
4369,0.07907964327993895,0.7069465057134606
4386,0.07903426167923472,0.7061357873464339
4403,0.07898890713808657,0.7053259991996027
4420,0.07894357959922671,0.7045171401851666
4437,0.07889827900713021,0.7037092092173495
4454,0.07885300530790915,0.7029022052130081
4471,0.07880775844926692,0.7020961270901608
4488,0.07876253838043029,0.7012909737692589
4500,0.07873063443450831,0.7007231864648847
4518,0.07868280346111324,0.699872367675521
4536,0.07863500237293752,0.6990225823542171
4554,0.07858723111592522,0.6981738292277451
4572,0.07853948963759337,0.6973261070255672
4590,0.07849177788696939,0.6964794144797587
4608,0.07844409581451381,0.6956337503241611
4626,0.07839644337206861,0.6947891132952572
4644,0.07834882051279235,0.6939455021315524
4662,0.07830122719110677,0.6931029155735049
4680,0.07825366336265381,0.692261352363951
4698,0.07820612898421654,0.6914208112476941
4716,0.07815862401370313,0.6905812909718032
4734,0.07811114841007391,0.6897427902850132
4750,0.07806897249482297,0.6889983112829744
4769,0.07801891865383082,0.6881152863151012
4788,0.07796889740514051,0.6872333932799105
4807,0.07791890870494488,0.6863526307151895
4826,0.07786895251050852,0.685472997161369
4845,0.07781902878010004,0.6845944911610692
4864,0.07776913747297406,0.6837171112593415
4883,0.07771927854929461,0.6828408560035354
4902,0.07766945197012552,0.6819657239432051
4921,0.07761965769736402,0.6810917136305962
4940,0.07756989569372438,0.6802188236196097
4959,0.07752016592269105,0.6793470524666053
4978,0.07747046834848247,0.6784763987302662
4997,0.07742080293602552,0.6776068609717658
5000,0.07741296396651828,0.6774696674561526
5020,0.07736072462888191,0.6765557536970644
5040,0.07730852084423832,0.6756430729614197
5060,0.07725635257410217,0.6747316235790212
5080,0.07720421978070191,0.6738214038817526
5100,0.0771521224269415,0.672912412204503
5120,0.07710006047638342,0.6720046468841193
5140,0.07704803389320133,0.671098106260875
5160,0.07699604264216423,0.6701927886766061
5180,0.0769440866886037,0.6692886924765394
5200,0.07689216599837768,0.6683858160077855
5220,0.07684028053787693,0.6674841576198791
5240,0.07678843027397363,0.6665837156653313
5250,0.07676251833051578,0.6661339503363768
5271,0.07670813184593891,0.6651904307652132
5292,0.07665378407473832,0.6642482476914825
5313,0.0765994749803822,0.6633073992174017
5334,0.07654520452681339,0.6623678834487067
5355,0.07649097267844024,0.6614296984937218
5376,0.07643677940009244,0.6604928424636103
5397,0.0763826246570243,0.6595573134723083
5418,0.07632850841487586,0.6586231096370101
5439,0.07627443063967014,0.6576902290774344
5460,0.07622039129778416,0.6567586699159582
5481,0.0761663903559389,0.6558284302781296
5500,0.07611756542189915,0.6549879203344378
5522,0.07606107049302249,0.6540160440047526
5544,0.07600461760258492,0.6530456098032619
5566,0.07594820671370134,0.6520766155879705
5588,0.07589183778982135,0.6511090592191899
5610,0.07583551079468412,0.6501429385613344
5632,0.07577922569234076,0.6491782514814097
5654,0.07572298244710178,0.6482149958502436
5676,0.07566678102356346,0.6472531695416714
5698,0.07561062138655797,0.6462927704330368
5720,0.07555450350116688,0.6453337964044633
5742,0.07549842733269889,0.6443762453398012
5750,0.07547804633501498,0.6440283973407094
5773,0.07541948165376834,0.643029379981191
5796,0.07536096247770961,0.6420319123281223
5819,0.0753024887679979,0.6410359919756274
5842,0.07524406048602847,0.6400416165222735
5865,0.07518567759340275,0.6390487835697779
5888,0.07512734005192592,0.6380574907242409
5911,0.07506904782359279,0.6370677355952028
5934,0.07501080087057428,0.6360795157960419
5957,0.07495259915523907,0.6350928289440951
5980,0.07489444264008563,0.6341076726600204
6000,0.0748439084695009,0.6332522573038745
6024,0.0747833125078724,0.63222728198496
6048,0.0747227656444014,0.6312039656973624
6072,0.0746622678371662,0.6301823057551964
6096,0.07460181904440173,0.6291622994762519
6120,0.07454141922448841,0.6281439441830375
6144,0.07448106833595632,0.6271272372027203
6168,0.07442076633746147,0.6261121758661377
6192,0.07436051318781768,0.6250987575091732
6216,0.07430030884592592,0.6240869794716106
6240,0.07424015327083627,0.6230768390978414
6250,0.07421510283114977,0.6226564299832072
6275,0.0741525137223124,0.62160664781091
6300,0.07408997742009966,0.6205586355538371
6325,0.07402749387865153,0.61951239022706
6350,0.0739650630522157,0.6184679088509853
6375,0.07390268489515765,0.6174251884512644
6400,0.07384035936194712,0.6163842260582415
6425,0.07377808640715662,0.6153450187076732
6450,0.0737158659854683,0.6143075634399418
6475,0.07365369805165081,0.6132718573007904
6500,0.07359158256056886,0.6122378973405277
6526,0.07352703803267406,0.6111644281639108
6552,0.07346255012754319,0.610092841163591
6578,0.07339811879471288,0.6090231330391214
6604,0.07333374398379294,0.6079553004959689
6630,0.07326942564449611,0.6068893402451698
6656,0.07320516372661952,0.6058252490035142
6682,0.0731409581800493,0.6047630234936355
6708,0.07307680895475109,0.6037026604443435
6734,0.07301271600076668,0.6026441565894104
6750,0.07297330213049157,0.6019936922855097
6777,0.07290683947096892,0.6008976254008156
6804,0.07284043735199919,0.5998035541595097
6831,0.07277409571795616,0.5987114749277281
6858,0.07270781451329106,0.5976213840784683
6885,0.07264159368253545,0.5965332779910877
6912,0.07257543317028727,0.595447153052043
6939,0.07250933292123586,0.5943630056534481
6966,0.0724432928801346,0.593280832194839
6993,0.07237731299182129,0.5922006290822859
7000,0.07236021690725217,0.5919208976162142
7028,0.07229187294467704,0.5908032924669363
7056,0.07222359353720538,0.5896877974685372
7084,0.07215537862356713,0.5885744086367319
7112,0.07208722814256713,0.5874631219949523
7140,0.0720191420330902,0.5863539335737245
7168,0.07195112023409794,0.5852468394113537
7196,0.07188316268461212,0.5841418355536202
7224,0.0718152693237457,0.5830389180535596
7250,0.07175228291049689,0.5820166450733835
7279,0.07168209400661951,0.5808785319380904
7308,0.07161197376493819,0.5797426443441684
7337,0.07154192211811654,0.5786089779398024
7366,0.07147193899887257,0.5774775283812054
7395,0.07140202434003129,0.5763482913334964
7424,0.07133217807446438,0.5752212624701663
7453,0.07126240013513135,0.5740964374730038
7482,0.07119269045508149,0.5729738120322507
7500,0.07114945668096537,0.5722781144613464
7530,0.07107745872847983,0.5711204951308438
7560,0.07100553363408266,0.5699652174639482
7590,0.07093368132393416,0.5688122767240282
7620,0.07086190172428192,0.5676616681837316
7650,0.07079019476145468,0.5665133871254655
7680,0.07071856036186275,0.5653674288409191
7710,0.07064699845200134,0.5642237886316621
7740,0.07057550895842882,0.5630824618084732
7750,0.07055169520707189,0.5627025328107735
7781,0.07047792363068878,0.5615263812517233
7812,0.07040422919359855,0.560352688065532
7843,0.0703306118150663,0.5591814481137859
7874,0.07025707141447197,0.5580126562688025
7905,0.07018360791125622,0.5568463074137389
7936,0.07011022122496138,0.5556823964421413
7967,0.07003691127522432,0.5545209182580801
7998,0.06996367798174959,0.5533618677769961
8000,0.06995895588356116,0.5532871735719849
8032,0.06988344564292423,0.5520934365768061
8064,0.0698080169048179,0.5509022751124719
8096,0.06973266958123696,0.5497136836218867
8128,0.06965740358426459,0.5485276565606257
8160,0.06958221882610299,0.5473441883954835
8192,0.06950711521901931,0.5461632736057208
8224,0.06943209267540289,0.5449849066823453
8250,0.06937119648760964,0.5440293558276006
8283,0.06929398208122779,0.5428189536518714
8316,0.06921685361952702,0.541611244480627
8349,0.06913981100681803,0.5404062223223801
8382,0.06906285414752218,0.5392038811984055
8415,0.06898598294617604,0.5380042151442038
8448,0.06890919730741046,0.5368072182079161
8481,0.06883249713598164,0.5356128844507932
8500,0.06878837516445428,0.5349264435243252
8534,0.06870949063425079,0.5337002705099265
8568,0.06863069656671938,0.5324769081627945
8602,0.06855199285811779,0.5312563500402928
8636,0.06847337940481166,0.5300385897145935
8670,0.06839485610328186,0.528823620772358
8704,0.06831642285013662,0.5276114368152844
8738,0.06823807954210555,0.5264020314593634
8750,0.06821045041826795,0.5259758447202346
8785,0.068129929354325,0.5247347699048408
8820,0.0680495033439731,0.5234966234875605
8855,0.06796917227500393,0.5222613985589113
8890,0.06788893603532523,0.5210290882250476
8925,0.06780879451298955,0.5197996856092245
8960,0.06772874759617493,0.5185731838499765
8995,0.0676487951731936,0.5173495761030953
9000,0.06763738110575897,0.5171750108438724
9036,0.06755525665132367,0.5159198785587127
9072,0.06747323191141316,0.5146677923547307
9108,0.06739130676496848,0.5134187448394198
9144,0.06730948109103936,0.5121727286380953
9180,0.06722775476885916,0.5109297363940721
9216,0.06714612767778662,0.5096897607687602
9250,0.06706912643150645,0.5085214359689378
9287,0.0669854312879448,0.507253066422445
9324,0.06690184058706597,0.5059878604818551
9361,0.06681835419853062,0.504725810255878
9398,0.0667349719921573,0.5034669078738375
9435,0.06665169383794779,0.5022111454844145
9472,0.0665685196060479,0.5009585152554159
9500,0.06650564594395994,0.5000126560991484
9538,0.0664204123758097,0.4987318459488044
9576,0.06633528804293105,0.49745431666458106
9614,0.06625027280532578,0.4961800598425973
9652,0.06616536652318415,0.49490906709999244
9690,0.06608056905685326,0.4936413300759657
9728,0.06599588026688964,0.49237684043054786
9750,0.06594689953209476,0.49164624846772087
9789,0.06586015937201971,0.49035377137860064
9828,0.0657735333015667,0.48906469205170816
9867,0.06568702117066147,0.4877790015548576
9906,0.06560062282942979,0.48649669097871767
9945,0.06551433812820928,0.48521775143848644
9984,0.06542816691753532,0.4839421740719376
10000,0.06539284742219822,0.4834198308463076
10040,0.06530463207599511,0.4821164380388587
10080,0.06521653573283125,0.4808165594289576
10120,0.06512855823217394,0.47952018554179987
10160,0.0650406994136995,0.4782273069277319
10200,0.06495295911730459,0.47693791416312326
10240,0.06486533718310687,0.4756519978491986
10250,0.06484345017493727,0.4753310608672217
10291,0.06475379062639867,0.474017481651643
10332,0.0646642550508275,0.4727075325172765
10373,0.06457484327680285,0.4714012034325735
10414,0.06448555513314723,0.470098484393107
10455,0.06439639044891207,0.46879936542280015
10496,0.06430734905338205,0.46750383657281347
10500,0.0642986686824089,0.46737763535604704
10542,0.0642075954982293,0.46605457765647484
10584,0.06411665131088713,0.46473526528302117
10626,0.06402583593767595,0.46341968763332125
10668,0.06393514919613752,0.46210783413531875
10710,0.06384459090407694,0.4607996942464476
10750,0.06375846416531812,0.4595572896761443
10793,0.06366600749991887,0.4582254405423092
10836,0.0635736849066777,0.4568974512580769
10879,0.06348149619117963,0.4555733106374037
10922,0.06338944115928101,0.4542530075264771
10965,0.0632975196171313,0.45293653080375695
11000,0.06322279817025127,0.4518677970837006
11044,0.06312898777052221,0.4505278231918964
11088,0.06303531656728696,0.4491918228736142
11132,0.06294178435397987,0.4478597843458986
11176,0.0628483909243861,0.4465316958605631
11220,0.0627551360725774,0.445207545703771
11250,0.06269163256682739,0.4443069680935085
11295,0.06259649777689048,0.44295951623668806
11340,0.06250150735435597,0.4416161508035793
11385,0.062406661080153365,0.4402768594012028
11430,0.062311958735532205,0.43894162967415234
11475,0.06221740010207533,0.43761044930474774
11500,0.062164929545059686,0.43687264985574603
11546,0.06206849931091341,0.4355183474231806
11592,0.06197221865933169,0.43416824331956894
11638,0.06187608735829894,0.432822324530079
11684,0.061780105176127,0.4314805780802266
11730,0.06168427188150826,0.4301429910358337
11750,0.06164265161261287,0.4295627255428892
11797,0.061544954486756474,0.42820218098858065
11844,0.0614474122005816,0.4268459456570629
11891,0.06135002450867474,0.4254940058998486
11938,0.06125279116603177,0.4241463481116038
11985,0.061155711928016804,0.42280295873007173
12000,0.0611247615921388,0.4223751137472201
12048,0.06102582573815844,0.4210089170485439
12096,0.060927050020644295,0.41964713939190057
12144,0.06082843418041146,0.41828976648386496
12192,0.060729977958652225,0.4169367840767235
12240,0.060631681097033784,0.41558817796943176
12250,0.060611222618651726,0.41530776788779045
12299,0.06051107581573656,0.4139364909940752
12348,0.06041109448355015,0.41256974182756817
12397,0.06031127834866211,0.41120750543849827
12446,0.060211627138128596,0.4098497669266899
12495,0.06011214057945018,0.40849651144053956
12500,0.0601019981368696,0.4083586756276092
12550,0.060000667784311366,0.406982872898774
12600,0.05989950827199172,0.4056117053918986
12650,0.059798519311899535,0.4042451574905888
12700,0.0596977006164721,0.40288321363086466
12750,0.05959705189865686,0.40152585830139437
12801,0.05949456502021803,0.4001460669368937
12852,0.059392254384737594,0.3987710170459474
12903,0.05929011968911725,0.3974006923349221
12954,0.05918816063082089,0.3960350765666177
13000,0.05909634796039099,0.3948073703512036
13052,0.05899273120875566,0.39342411080997747
13104,0.05888929613384141,0.3920456977004644
13156,0.05878604241710926,0.39067211404253577
13208,0.05868296974059154,0.38930334291566726
13250,0.0585998506804405,0.38820129877325255
13303,0.05849513034148988,0.3868150751836306
13356,0.058390597142081536,0.38543380164391816
13409,0.058286250747801076,0.38405746047837447
13462,0.058182090824796945,0.3826860340735115
13500,0.05810752471660511,0.38170576257274813
13554,0.058001726713751485,0.3803170631338567
13608,0.057896121340288875,0.3789334159795547
13662,0.05779070824549987,0.37755480272889846
13716,0.057685487079290935,0.37618120506783276
13750,0.057619335023627136,0.3753189122284001
13805,0.05751248492201605,0.3739282096027588
13860,0.05740583296472849,0.37254266007159137
13915,0.05729937878432636,0.3711622445405476
13970,0.05719312201404747,0.3697869439862628
14000,0.057135246850672235,0.36903892916598585
14056,0.05702736986141187,0.3676466808629936
14112,0.05691969655454789,0.36625968500151784
14168,0.056812226545526694,0.3648779217656812
14224,0.05670495945050489,0.36350137141502503
14250,0.05665522573888216,0.3628640252401694
14307,0.05654634672314282,0.3614706739915868
14364,0.05643767694917923,0.36008267303297237
14421,0.05632921601487693,0.35870000181962336
14478,0.056220963518893864,0.3573226398861133
14500,0.056179237518884866,0.35679244222569484
14558,0.05606938099206199,0.3553984163524168
14616,0.055959739285808545,0.3540098370860107
14674,0.055850311980077,0.3526266831458141
14732,0.05574109865559074,0.3512489333346572
14750,0.05570724830836883,0.3508224513166323
14809,0.05559643844410368,0.3494281650875042
14868,0.05548584899686361,0.34803942021998946
14927,0.05537547952820797,0.3466561946909147
14986,0.05526532960056466,0.34527846656462
15000,0.05523922450971114,0.3449523526342221
15060,0.05512748514392921,0.34355820661650743
15120,0.05501597180748631,0.34216969512527123
15180,0.05490468404317248,0.34078679538810797
15240,0.05479362139470091,0.3394094847247657
15250,0.05477513280756687,0.33918047474228163
15311,0.0546624874424263,0.3377868561454737
15372,0.05455007373309779,0.3363989636235132
15433,0.054437891203194144,0.3350167736493204
15494,0.054325939377283895,0.33364026279217096
15500,0.05431494016645206,0.3335051741723358
15562,0.05420141197429413,0.33211245718251386
15624,0.05408812107689455,0.3307255561762778
15686,0.053975066978261266,0.3293444468662279
15748,0.0538622491834409,0.3279691050658478
15750,0.053858613828459204,0.3279248349545863
15813,0.05374422565569256,0.32653338106293855
15876,0.05363008042743817,0.3251478314021525
15939,0.0535161776277015,0.3237681609193351
16000,0.053406121310883674,0.3224378681586474
16064,0.0532908956818375,0.3210480264815996
16128,0.05317591865623449,0.31966417560172083
16192,0.05306118969770652,0.31828628969632294
16250,0.05295743040392814,0.31704271144059876
16315,0.05284138952463882,0.31565481903318854
16380,0.05272560291533818,0.31427300229091404
16445,0.05261007001887048,0.3128972346167919
16500,0.05251250916842444,0.31173782859816673
16566,0.052395674930375224,0.31035221076059843
16632,0.05227910063495156,0.3089727517418074
16698,0.052162785703811256,0.30759942416700137
16750,0.05207132593348728,0.30652170913355803
16817,0.05195371991740649,0.3051386797103518
16884,0.051836379521132875,0.30376189053151526
16951,0.0517193041447239,0.3023913134411307
17000,0.05163384929437628,0.3013928678230708
17068,0.0515154927738469,0.3000127294958536
17136,0.05139740755337718,0.2986389110985327
17204,0.0512795930110642,0.2972713836909388
17250,0.051200048110163925,0.2963498442945285
17319,0.05108096205529265,0.2949728888680664
17388,0.05096215298236926,0.2936023313064684
17457,0.05084362024714833,0.2922381418827565
17500,0.05076989150154678,0.2913912026112173
17570,0.050650096582580316,0.2900177112931323
17640,0.05053058432765093,0.28865069401542576
17710,0.05041135406978922,0.287290120262217
17750,0.05034334884867124,0.2865155308628855
17821,0.0502228654395145,0.28514577453693074
17892,0.050102670375338415,0.28378256666012613
17963,0.04998276296606204,0.28242587592620116
18000,0.04992038978892334,0.28172144076417205
18072,0.04979923797071741,0.28035568025746493
18144,0.049678380175920224,0.27899654083613884
18216,0.049557815690943544,0.27764399040199683
18250,0.04950098421482042,0.27700756725911235
18323,0.049379183779371165,0.27564605360267985
18396,0.04925768304193113,0.2742912318914426
18469,0.04913648126506722,0.2729430692338438
18500,0.04908510227175273,0.2723725681320348
18574,0.04896267272504851,0.2710155428168485
18648,0.04884054854581034,0.26966527852650685
18722,0.04871872897240382,0.2683217415760532
18750,0.04867271435599595,0.26781512362595794
18825,0.048549674921552904,0.26646281885162293
18900,0.04842694651767539,0.26511734240039236
18975,0.04830452835811858,0.2637786597934643
19000,0.048263791112511785,0.26333393606672284
19076,0.04814016073478234,0.26198657498527617
19152,0.04801684704310315,0.26064610774336694
19228,0.047893849226294055,0.2593124990681256
19250,0.047858303432913654,0.2589277294930631
19327,0.04773410078059464,0.25758552644718324
19404,0.04761022046102201,0.2562502809760206
19481,0.04748666163769602,0.25492195701365267
19500,0.04745622245333513,0.2545952492938385
19578,0.04733146592271337,0.2532584100495539
19656,0.04720703736155119,0.2519285903359613
19734,0.04708293590767408,0.2506057532945552
19750,0.04705751955241758,0.2503352618504992
19829,0.04693222727058942,0.2490039838242625
19908,0.04680726858383846,0.24767978550849098
19987,0.04668264260391739,0.24636262925361177
20000,0.04666216634929265,0.24614655418578643
20080,0.04653635617742636,0.24482102666690347
20160,0.046410885213976814,0.2435026372661607
20240,0.04628575254437238,0.24219134754410868
20250,0.04627013470150375,0.24202793361861266
20331,0.04614382423800074,0.24070833798593297
20412,0.046017858582959266,0.2393959371122786
20493,0.04589223679508026,0.23809069176987616
20500,0.045881396703046126,0.23797822742409366
20582,0.04575460328672309,0.23666473735851098
20664,0.04562816026450525,0.23535849693166463
20746,0.04550206666806343,0.23405946612997555
20750,0.04549592468236086,0.23399628249997007
20833,0.045368665395571973,0.23268906419126342
20916,0.04524176207309173,0.2313891486468519
20999,0.0451152137192635,0.23009649506994073
21000,0.04511369120035426,0.2300809650382501
21084,0.04498598287206515,0.2287801773872833
21168,0.04485863606187424,0.22748674388022175
21250,0.04473466904852719,0.22623116020198913
21335,0.04460652825733733,0.2249369550188103
21420,0.04447875452067085,0.2236501536215173
21500,0.0443588312468919,0.22244577180832395
21586,0.04423027432416421,0.22115829400503878
21672,0.0441020899739664,0.21987826790142365
21750,0.04398615104217067,0.21872372201609946
21837,0.043857194074925145,0.21744310979544704
21924,0.04372861517891688,0.216169995470505
22000,0.043616601905856686,0.21506395101907153
22088,0.04348726073973766,0.21379033605879139
22176,0.04335830312336768,0.21252426348327427
22250,0.043250157532309645,0.21146541674398617
22339,0.04312044777456003,0.2101989243766355
22428,0.04299112702395279,0.20894001718779115
22500,0.04288679183690801,0.20792709455403294
22590,0.042756728859184155,0.20666784394295526
22680,0.04262706032408549,0.20541621962084522
22750,0.04252647895417235,0.20444797695701852
22841,0.04239607789549016,0.2031960812677403
22932,0.0422660766920679,0.2019518513076035
23000,0.04216919323591951,0.2010270733184515
23092,0.04203846900542965,0.1997826398864581
23184,0.041908150019211755,0.19854590996684487
23250,0.04181490924947781,0.19766340957970713
23343,0.04168387652924625,0.19642654007389973
23436,0.04155325441792053,0.1951974102209562
23500,0.04146360177582953,0.19435602798025808
23594,0.041332275023657106,0.1931268185631215
23688,0.041201364219810244,0.19190538331069829
23750,0.04111524580783229,0.1911039867853257
23845,0.04098363925996124,0.18988252826868593
23940,0.040852453973915216,0.18866887681522868
24000,0.040769816548447996,0.1879063600176115
24096,0.04063794422225184,0.18669273801516303
24192,0.040506498444716724,0.18548695437629664
24250,0.04042728940897266,0.18476223719354776
24347,0.04029516510567862,0.1835565322697443
24444,0.0401634726104909,0.182358695427487
24500,0.04008764000727096,0.18167072306422996
24598,0.03995527731454344,0.1804730108791969
24696,0.03982335166131885,0.17928319492784112
24750,0.039750844166078506,0.1786309373603781
24849,0.03961825646068729,0.17744128881203694
24948,0.0394861109974662,0.1762595630999968
25000,0.03941687791119769,0.1756420145416456
25100,0.03928407836161658,0.17446049590400875
25200,0.03915172622747141,0.1732869251728028
25250,0.03908571746994798,0.1727031035503825
25351,0.038952719038835855,0.17152977660859967
25452,0.038820173166427024,0.1703644211281973
25500,0.0387573392692863,0.16981336756907353
25602,0.03862415471610042,0.16864828975145163
25704,0.03849142783428938,0.16749120545253574
25750,0.03843171993425766,0.16697198378219502
25853,0.0382983618177157,0.16581520828880264
25956,0.038165466453993546,0.16466644689166787
26000,0.038108836286290075,0.16417814314187598
26104,0.03797531696684441,0.1630297190702606
26208,0.037842265449906876,0.1618893282107965
26250,0.03778866534152074,0.16143105013762782
26355,0.037654996983860795,0.16029102260534148
26460,0.037521801446019826,0.1591590459577947
26500,0.03747118430922651,0.15872992256961313
26606,0.03733737888460711,0.157598332833998
26712,0.037204051264249895,0.15647481023092932
26750,0.03715637059012975,0.156073991326172
26857,0.03702243987885021,0.15495087690096204
26964,0.03688899192286718,0.1538358444502494
27000,0.03684420177484629,0.15346250016467367
27108,0.03671015736853224,0.15234789493410633
27216,0.036576600634693764,0.1512413851328159
27250,0.036534655642223426,0.1508947054963127
27359,0.036400508946252366,0.14978863982605942
27468,0.03626685480554294,0.14869068167192986
27500,0.03622771015783513,0.1483698761742379
27610,0.036093472393637506,0.1472723770199942
27720,0.03595973203259606,0.14618299612010122
27750,0.03592334347235693,0.14588729328537703
27861,0.03578902567964959,0.14479838429875705
27972,0.03565521010270624,0.14371760297530348
28000,0.035621533920041915,0.14344624994595756
28112,0.035487146959141215,0.14236595157749035
28224,0.03535326699087027,0.14129378897112366
28250,0.03532226001718778,0.1410460510999105
28363,0.03518781457119949,0.13997438069987378
28476,0.03505388085855629,0.1389108528705828
28500,0.03502550046054022,0.13868601332117003
28614,0.0348910070376438,0.13762298523781546
28728,0.03475703005222198,0.13656810526312768
28750,0.03473123412584652,0.1363654646190238
28865,0.03459670306145023,0.13531109029430027
28980,0.03446269310169429,0.13426486836517276
29000,0.034439440066355374,0.13408374424680408
29116,0.03430488152520526,0.13303803230972497
29232,0.034170848718553706,0.13200047582398586
29250,0.03415009751125679,0.13184020251366182
29367,0.034015521489688255,0.1308031588715414
29484,0.03388147579475756,0.12977427252506385
29500,0.03386318586425784,0.12963420059967007
29618,0.03372860219223063,0.12860582852678565
29736,0.03359455340090979,0.12758561440236937
29750,0.033578684702140905,0.12746511037383396
29869,0.03344410304532451,0.12644541059832973
29988,0.033310060784952314,0.12543386825217714
30000,0.033296573773209374,0.12533231421535743
30120,0.033162003635129444,0.1243212850033889
30240,0.033027977370483616,0.12331841154977399
30250,0.0330168329959558,0.12323520483771842
30371,0.03288228371995933,0.12223284207596052
30492,0.03274828275540526,0.12123863226942222
30500,0.032739442457617125,0.12117318511564773
30622,0.032604923228903716,0.12017948239159314
30744,0.032470956710361785,0.11919392870733206
30750,0.03246438241266304,0.11914566791532366
30873,0.032329902260337454,0.11816061659548338
30996,0.032195979177341134,0.11718370930737113
31000,0.03219163328144788,0.117152075927034
31124,0.03205720108047693,0.11617566523316389
31248,0.031923330268129185,0.11520739249025008
31250,0.03192117564889825,0.11519184150082279
31375,0.03178680012203863,0.11422405858440537
31500,0.0316529902630176,0.11326440648492637
31626,0.03151867998276666,0.11230523649946804
31750,0.03138705803351552,0.11136922206674706
31877,0.03125282142402586,0.11041864823844126
32000,0.031123360030564772,0.10950574861664435
32128,0.0309892053695421,0.10856375231323843
32250,0.03086187748330235,0.10767345553429081
32379,0.030727812903868713,0.10674001633200147
32500,0.03060259177862033,0.10587182109752967
32630,0.0304686252711511,0.10494691684645815
32750,0.03034548445977496,0.10410033231394658
32881,0.030211623873701715,0.10318393920155068
33000,0.03009053722508799,0.1023584847746157
33132,0.029956790270765612,0.1014505773878973
33250,0.029837731926610645,0.10064578251064074
33383,0.029704106177088158,0.09974633389634396
33500,0.02958705056890934,0.09896173785188064
33634,0.02945355346165731,0.09807071957530326
33750,0.029338475307722916,0.0973058712880198
33885,0.029205114146396354,0.0964232534902956
34000,0.029091988448700982,0.09567771133217713
34136,0.028958770404874552,0.09480346278602042
34250,0.028847572446170384,0.09407679438647822
34387,0.028714504561058025,0.09321088255049453
34500,0.028605209901844782,0.09250266461027096
34638,0.02847229908795,0.09164505568167701
34750,0.0283648835635857,0.09095487379009615
34889,0.028232136606425914,0.09010553275634083
35000,0.028126576324283167,0.08943298121221872
35140,0.027993999883940218,0.08859187190088896
35250,0.027890271220479053,0.08793655353713783
35391,0.027757871833335647,0.0871036386647916
35500,0.02765595143124883,0.08646516467613993
35642,0.02752373551154595,0.08564040589559274
35750,0.02742360027699724,0.08501839566992135
35893,0.027291574118439348,0.08420175361661768
36000,0.027193201218278854,0.083595834569458
36144,0.02706137099556696,0.08278726890619408
36250,0.026964737854565587,0.0821970763185925
36395,0.0268331096250546,0.08139654577922419
36500,0.02673819392314134,0.08082172263869401
36646,0.026606773628276077,0.08002918507067922
36750,0.026513553297932542,0.07946938191534983
36897,0.026382346764799836,0.07868479432095855
37000,0.026290799988311183,0.07813966908672978
37148,0.026159812931204042,0.07736298766338229
37250,0.026069918138040014,0.07683220553404423
37399,0.025939156159853337,0.07606338571328822
37500,0.02585089202406593,0.07554661897368563
37650,0.02572036061781181,0.0747856154591644
37750,0.025633706055429247,0.0742825433512739
37901,0.0255034106057054,0.07352931015573894
38000,0.025418344772184603,0.07303961873733762
38152,0.025288290556574864,0.0722941092185162
38250,0.02520479284426666,0.07181749122495196
38403,0.025074985034784756,0.07107965812038548
38500,0.024993035070381413,0.07061581282883472
38654,0.0248634787348783,0.06988560828988177
38750,0.024783056376960152,0.0694342413863574
38905,0.02465375648046732,0.06871161701109879
39000,0.024574841817090694,0.06827244046011816
39156,0.024445803223274113,0.06755734732529853
39250,0.024368376569447635,0.06713007924208748
39407,0.024239604041845584,0.06642246793424791
39500,0.024163645937151496,0.06600683245946012
39658,0.024035144140663052,0.06530665310515005
39750,0.02396063534689726,0.06490238028200566
39909,0.023832408848976448,0.06420958257704813
40000,0.023759330347735634,0.06381640823102452
40160,0.023631383619791863,0.06313094146903775
40250,0.023559716610200763,0.06274860708980658
40411,0.023432054028793562,0.06207042018976713
40500,0.02336177992517104,0.06169867281556877
40662,0.0232344057733536,0.061027714348630524
40750,0.02316550620287627,0.06066630645290324
40913,0.023038424671505277,0.060002524668487996
41000,0.022970881471975325,0.059651214048625195
41164,0.022844096660890063,0.05899455689957909
41250,0.022777891878514336,0.058653106568085894
41415,0.022651407797742114,0.0580035217352468
41500,0.022586523684840945,0.05767169981290615
41666,0.02246034425595389,0.05702913472877658
41750,0.022396763268854408,0.05670671433999704
41917,0.022270892325990027,0.056071116211849154
42000,0.022208597122780203,0.05575787538203974
42168,0.022083038414013097,0.05512919121418655
42250,0.0220220118524075,0.054824912769204565
42419,0.02189676904079527,0.05420308938469484
42500,0.02183699417598677,0.053907560852269144
42670,0.02171207084082993,0.053292544913832465
42750,0.021653530923436377,0.053005558426970585
42921,0.021528930561363475,0.052397296457318325
43000,0.021471609035262868,0.05211864865960413
43172,0.021347335061392317,0.051517087061162835
43250,0.021291215561726758,0.051246579013871675
43423,0.02116727131076745,0.05065166408784579
43500,0.021112337661856096,0.05038910117907315
43674,0.02098872638928029,0.049800779143847104
43750,0.02093496260255503,0.04954597099931677
43925,0.02081168748568193,0.0489641880083839
44000,0.020759077757787295,0.0487169484039892
44176,0.020636141896753866,0.04814165056323668
44250,0.02058467060748211,0.047901797339486844
44427,0.02046207702648694,0.047332930723907825
44500,0.02041172873680974,0.04710028570190578
44678,0.020289480385089566,0.046537796371792735
44750,0.02024023983528424,0.04631218527103959
44929,0.020118339588074574,0.04575601928761592
45000,0.020070191695736313,0.045537271645281215
45180,0.019948642355529365,0.044987375085888175
45250,0.0199015722136836,0.04477532417786834
45431,0.019780376511017838,0.04423164315052413
45500,0.019734369386227368,0.044026125913959054
45682,0.019613529980857636,0.04348860657151541
45750,0.01956857131137295,0.04328946352888153
45933,0.01944809079320576,0.04275805208267812
46000,0.019404166187147957,0.04256512726741439
46184,0.019284047077181416,0.04203977000040406
46250,0.01924114231065107,0.04185291088400663
46435,0.019121387062074016,0.0413335541635462
46500,0.019079488077332632,0.041152611584123575
46686,0.018960099076412856,0.040639201874181
46750,0.018919191980209908,0.04046402996645613
46937,0.018800171547200865,0.03995651383947506
47000,0.01876024260885341,0.03978696996615438
47188,0.018641592999040908,0.03928529411446089
47250,0.018602628648802952,0.03912123879899253
47439,0.01848435205336688,0.03862535004581126
47500,0.018446338880609515,0.038466646906512164
47690,0.01832843742754326,0.03797649221652072
47750,0.018291362179073775,0.0378230079019931
47941,0.018173837934134067,0.03733853439154536
48000,0.01813768751248933,0.037190138517433496
48192,0.018020542480074342,0.036711293464383156
48250,0.017985303941843916,0.03656785855132668
48443,0.017868540065828407,0.03609458940449965
48500,0.017834200619987216,0.03595599081737571
48694,0.01771781978468048,0.03548824520560557
48750,0.017684366790959524,0.03535436109404291
48945,0.017568370821904697,0.03489208683493526
49000,0.017535791789061693,0.03476279807491745
49196,0.017420182453965195,0.034305943183253446
49250,0.0173884650383313,0.03418113331995406
49447,0.01727324404784624,0.03372964601573444
49500,0.017242376051586204,0.03360920120751826
49698,0.01712754506012298,0.03316302992368497
49750,0.01709751442975976,0.033046838887247125
49949,0.016983075036442363,0.032605932277100076
50000,0.016953869861162346,0.03249388623359629
50200,0.016839823610472985,0.032058193177919116
50250,0.016811432120732796,0.0319501858003662
50451,0.016697780503433544,0.03151965541419975
50500,0.016670191069322837,0.03141558277575556
50702,0.01655693552324058,0.030990164414942886
50750,0.016530136652971025,0.030889924938381823
50953,0.016417278563695552,0.030469568205767916
51000,0.01639125890218027,0.030373062613853582
51204,0.016278799603928227,0.029957717365273206
51250,0.01625354793118072,0.029864848632213198
51455,0.01614148870757065,0.029454464982122005
51500,0.01611699393731022,0.02936513828598527
51706,0.01600533602205907,0.028959666612949308
51750,0.015981587200225886,0.028873789289025523
51957,0.01587033177793275,0.028473180240824972
52000,0.015847318081252205,0.028390661735963905
52208,0.01573646628817292,0.027994866234549866
52250,0.01571417702274472,0.02791561806237018
52459,0.015603729947397029,0.027524587308537195
52500,0.015582154547292199,0.027448523005607947
52710,0.015472113231306865,0.027062208483434828
52750,0.015451241257102245,0.02698924356631161
52961,0.015341606695938453,0.02660759704737878
53000,0.01532142783342475,0.026537648970510842
53212,0.015212200976938544,0.026160622517893084
53250,0.01519270503571287,0.026093610632385602
53463,0.015083886789013462,0.025721156604442158
53500,0.015065063701064028,0.025657002117681627
53714,0.014956654925116903,0.02528907317163631
53750,0.014938494743639612,0.025227699107673425
53965,0.014830496255927353,0.024864248202955193
54000,0.014812989153819896,0.024805579363801542
54216,0.014705401729047466,0.024446559765264733
54250,0.014688537997750387,0.024390522692830142
54467,0.014581362368536755,0.02403588797369199
54500,0.01456513241662284,0.02398241091267727
54718,0.014458369274104184,0.02363211495734048
54750,0.014442763626063912,0.02358112781869453
54969,0.014336413620559185,0.023235124825343963
55000,0.014321422915459632,0.023186559150641637
55220,0.014215486657095768,0.022844803633704135
55250,0.014201101647446247,0.02279859256009902
55471,0.014095579706799163,0.0224610393525008
55500,0.014081791257150401,0.02241711757852465
55722,0.013976684165880276,0.02208372183380702
55750,0.013963483251690825,0.0220420255857843
55973,0.013858791503180696,0.021712742780021294
56000,0.013846169209589629,0.02167320977919532
56224,0.013741893259456633,0.021347995712838852
56250,0.013729840780033923,0.0213105651431621
56475,0.013625981046799929,0.020989375942619876
56500,0.01361448968242485,0.020953988419236395
56726,0.013511046548133829,0.02063678053840467
56750,0.013500107705735051,0.02060337807673417
56977,0.013397081516478967,0.020290108298326514
57000,0.013386686707897014,0.020258634283823275
57228,0.013284077774424646,0.019949259720619228
57250,0.013274218615227365,0.0199196588791036
57479,0.013172027213510455,0.019614136974984372
57500,0.01316269542195247,0.019586355343650493
57730,0.01306092179372932,0.019284643874570673
57750,0.013052109189475351,0.019258628773503195
57981,0.01295075354285794,0.01896068584834418
58000,0.012942452045951167,0.018936385852718285
58232,0.012841514555894962,0.018642169913937755
58250,0.012833716185635578,0.018619534826712376
58483,0.012733196994589075,0.01832900465098541
58500,0.01272589386838044,0.018307985476192015
58734,0.012625793086712016,0.018021100174855153
58750,0.012618977419090145,0.018001649091444943
58985,0.01251929512568676,0.017718368110886076
59000,0.012512959227091683,0.01770043844708974
59236,0.012413695469839272,0.017420721568977247
59250,0.012407831745687657,0.017404267777230073
59487,0.012308986542070839,0.017128075118687944
59500,0.012303587491613307,0.017113052751038058
59738,0.012205160829088303,0.016840344764698915
59750,0.01220021904441533,0.016826710448739436
59989,0.012102210881039265,0.0165574479227138
60000,0.012097719046048687,0.01654515933801389
60240,0.012000129310856146,0.0162793033957325
60250,0.011996080200206073,0.016268319250759913
60491,0.011898908793852152,0.01600583135078349
60500,0.011895295271954794,0.015996111360295773
60742,0.01179854206708253,0.01573695329598641
60750,0.01179535708708565,0.015728458158886738
60993,0.011699021928854173,0.015472592058006981
61000,0.01169625853174332,0.015465283435689366
61244,0.01160034123821985,0.015212671759950239
61250,0.01159799255172243,0.015206512255053463
61495,0.011502492914478845,0.014957117799557103
61500,0.011500552152224387,0.014952070935176745
61746,0.011405469936702203,0.01470585682777018
61750,0.011403930397092905,0.014701887027141229
61997,0.01130926534307796,0.014458816727732287
62000,0.011308120408532178,0.014455889294256771
62248,0.011213872230603291,0.014215926594050188
62250,0.011213115366449443,0.014214007691804783
62499,0.011119283754487768,0.013977116712448603
62500,0.011118908508126085,0.01397617334707716
62750,0.011025493127642887,0.013742318539767819
63000,0.010932862575372028,0.013512376682706303
63250,0.010841010257640143,0.013286282302869738
63500,0.01074992963605371,0.013063971022764114
63750,0.010659614227269897,0.012845379542084338
64000,0.010570057602335686,0.012630445619687533
64250,0.01048125338633974,0.01241910805587559
64500,0.0103931952579464,0.012211306674966772
64750,0.010305876948880282,0.012006982308165751
65000,0.010219292243574369,0.011806076776711437
65250,0.010133434978660785,0.011608532875308471
65500,0.010048299042578004,0.011414294355845404
65750,0.009963878375037738,0.011223305911382502
66000,0.009880166966788685,0.011035513160385457
66250,0.009797158858959128,0.010850862631263027
66500,0.009714848142761934,0.010669301747126724
66750,0.009633228959104812,0.010490778810823586
67000,0.009552295498056015,0.010315242990228235
67250,0.009472041998541401,0.010142644303741687
67500,0.009392462747866297,0.009972933606088783
67750,0.009313552081360412,0.009806062574311897
68000,0.009235304381892778,0.009641983694005023
68250,0.009157714079533289,0.009480650245800757
68500,0.009080775651225614,0.00932201629204891
68750,0.009004483620243501,0.009166036663751681
69000,0.008928832555843634,0.009012666947697421
69250,0.008853817072999634,0.008861863473810848
69500,0.008779431831836918,0.008713583302724096
69750,0.00870567153741875,0.008567784213544932
70000,0.00863253093927352,0.00842442469183992
70250,0.008560004831013041,0.008283463917810527
70500,0.00848808804999789,0.008144861754669958
70750,0.00841677547698046,0.008008578737217898
71000,0.008346062035711041,0.007874576060599273
71250,0.008275942692602454,0.007742815569258745
71500,0.008206412456343421,0.007613259746073224
71750,0.008137466377548348,0.007485871701671912
72000,0.008069099548450294,0.007360615163932244
72250,0.008001307102445013,0.0072374544676472264
72500,0.007934084213898433,0.007116354544377674
72750,0.007867426097673196,0.006997280912464794
73000,0.007801328008831583,0.006880199667204741
73250,0.0077357852423183765,0.006765077471203342
73500,0.00767079313258564,0.006651881544881564
73750,0.007606347053326742,0.006540579657142359
74000,0.0075424424170161255,0.006431140116189342
74250,0.007479074674792779,0.006323531760505403
74500,0.007416239315916266,0.006217723949981582
74750,0.007353931867574288,0.0061136865571917685
75000,0.007292147894539511,0.006011389958811318
75250,0.00723088299880422,0.0059108050271899125
75500,0.007170132819433114,0.005811903122045112
75750,0.007109893031951022,0.005714656082319681
76000,0.007050159348329052,0.005619036218157749
76250,0.006990927516582781,0.005525016303019141
76500,0.006932193320371384,0.005432569565931464
76750,0.0068739525788325566,0.005341669683862784
77000,0.006816201146201767,0.005252290774228614
77250,0.006758934911566005,0.005164407387523568
77500,0.006702149798531759,0.005077994500070646
77750,0.006645841764961378,0.004993027506900141
78000,0.006590006802682361,0.00490948221474487
78250,0.00653464093718367,0.004827334835145281
78500,0.006479740227370669,0.00474656197767871
78750,0.006425300765210847,0.004667140643305159
79000,0.0063713186755807545,0.004589048217810169
79250,0.00631779011583466,0.004512262465369973
79500,0.006264711275679981,0.0044367615222180605
79750,0.006212078376766567,0.0043625238904233055
80000,0.006159887672546527,0.004289528431764525
80250,0.00610813544790884,0.004217754361714539
80500,0.006056818018985005,0.004147181243519856
80750,0.006005931732875254,0.004077788982385212
81000,0.0059554729672864305,0.0040095578197454716
81250,0.005905438130416959,0.003942468327648668
81500,0.00585582366067184,0.0038765014032144576
81750,0.005806626026290937,0.003811638263199959
82000,0.005757841725279935,0.0037478604386529915
82250,0.005709467285003812,0.003685149769650732
82500,0.005661499262016641,0.0036234884001266664
82750,0.005613934241836565,0.0035628587727921392
83000,0.005566768838608472,0.0035032436241342418
83250,0.005519999694960186,0.00344462597949447
83500,0.005473623481736469,0.003386989148247966
83750,0.005427636897736184,0.0033303167190397625
84000,0.005382036669473998,0.003274592555117428
84250,0.005336819551000186,0.0032198007897347343
84500,0.005291982323618823,0.0031659258216330264
84750,0.005247521795669076,0.003112952310603165
85000,0.005203434802350082,0.0030608651731101276
85250,0.00515971820540051,0.003009649578005936
85500,0.005116368892922626,0.0029592909423011974
85750,0.00507338377917447,0.0029097749270167545
86000,0.00503075980436644,0.002861087433096736
86250,0.00498849393439188,0.002813214597397007
86500,0.004946583160639996,0.0027661427887373737
86750,0.0049050244997409466,0.0027198586040198805
87000,0.004863814993488871,0.002674348864411424
87250,0.004822951708382823,0.0026296006115939224
87500,0.004782431735730963,0.0025856011040716275
87750,0.004742252191115429,0.0025423378135447467
88000,0.004702410214504005,0.002499798421342638
88250,0.00466290296977297,0.0024579708149146955
88500,0.004623727644718335,0.0024168430843823424
88750,0.004584881450681124,0.00237640351914894
89000,0.004546361622513498,0.002336640604561796
89250,0.004508165418231761,0.002297543018637794
89500,0.004470290118903858,0.00225909962883734
89750,0.004432733028489719,0.002221299488894242
90000,0.004395491473507883,0.0021841318357000536
90250,0.004358562803024468,0.00214758608623865
90500,0.004321944388338663,0.0021116518345736454
90750,0.004285633622837798,0.002076318848883304
91000,0.004249627921810337,0.0020415770685507646
91250,0.004213924722236223,0.0020074166012964034
91500,0.004178521482716982,0.001973827720361571
91750,0.004143415683067402,0.0019408008617395446
92000,0.004108604824412973,0.0019083266214545427
92250,0.0040740864287759455,0.0018763957528789333
92500,0.00403985803904088,0.0018449991641039732
92750,0.004005917218724637,0.0018141279153517877
93000,0.00397226155180806,0.0017837732164268233
93250,0.003938888642590152,0.0017539264242150778
93500,0.0039057961154751884,0.001724579040222384
93750,0.0038729816148557828,0.0016957227081548258
94000,0.0038404428048494626,0.001667349211539142
94250,0.003808177369289181,0.001639450471383822
94500,0.0037761830114401295,0.001612018543877354
94750,0.003744457453774652,0.0015850456181279355
95000,0.003712998438046246,0.0015585240139378905
95250,0.0036818037248549694,0.001532446179618656
95500,0.003650871093712481,0.0015068046898387099
95750,0.0036201983426595997,0.001481592243510252
96000,0.003589783288409327,0.001456801661709941
96250,0.003559623765865825,0.001432425885635733
96500,0.0035297176282112525,0.001408457974595534
96750,0.0035000627465977415,0.0013848911040313255
97000,0.0034706570101640413,0.00136171856357764
97250,0.0034414983256696153,0.0013389337551478078
97500,0.0034125846175074416,0.0013165301910584512
97750,0.003383913827548292,0.0012945014921795447
98000,0.003355483914876819,0.0012728413861194583
98250,0.003327292855819113,0.0012515437054388438
98500,0.0032993386435904116,0.0012306023858941425
98750,0.003271619288340068,0.0012100114647117253
99000,0.0032441328169598937,0.0011897650788882982
99250,0.0032168772728419313,0.0011698574635235898
99500,0.0031898507158355832,0.0011502829501776855
99750,0.003163051222161316,0.001131035965256607
100000,0.003136476884113303,0.0011121110284272116
100250,0.0031101258100584275,0.0010935027510539095
100500,0.0030839961242426716,0.0010752058346672924
100750,0.0030580859666760572,0.0010572150694528719
101000,0.003032393492998506,0.0010395253327697865
101250,0.0030069168743396086,0.0010221315876900643
101500,0.0029816542971870734,0.0010050288815671498
101750,0.0029566039633100094,0.000988212344622372
102000,0.002931764089507899,0.0009716771885611873
102250,0.0029071329076049163,0.0009554187052087229
102500,0.0028827086642992518,0.0009394322651685622
102750,0.0028584896209925903,0.0009237133165055777
103000,0.002834474053687261,0.0009082573834490157
103250,0.0028106602529037925,0.0008930600651189412
103500,0.002787046523500105,0.0008781170342723854
103750,0.002763631184525952,0.000863424036071498
104000,0.0027404125692815882,0.0008489768868723153
104250,0.002717389024957281,0.0008347714730329911
104500,0.0026945589126908492,0.000820803749742487
104750,0.0026719206073217046,0.0008070697398696153
105000,0.0026494724974245637,0.0007935655328299003
105250,0.0026272129850428588,0.0007802872834725094
105500,0.002605140485728718,0.0007672312109846678
105750,0.002583253428220592,0.000754393597816433
106000,0.002561550254610406,0.0007417707886203262
106250,0.0025400294199466973,0.0007293591892123363
106500,0.002518689392311366,0.0007171552655477021
106750,0.00249752865268141,0.00070515554271457
107000,0.002476545694764564,0.0006933566039444522
107250,0.0024557390249121064,0.0006817550896397567
107500,0.002435107162060844,0.0006703476964170922
107750,0.00241464863755837,0.0006591311761664629
108000,0.00239436199513293,0.000648102335126365
108250,0.0023742457906769736,0.0006372580329749404
108500,0.002354298592289801,0.0006265951819350867
108750,0.0023345189800429785,0.000616110745895904
109000,0.0023149055459912955,0.0006058017395475129
109250,0.002295456893981263,0.0005956652275316439
109500,0.002276171639591759,0.0005856983236056141
109750,0.0022570484100226996,0.0005758981898202162
110000,0.0022380858440655747,0.0005662620357126737
110250,0.002219282591899879,0.0005567871175101621
110500,0.0022006373150206837,0.0005474707373506368
110750,0.002182148686196577,0.0005383102425134907
111000,0.0021638153893993894,0.0005293030246643231
111250,0.002145636119572965,0.0005204465191125481
111500,0.002127609582681075,0.0005117382040811325
111750,0.0021097344955086457,0.000503175599988005
112000,0.002092009585686611,0.0004947562687408873
112250,0.0020744335914844787,0.00048647781304219344
112500,0.002057005261800884,0.0004783378757072437
112750,0.0020397233560319216,0.0004703341389923506
113000,0.002022586643993026,0.00046246432393547973
113250,0.0020055939058123973,0.0004547261897069416
113500,0.0019887439319318553,0.0004471175329716325
113750,0.001972035522920715,0.00043963618726128734
114000,0.0019554674894151033,0.00043228002235812225
114250,0.0019390386520810466,0.0004250469436875455
114500,0.00192274784136997,0.0004179348917228755
114750,0.0019065938977543104,0.0004109418413975823
115000,0.0018905756713031526,0.00040406580152980607
115250,0.001874692021796907,0.0003973048142545737
115500,0.001858941818570894,0.00039065695446679187
115750,0.0018433239405021855,0.000384120329273298
116000,0.0018278372758714489,0.0003776930774530201
116250,0.001812480722272503,0.00037137336892793414
116500,0.0017972531865396394,0.0003651594042415893
116750,0.0017821535848225527,0.00035904941404640926
117000,0.0017671808422121417,0.00035304165860080417
117250,0.0017523338929139837,0.00034713442727262735
117500,0.0017376116800768065,0.00034132603805308063
117750,0.0017230131557733153,0.00033561483707724896
118000,0.0017085372807918201,0.00032999919815344806
118250,0.0016941830247073713,0.0003244775222998361
118500,0.0016799493657327967,0.00031904823728966567
118750,0.0016658352906565642,0.0003137097972030744
119000,0.0016518397948595497,0.0003084606819872646
119250,0.0016379618820503638,0.00030329939702337363
119500,0.0016242005643387046,0.0002982244727014139
119750,0.001610554862194495,0.00029323446400116265
120000,0.0015970238042610843,0.00028832795008115216
120250,0.0015836064273175192,0.00028350353387423014
120500,0.0015703017763422124,0.0002787598416890282
120750,0.0015571089042485079,0.00027409552281972975
121000,0.0015440268719075568,0.0002695092491609192
121250,0.0015310547480925872,0.00026499971482951424
121500,0.0015181916094455835,0.0002605656357930487
121750,0.0015054365402833818,0.00025620574950399816
122000,0.001492788632717488,0.0002519188145401917
122250,0.0014802469863745267,0.0002477036102515706
122500,0.001467810708543979,0.00024355893641231848
122750,0.0014554789139641755,0.00023948361287931107
123000,0.0014432507247841982,0.000235476479256021
123250,0.0014311252706123124,0.00023153639456227455
123500,0.00141910168829986,0.00022766223690907122
123750,0.0014071791219643203,0.00022385290317938282
124000,0.001395356722940762,0.00022010730871380857
124250,0.001383633649662774,0.00021642438700210227
124500,0.0013720090676488383,0.00021280308937919956
124750,0.0013604821494466672,0.00020924238472669668
125000,0.0013490520744821877,0.000205741259179243
125250,0.001337718029166052,0.0002022987158359512
125500,0.0013264792066997257,0.00019891377447644876
125750,0.001315334807089065,0.00019558547128167823
126000,0.0013042840370060226,0.000192312858559821
126250,0.0012933261098383461,0.00018909500447597085
126500,0.0012824602455809,0.00018593099278722567
126750,0.001271685670734251,0.0001828199225814472
127000,0.0012610016183752196,0.00017976090802100124
127250,0.001250407327923468,0.000176753078090568
127500,0.0012399020453060237,0.00017379557634871826
127750,0.0012294850227101309,0.00017088756068459998
128000,0.001219155518602649,0.00016802820307771713
128250,0.0012089127976787977,0.00016521668936237378
128500,0.001198756130873437,0.0001624522189959007
128750,0.0011886847951929713,0.0001597340048305002
129000,0.0011786980737018829,0.0001570612728893242
129250,0.0011687952555678141,0.00015443326214593773
129500,0.001158975635800889,0.000151849224307827
129750,0.0011492385154946653,0.00014930842360302485
130000,0.0011395832014666192,0.00014681013657096202
130250,0.00113000900645821,0.00014435365185614565
130500,0.0011205152489335085,0.00014193827000584245
130750,0.0011111012530893507,0.00013956330327086257
131000,0.0011017663488585685,0.00013722807540960852
131250,0.001092509871684602,0.00013493192149573196
131500,0.0010833311627134368,0.0001326741877285706
131750,0.0010742295685444133,0.00013045423124724543
132000,0.0010652044413077787,0.0001282714199473931
132250,0.0010562551385937125,0.0001261251323012445
132500,0.001047381023339462,0.00012401475718075872
132750,0.001038581463859492,0.00012193969368350815
133000,0.0010298558337571754,0.00011989935096156744
133250,0.0010212035119521097,0.00011789314805329054
133500,0.0010126238825473159,0.0001159205137179328
133750,0.0010041163347540927,0.00011398088627305972
134000,0.0009956802630675218,0.00011207371343437192
134250,0.0009873150669067287,0.00011019845215871634
134500,0.0009790201508553785,0.00010835456848933751
134750,0.0009707949244505756,0.0001065415374037863
135000,0.0009626388021817253,0.0001047588426645953
135250,0.000954551203478706,0.00010300597667212717
135500,0.0009465315526572751,0.00010128244032006967
135750,0.000938579278825987,9.958774285339453e-05
136000,0.0009306938159351351,9.792140172864316e-05
136250,0.0009228746026503224,9.628294247629774e-05
136500,0.000915121082413498,9.467189856601439e-05
136750,0.0009074327033106371,9.308781127351935e-05
137000,0.0008998089179817015,9.153022955014861e-05
137250,0.0008922491838447153,8.999870989431408e-05
137500,0.0008847529627074647,8.849281622529795e-05
137750,0.0008773197209845406,8.701211975907325e-05
138000,0.0008699489295508324,8.55561988861143e-05
138250,0.000862640063735071,8.412463905157442e-05
138500,0.0008553926032644785,8.271703263692687e-05
138750,0.000848206032257948,8.133297884424065e-05
139000,0.0008410798391454223,7.997208358176266e-05
139250,0.0008340135166664698,7.863395935193809e-05
139500,0.0008270065618156535,7.731822514087957e-05
139750,0.0008200584757900914,7.602450631008674e-05
140000,0.0008131687640491176,7.475243448952343e-05
140250,0.0008063369361473107,7.350164747299044e-05
140500,0.0007995625057531013,7.22717891147694e-05
140750,0.0007928449906562788,7.106250922838557e-05
141000,0.0007861839126989706,6.98734634867702e-05
141250,0.0007795787976919306,6.870431332427252e-05
141500,0.0007730291754989362,6.755472584029733e-05
141750,0.0007665345798771537,6.642437370441373e-05
142000,0.0007600945485148873,6.531293506327783e-05
142250,0.000753708623019974,6.422009344884928e-05
142500,0.0007473763487756447,6.314553768843718e-05
142750,0.0007410972750698635,6.208896181591217e-05
143000,0.0007348709549451566,6.105006498479973e-05
143250,0.0007286969451651088,6.002855138241712e-05
143500,0.0007225748062501466,5.902413014578959e-05
143750,0.0007165041024278633,5.803651527876362e-05
144000,0.0007104844015214295,5.7065425570549195e-05
144250,0.0007045152751090884,5.611058451574113e-05
144500,0.0006985962982146926,5.517172023552465e-05
144750,0.0006927270495490802,5.424856540019905e-05
145000,0.0006869071112996913,5.334085715319633e-05
145250,0.000681136069197892,5.244833703618346e-05
145500,0.0006754135124389828,5.1570750915381175e-05
145750,0.0006697390336636801,5.070784890933135e-05
146000,0.0006641122289614314,4.9859385317661314e-05
146250,0.0006585326977990366,4.902511855118807e-05
146500,0.000653000042988678,4.820481106305238e-05
146750,0.0006475138707327855,4.739822928114832e-05
147000,0.0006420737904860234,4.66051435415741e-05
147250,0.0006366794150009372,4.582532802326705e-05
147500,0.0006313303602974011,4.505856068369181e-05
147750,0.0006260262456292557,4.4304623195604206e-05
148000,0.0006207666934039513,4.3563300884918044e-05
148250,0.0006155513292483182,4.283438266951527e-05
148500,0.0006103797819054031,4.211766099924316e-05
148750,0.0006052516832771286,4.141293179671471e-05
149000,0.0006001666682886501,4.0719994399257694e-05
149250,0.0005951243750103217,4.003865150178545e-05
149500,0.0005901244444875655,3.936870910057406e-05
149750,0.0005851665208484631,3.870997643806064e-05
150000,0.0005802502511353443,3.8062265948481284e-05
150250,0.0005753752853846515,3.742539320455784e-05
150500,0.0005705412766323713,3.6799176864861655e-05
150750,0.0005657478807371767,3.618343862226866e-05
151000,0.0005609947565085714,3.557800315315413e-05
151250,0.0005562815655682295,3.498269806746665e-05
151500,0.0005516079724668706,3.439735385968125e-05
151750,0.0005469736445033516,3.3821803860475736e-05
152000,0.0005423782517875111,3.3255884189317235e-05
152250,0.0005378214672200847,3.269943370778108e-05
152500,0.000533302966414317,3.215229397367256e-05
152750,0.0005288224277450772,3.161430919592865e-05
153000,0.0005243795322762428,3.108532619023867e-05
153250,0.000519973963747004,3.056519433540907e-05
153500,0.0005156054085240726,3.0053765530529252e-05
153750,0.0005112735556865438,2.955089415274551e-05
154000,0.0005069780968604344,2.9056437015852208e-05
154250,0.0005027187262683982,2.8570253329466433e-05
154500,0.0004984951407395745,2.8092204658970653e-05
154750,0.0004943070396124057,2.762215488609131e-05
155000,0.0004901541247833235,2.7159970170154322e-05
155250,0.00048603610060167,2.6705518909929704e-05
155500,0.0004819526739595388,2.625867170620822e-05
155750,0.00047790355416580315,2.581930132494382e-05
156000,0.0004738884530155831,2.538728266101749e-05
156250,0.0004699070846814253,2.496249270260348e-05
156500,0.00046595916578664727,2.454481049617906e-05
156750,0.0004620444152746693,2.4134117112055594e-05
157000,0.00045816255449109927,2.373029561050871e-05
157250,0.00045431330711768846,2.333323100852234e-05
157500,0.0004504963991437093,2.2942810246987263e-05
157750,0.00044671155890491017,2.255892215857511e-05
158000,0.00044295851693111,2.2181457436046202e-05
158250,0.00043923700611274343,2.1810308601113816e-05
158500,0.0004355467615028922,2.144536997387764e-05
158750,0.00043188752045642567,2.108653764270377e-05
159000,0.00042825902246542406,2.0733709434669108e-05
159250,0.0004246610092969127,2.0386784886413642e-05
159500,0.00042109322474607265,2.004566521561365e-05
159750,0.00041755541491596065,1.971025329275652e-05
160000,0.00041404732796249436,1.938045361359532e-05
160250,0.0004105687141609405,1.90561722718524e-05
160500,0.00040711932587378916,1.8737316932550103e-05
160750,0.00040369891758814395,1.8423796805687535e-05
161000,0.0004003072458275481,1.811552262040236e-05
161250,0.00039694406917267284,1.781240659954903e-05
161500,0.0003936091481944528,1.751436243469874e-05
161750,0.00039030224551326036,1.7221305261557958e-05
162000,0.0003870231257268877,1.693315163584385e-05
162250,0.00038377155543916974,1.6649819509470395e-05
162500,0.0003805473031672208,1.6371228207227505e-05
162750,0.00037735013944189524,1.60972984037802e-05
163000,0.0003741798366342147,1.5827952101112597e-05
163250,0.0003710361691020665,1.556311260629519e-05
163500,0.00036791891302029696,1.530270450965005e-05
163750,0.0003648278465595756,1.5046653663281117e-05
164000,0.0003617627496570172,1.4794887159982022e-05
164250,0.00035872340412462415,1.4547333312437993e-05
164500,0.0003557095936105285,1.4303921632845297e-05
164750,0.0003527211036030458,1.4064582812827565e-05
165000,0.00034975772135928157,1.3829248703699552e-05
165250,0.0003468192359277055,1.3597852297077419e-05
165500,0.00034390543814369584,1.3370327705772578e-05
165750,0.0003410161206066713,1.3146610145055474e-05
166000,0.00033815107763882193,1.2926635914205628e-05
166250,0.00033531010529579055,1.271034237835157e-05
166500,0.0003324930013246766,1.2497667950672303e-05
166750,0.0003296995652580639,1.2288552074824722e-05
167000,0.00032692959821222064,1.2082935207729934e-05
167250,0.0003241829029974121,1.1880758802598788e-05
167500,0.00032145928408019086,1.1681965292279078e-05
167750,0.0003187585476586041,1.1486498072845755e-05
168000,0.000316080501439523,1.1294301487499417e-05
168250,0.0003134249547633636,1.1105320810707594e-05
168500,0.0003107917186733778,1.0919502232626177e-05
168750,0.0003081806056644141,1.0736792843787612e-05
169000,0.00030559142989128844,1.0557140620012546e-05
169250,0.0003030240070227882,1.0380494407622426e-05
169500,0.0003004781543584515,1.0206803908858758e-05
169750,0.000297953690654243,1.0036019667555299e-05
170000,0.0002954504361713649,9.868093055079705e-06
170250,0.0002929682127806858,9.702976256464654e-06
170500,0.0002905068437430157,9.54062225680444e-06
170750,0.00028806615384643756,9.380984827866267e-06
171000,0.00028564596944180055,9.2240185149232e-06
171250,0.0002832461181448642,9.06967862381645e-06
171500,0.0002808664291821877,8.917921208229713e-06
171750,0.0002785067331466883,8.768703057165452e-06
172000,0.00027616686206428763,8.621981682660621e-06
172250,0.0002738466493851326,8.477715307666247e-06
172500,0.00027154592995047225,8.335862854172595e-06
172750,0.0002692645399779358,8.196383931497851e-06
173000,0.0002670023170679423,8.05923882479518e-06
173250,0.00026475910020880885,7.924388483739961e-06
173500,0.0002625347297123836,7.791794511420222e-06
173750,0.00026032904721879827,7.66141915338363e-06
174000,0.00025814189577103215,7.533225286910204e-06
174250,0.00025597311963605757,7.407176410426312e-06
174500,0.00025382256444902665,7.283236633122308e-06
174750,0.0002516900771360414,7.16137066472238e-06
175000,0.0002495755058727709,7.04154380544456e-06
175250,0.0002474787001689626,6.92372193611555e-06
175500,0.00024539951073631146,6.807871508457622e-06
175750,0.00024333778962971176,6.693959535538109e-06
176000,0.00024129338999464875,6.581953582370985e-06
176250,0.00023926616638772884,6.4718217566891555e-06
176500,0.00023725597447295206,6.363532699856302e-06
176750,0.00023526267116392714,6.257055577941555e-06
177000,0.00023328611458390348,6.152360072941395e-06
177250,0.0002313261639949177,6.049416374143249e-06
177500,0.0002293826799251694,5.9481951696411275e-06
177750,0.0002274555239986884,5.848667637981072e-06
178000,0.00022554455906678746,5.750805439969641e-06
178250,0.00022364964906744275,5.654580710591827e-06
178500,0.00022177065914953724,5.5599660510770155e-06
178750,0.00021990745552556156,5.466934521111595e-06
179000,0.00021805990561115222,5.375459631147932e-06
179250,0.00021622787785037674,5.285515334875535e-06
179500,0.00021441124184212534,5.197076021803173e-06
179750,0.00021260986830676148,5.110116509959232e-06
180000,0.00021082362895675927,5.024612038733872e-06
180250,0.00020905239669504177,4.940538261815815e-06
180500,0.00020729604541274135,4.857871240265555e-06
180750,0.00020555445010213204,4.776587435703543e-06
181000,0.0002038274867697463,4.6966637036014734e-06
181250,0.00020211503253080783,4.618077286693425e-06
181500,0.0002004169653995223,4.540805808497355e-06
181750,0.00019873316462047755,4.464827266943834e-06
182000,0.00019706351024769908,4.390120028110375e-06
182250,0.0001954078834591426,4.3166628200626575e-06
182500,0.00019376616639213282,4.244434726794789e-06
182750,0.0001921382421931436,4.1734151822775e-06
183000,0.00019052399499587219,4.103583964599726e-06
183250,0.00018892330986646324,4.034921190210693e-06
183500,0.00018733607287238014,3.967407308259968e-06
183750,0.00018576217102632696,3.901023095029614e-06
184000,0.00018420149234221387,3.835749648458058e-06
184250,0.00018265392561033736,3.7715683827652387e-06
184500,0.00018111936080544125,3.7084610231514833e-06
184750,0.00017959768857872253,3.6464096006008043e-06
185000,0.00017808880070092827,3.585396446757965e-06
185250,0.00017659258971132176,3.5254041889064253e-06
185500,0.00017510894912992734,3.466415745013241e-06
185750,0.0001736377733233444,3.408414318872018e-06
186000,0.00017217895759278322,3.351383395311539e-06
186250,0.0001707323980803047,3.295306735506776e-06
186500,0.00016929799184287774,3.24016837233943e-06
186750,0.00016787563671743832,3.1859526058656113e-06
187000,0.0001664652314979565,3.1326439988330527e-06
187250,0.00016506667580705678,3.0802273722954916e-06
187500,0.0001636798700687864,3.0286878012866207e-06
187750,0.00016230471553085768,2.9780106105706565e-06
188000,0.0001609411143577939,2.9281813704599547e-06
188250,0.0001595889694433145,2.8791858927159626e-06
188500,0.00015824818457310628,2.8310102264967913e-06
188750,0.0001569186643032278,2.7836406543980155e-06
189000,0.00015560031395364763,2.737063688534356e-06
189250,0.00015429303972858417,2.6912660667095094e-06
189500,0.00015299674855605796,2.646234748633101e-06
189750,0.00015171134814223478,2.601956912210674e-06
190000,0.00015043674702798572,2.5584199498931524e-06
190250,0.00014917285443929665,2.5156114650830915e-06
190500,0.0001479195804298485,2.4735192686107765e-06
190750,0.0001466768357936209,2.4321313752580587e-06
191000,0.00014544453208362558,2.3914360003498206e-06
191250,0.000144222581540278,2.3514215563963745e-06
191500,0.00014301089719284115,2.3120766497931546e-06
191750,0.00014180939280404733,2.2733900775804594e-06
192000,0.00014061798283593652,2.2353508242482164e-06
192250,0.00013943658248835887,2.1979480586049588e-06
192500,0.00013826510766957914,2.1611711306868173e-06
192750,0.00013710347495956806,2.125009568734704e-06
193000,0.00013595160171970365,2.0894530762007583e-06
193250,0.0001348094059389674,2.0544915288299328e-06
193500,0.00013367680627142064,2.020114971764234e-06
193750,0.00013255372212065777,1.9863136167183544e-06
194000,0.0001314400735834377,1.9530778391858142e-06
194250,0.00013033578132949677,1.92039817570247e-06
194500,0.00012924076677606146,1.8882653211498286e-06
194750,0.00012815495197046053,1.8566701261073068e-06
195000,0.00012707825964551674,1.8256035942444536e-06
195250,0.00012601061311282415,1.7950568797629085e-06
195500,0.00012495193641967923,1.765021284873587e-06
195750,0.0001239021541850575,1.7354882573242895e-06
196000,0.0001228611916772672,1.7064493879602772e-06
196250,0.00012182897479175541,1.6778964083339867e-06
196500,0.00012080543007448971,1.6498211883480268e-06
196750,0.00011979048466869502,1.622215733940661e-06
197000,0.0001187840663118256,1.595072184810476e-06
197250,0.0001177861033632752,1.5683828121771847e-06
197500,0.00011679652477139657,1.5421400165815996e-06
197750,0.0001158152601283984,1.51633632572174e-06
198000,0.00011484223957980892,1.4909643923261166e-06
198250,0.00011387739385313794,1.4660169920587411e-06
198500,0.0001129206542356052,1.4414870214651006e-06
198750,0.00011197195267828252,1.4173674959493498e-06
199000,0.00011103122162355424,1.3936515477821485e-06
199250,0.00011009839409802238,1.370332424149635e-06
199500,0.00010917340373775259,1.347403485229181e-06
199750,0.0001082561846389204,1.324858202296031e-06
200000,0.00010734667156523278,1.3026901558692943e-06
200250,0.00010644479975287376,1.2808930338780023e-06
200500,0.0001055505050071053,1.2594606298714753e-06
200750,0.00010466372367475167,1.2383868412440049e-06
201000,0.0001037843926023242,1.2176656675033464e-06
201250,0.00010291244922902566,1.197291208558486e-06
201500,0.00010204783151610392,1.1772576630419974e-06
201750,0.00010119047783226696,1.157559326657389e-06
202000,0.00010034032719759927,1.1381905905533096e-06
202250,9.949731912939698e-05,1.1191459397288995e-06
202500,9.866139354278889e-05,1.1004199514627217e-06
202750,9.783249097678762e-05,1.0820072937674138e-06
203000,9.701055246069963e-05,1.0639027238732998e-06
203250,9.619551944113564e-05,1.0461010867351799e-06
203500,9.538733387627553e-05,1.0285973135626561e-06
203750,9.458593831950515e-05,1.0113864203796593e-06
204000,9.379127566054296e-05,9.944635066034798e-07
204250,9.300328934514304e-05,9.778237536498929e-07
204500,9.222192329982535e-05,9.614624235609291e-07
204750,9.144712188072531e-05,9.453748576562801e-07
205000,9.067882994818306e-05,9.29556475206304e-07
205250,8.991699281917953e-05,9.140027721279102e-07
205500,8.916155623463245e-05,8.987093197019993e-07
205750,8.841246646674119e-05,8.836717633135056e-07
206000,8.76696701581947e-05,8.688858212091682e-07
206250,8.693311442776817e-05,8.543472832800159e-07
206500,8.620274689026243e-05,8.400520098627324e-07
206750,8.547851552050353e-05,8.259959305601964e-07
207000,8.476036874782123e-05,8.121750430825299e-07
207250,8.404825551277881e-05,7.985854121081435e-07
207500,8.334212506268802e-05,7.852231681629063e-07
207750,8.264192719949392e-05,7.720845065177124e-07
208000,8.194761199058104e-05,7.591656861053739e-07
208250,8.12591300807494e-05,7.464630284575233e-07
208500,8.057643245361596e-05,7.339729166532589e-07
208750,7.989947046865676e-05,7.21691794292513e-07
209000,7.922819600576101e-05,7.096161644818589e-07
209250,7.856256124695445e-05,6.977425888397942e-07
209500,7.790251878778797e-05,6.860676865163539e-07
209750,7.724802168806849e-05,6.745881332322841e-07
210000,7.659902332882859e-05,6.633006603302169e-07
210250,7.595547753508857e-05,6.522020538465479e-07
210500,7.531733847553109e-05,6.412891535941804e-07
210750,7.46845607232747e-05,6.305588522637125e-07
211000,7.405709925273487e-05,6.200080945383713e-07
211250,7.343490939933901e-05,6.096338762246453e-07
211500,7.281794688351724e-05,5.994332433953972e-07
211750,7.220616772846723e-05,5.89403291550612e-07
212000,7.159952844097135e-05,5.795411647892357e-07
212250,7.099798585361432e-05,5.69844054996136e-07
212500,7.040149709731907e-05,5.603092010425412e-07
212750,6.981001972274802e-05,5.509338880005253e-07
213000,6.922351165435984e-05,5.417154463688745e-07
213250,6.864193113624002e-05,5.326512513137958e-07
213500,6.80652367442566e-05,5.23738721920948e-07
213750,6.749338746624205e-05,5.149753204614151e-07
214000,6.692634254259465e-05,5.063585516678723e-07
214250,6.636406165602355e-05,4.978859620251833e-07
214500,6.580650476928332e-05,4.895551390716068e-07
214750,6.52536321878364e-05,4.813637107109159e-07
215000,6.470540455860013e-05,4.7330934453834047e-07
215250,6.416178284365059e-05,4.6538974717581555e-07
215500,6.362272837144044e-05,4.576026636186346e-07
215750,6.308820275041179e-05,4.499458765938913e-07
216000,6.255816796344786e-05,4.424172059290371e-07
216250,6.203258623749753e-05,4.350145079308936e-07
216500,6.151142019576203e-05,4.2773567477565647e-07
216750,6.0994632709298696e-05,4.2057863390796404e-07
217000,6.048218702708844e-05,4.135413474518203e-07
217250,5.997404663508306e-05,4.066218116291891e-07
217500,5.947017536674478e-05,3.998180561908612e-07
217750,5.8970537377974855e-05,3.931281438534204e-07
218000,5.847509709098161e-05,3.865501697499676e-07
218250,5.7983819256386e-05,3.8008226088614294e-07
218500,5.749666887463616e-05,3.7372257560702517e-07
218750,5.7013611267478066e-05,3.674693030734754e-07
219000,5.6534612097373795e-05,3.6132066274523724e-07
219250,5.6059637188273316e-05,3.5527490387573696e-07
219500,5.5588652789372196e-05,3.4933030501175027e-07
219750,5.5121625386317686e-05,3.4348517350477057e-07
220000,5.465852168948086e-05,3.377378450280133e-07
220250,5.419930875590377e-05,3.3208668310255853e-07
220500,5.374395388895149e-05,3.2653007863219635e-07
220750,5.329242468842568e-05,3.2106644944446904e-07
221000,5.28446890119769e-05,3.1569423984063093e-07
221250,5.2400714978530075e-05,3.104119201523645e-07
221500,5.196047096910108e-05,3.0521798630640345e-07
221750,5.152392566680627e-05,3.001109593960753e-07
222000,5.109104801763857e-05,2.9508938526080417e-07
222250,5.066180716909404e-05,2.9015183407076057e-07
222500,5.023617257434576e-05,2.852968999213868e-07
222750,4.9814113960733876e-05,2.805232004322566e-07
223000,4.9395601251846065e-05,2.758293763528473e-07
223250,4.898060468088586e-05,2.7121409117663805e-07
223500,4.8569094724676876e-05,2.6667603075986336e-07
223750,4.816104202094616e-05,2.622139029476972e-07
224000,4.775641758371807e-05,2.578264372062529e-07
224250,4.735519261041202e-05,2.535123842600618e-07
224500,4.6957338506246143e-05,2.492705157378166e-07
224750,4.6562826976813355e-05,2.4509962382139003e-07
225000,4.6171629924305875e-05,2.409985209023725e-07
225250,4.5783719490709855e-05,2.3696603924380122e-07
225500,4.539906813487529e-05,2.3300103064809645e-07
225750,4.501764837394126e-05,2.291023661294154e-07
226000,4.463943314071832e-05,2.2526893559269638e-07
226250,4.4264395456109186e-05,2.2149964751736974e-07
226500,4.389250866326291e-05,2.177934286467097e-07
226750,4.352374625674972e-05,2.14149223682074e-07
227000,4.315808201651068e-05,2.105659949824199e-07
227250,4.279548988420365e-05,2.0704272226885883e-07
227500,4.243594406657616e-05,2.0357840233446004e-07
227750,4.2079418976872275e-05,2.0017204875851728e-07
228000,4.172588923988458e-05,1.968226916249109e-07
228250,4.137532965980511e-05,1.9352937724685336e-07
228500,4.102771529875104e-05,1.902911678951632e-07
228750,4.0683021436723846e-05,1.8710714153078961e-07
229000,4.034122348349687e-05,1.8397639154273239e-07
229250,4.000229716884276e-05,1.808980264899756e-07
229500,3.9666218359895774e-05,1.7787116984709054e-07
229750,3.93329630768245e-05,1.7489495975528556e-07
230000,3.900250765666033e-05,1.7196854877652545e-07
230250,3.867482852676309e-05,1.690911036527089e-07
230500,3.834990239822253e-05,1.662618050679466e-07
230750,3.8027706139039955e-05,1.6347984741540733e-07
231000,3.770821681633144e-05,1.607444385680873e-07
231250,3.739141167551917e-05,1.5805479965322443e-07
231500,3.707726818266448e-05,1.554101648301882e-07
231750,3.676576392386809e-05,1.5280978107298256e-07
232000,3.645687678341181e-05,1.5025290795542876e-07
232250,3.615058476346777e-05,1.4773881744064459e-07
232500,3.5846866042493764e-05,1.4526679367314687e-07
232750,3.5545699014551014e-05,1.428361327756553e-07
233000,3.5247062236330953e-05,1.4044614264849186e-07
233250,3.4950934460766e-05,1.3809614277236144e-07
233500,3.465729458255843e-05,1.3578546401466353e-07
233750,3.436612172781692e-05,1.3351344843917822e-07
234000,3.4077395156401096e-05,1.3127944911827855e-07
234250,3.3791094321838584e-05,1.290828299491476e-07
234500,3.350719883273782e-05,1.2692296547245257e-07
234750,3.322568848195095e-05,1.2479924069425902e-07
235000,3.294654323866866e-05,1.2271105091104163e-07
235250,3.266974324478266e-05,1.2065780153720014e-07
235500,3.239526879594368e-05,1.1863890793620732e-07
235750,3.2123100316194225e-05,1.1665379525382016e-07
236000,3.185321845884493e-05,1.1470189825449317e-07
236250,3.158560399618882e-05,1.1278266116037244e-07
236500,3.132023793022734e-05,1.1089553749313728e-07
236750,3.1057101310469777e-05,1.0903998991841592e-07
237000,3.079617545160467e-05,1.0721549009247875e-07
237250,3.0537441716655294e-05,1.0542151851232836e-07
237500,3.028088177669887e-05,1.036575643674679e-07
237750,3.002647727278233e-05,1.0192312539435807e-07
238000,2.9774210179402077e-05,1.0021770773367401e-07
238250,2.9524062495785792e-05,9.854082578923179e-08
238500,2.9276016455269492e-05,9.689200209041137e-08
238750,2.9030054318375296e-05,9.527076715561909e-08
239000,2.878615868524728e-05,9.36766593588133e-08
239250,2.8544312096532272e-05,9.210922479814414e-08
239500,2.830449739202816e-05,9.05680171665379e-08
239750,2.8066697473493872e-05,8.905259762487488e-08
240000,2.7830895466612213e-05,8.756253467652629e-08
240250,2.759707451096494e-05,8.60974040450673e-08
240500,2.7365218024163278e-05,8.465678855329202e-08
240750,2.7135309444732913e-05,8.324027800427438e-08
241000,2.6907332459369708e-05,8.184746906469537e-08
241250,2.6681270829391232e-05,8.047796514987267e-08
241500,2.6457108436149512e-05,7.913137631103585e-08
241750,2.6234829336754273e-05,7.780731912406233e-08
242000,2.6014417729079106e-05,7.650541658067909e-08
242250,2.5795857917553645e-05,7.522529798060464e-08
242500,2.5579134291194525e-05,7.396659882647439e-08
242750,2.5364231493084054e-05,7.272896071962077e-08
243000,2.5151134202332986e-05,7.15120312584017e-08
243250,2.4939827244279845e-05,7.031546393767123e-08
243500,2.4730295574663187e-05,6.913891805013106e-08
243750,2.4522524283583947e-05,6.798205858918835e-08
244000,2.4316498578733612e-05,6.684455615395395e-08
244250,2.4112203793482915e-05,6.572608685506095e-08
244500,2.3909625393055696e-05,6.462633222265673e-08
244750,2.3708748958036036e-05,6.354497911554962e-08
245000,2.3509560193838052e-05,6.248171963223123e-08
245250,2.3312044891313655e-05,6.143625102306874e-08
245500,2.3116188999612815e-05,6.040827560425577e-08
245750,2.2921978613108914e-05,5.939750067274977e-08
246000,2.2729399887176526e-05,5.8403638423425625e-08
246250,2.2538439093229323e-05,5.742640586657117e-08
246500,2.2349082647038836e-05,5.646552474764953e-08
246750,2.2161317108685837e-05,5.55207214680229e-08
247000,2.197512904773499e-05,5.459172700703259e-08
247250,2.17905052601236e-05,5.3678276845211014e-08
247500,2.1607432575372188e-05,5.278011088934515e-08
247750,2.1425897990660427e-05,5.189697339815632e-08
248000,2.1245888562352987e-05,5.102861290938513e-08
248250,2.1067391464445197e-05,5.0174782168486455e-08
248500,2.0890394029956045e-05,4.933523805805588e-08
248750,2.0714883622884987e-05,4.850974152849822e-08
249000,2.0540847756620884e-05,4.769805753025306e-08
249250,2.0368274067190182e-05,4.6899954946621974e-08
249500,2.0197150253472367e-05,4.611520652804364e-08
249750,2.0027464149806148e-05,4.534358882743787e-08
250000,1.9859203640473043e-05,4.458488213647152e-08
250250,1.9692356774468794e-05,4.3838870423010045e-08
250500,1.952691164424571e-05,4.310534126981629e-08
250750,1.9362856519480367e-05,4.238408581374843e-08
251000,1.9200179691451923e-05,4.167489868659291e-08
251250,1.9038869623662346e-05,4.097757795617105e-08
251500,1.8878914791503756e-05,4.0291925069416164e-08
251750,1.8720303790332686e-05,3.9617744795347595e-08
252000,1.8563025390387013e-05,3.895484516974189e-08
252250,1.8407068358328897e-05,3.830303744036033e-08
252500,1.8252421583714327e-05,3.7662136013182176e-08
252750,1.8099074050001e-05,3.703195839972719e-08
253000,1.7947014913065807e-05,3.6412325165023e-08
253250,1.779623327675881e-05,3.5803059876330846e-08
253500,1.7646718422915447e-05,3.5203989053078395e-08
253750,1.7498459718409927e-05,3.4614942117552864e-08
254000,1.7351446610362987e-05,3.403575134614303e-08
254250,1.720566865206316e-05,3.346625182152614e-08
254500,1.7061115413668566e-05,3.2906281386059264e-08
254750,1.6917776659611746e-05,3.23556805953134e-08
255000,1.6775642157412173e-05,3.181429267266227e-08
255250,1.663470177786512e-05,3.1281963464859947e-08
255500,1.6494945537525845e-05,3.075854139787047e-08
255750,1.6356363460874818e-05,3.024387743391201e-08
256000,1.6218945658059596e-05,2.973782502896469e-08
256250,1.6082682361343898e-05,2.92402400911391e-08
256500,1.5947563897197113e-05,2.8750980939403433e-08
256750,1.5813580622139756e-05,2.8269908263470126e-08
257000,1.5680723009119238e-05,2.7796885084002455e-08
257250,1.5548981590163925e-05,2.733177671366103e-08
257500,1.541834700713096e-05,2.6874450718766487e-08
257750,1.5288809953849463e-05,2.6424776881532012e-08
258000,1.5160361172129895e-05,2.598262716313625e-08
258250,1.50329915755029e-05,2.5547875667069877e-08
258500,1.4906692079341917e-05,2.5120398603328615e-08
258750,1.4781453677824715e-05,2.470007425325945e-08
259000,1.4657267463913493e-05,2.4286782934882805e-08
259250,1.4534124610261783e-05,2.3880406968753143e-08
259500,1.4412016330956397e-05,2.3480830644463277e-08
259750,1.4290933950373609e-05,2.308794018776793e-08
260000,1.4170868812520128e-05,2.270162372808331e-08
260250,1.4051812418251785e-05,2.2321771266774664e-08
260500,1.3933756299616175e-05,2.1948274645669486e-08
260750,1.3816692012102023e-05,2.1581027516291137e-08
261000,1.370061124412696e-05,2.1219925309730584e-08
261250,1.3585505702292368e-05,2.0864865206762792e-08
261500,1.3471367234045995e-05,2.051574610852353e-08
261750,1.3358187698894931e-05,2.0172468607795496e-08
262000,1.3245959036208176e-05,1.983493496071215e-08
262250,1.313467327907293e-05,1.950304905882199e-08
262500,1.3024322458645075e-05,1.917671640187657e-08
262750,1.291489876648773e-05,1.885584407075375e-08
263000,1.2806394394857241e-05,1.8540340701154112e-08
263250,1.2698801611940829e-05,1.823011645752297e-08
263500,1.2592112792319642e-05,1.792508300746864e-08
263750,1.248632030636983e-05,1.762515349661142e-08
264000,1.2381416631416259e-05,1.733024252381195e-08
264250,1.2277394301400591e-05,1.7040266116945694e-08
264500,1.2174245913145298e-05,1.6755141708864012e-08
264750,1.2071964135695922e-05,1.6474788114113512e-08
265000,1.1970541686568485e-05,1.619912550552371e-08
265250,1.1869971282498494e-05,1.5928075391681153e-08
265500,1.1770245874113772e-05,1.5661560594540962e-08
265750,1.1671358273569956e-05,1.5399505227379146e-08
266000,1.1573301513580746e-05,1.5141834673277857e-08
266250,1.1476068545988635e-05,1.4888475563859425e-08
266500,1.137965248523941e-05,1.4639355758288374e-08
266750,1.128404645908534e-05,1.4394404322906902e-08
267000,1.1189243677790381e-05,1.4153551510919719e-08
267250,1.1095237398328502e-05,1.3916728742497204e-08
267500,1.100202088537474e-05,1.3683868585423974e-08
267750,1.0909587515468237e-05,1.3454904735687301e-08
268000,1.0817930760126088e-05,1.3229771998798456e-08
268250,1.0727044030245149e-05,1.300840627107294e-08
268500,1.0636920911831757e-05,1.2790744521387744e-08
268750,1.0547554931846901e-05,1.2576724773378263e-08
269000,1.0458939748927463e-05,1.2366286087608634e-08
269250,1.0371069117892697e-05,1.2159368544378261e-08
269500,1.0283936712363215e-05,1.1955913226535129e-08
269750,1.0197536333213793e-05,1.1755862202787572e-08
270000,1.011186184439199e-05,1.155915851111526e-08
270250,1.0026907162461615e-05,1.1365746142701135e-08
270500,9.942666198311585e-06,1.1175570025765135e-08
270750,9.859133010176014e-06,1.0988576010135729e-08
271000,9.776301631508573e-06,1.0804710851631054e-08
271250,9.69416613846348e-06,1.0623922196981396e-08
271500,9.61272072445426e-06,1.0446158568907307e-08
271750,9.531959548128668e-06,1.0271369351514314e-08
272000,9.451876909706695e-06,1.0099504775769233e-08
272250,9.372467065839507e-06,9.930515905426496e-09
272500,9.29372439485162e-06,9.764354623092533e-09
272750,9.215643274224267e-06,9.600973616401889e-09
273000,9.138218153014785e-06,9.440326364736563e-09
273250,9.061443543115756e-06,9.282367125789168e-09
273500,8.985313923534694e-06,9.127050922725837e-09
273750,8.909823909557159e-06,8.974333531175822e-09
274000,8.834968106138981e-06,8.824171466877515e-09
274250,8.760741249536202e-06,8.676521973061737e-09
274500,8.687137982090451e-06,8.53134300841502e-09
274750,8.614153076213898e-06,8.388593235084478e-09
275000,8.541781371486023e-06,8.248232006876326e-09
275250,8.470017686170892e-06,8.110219357713043e-09
275500,8.398856944913847e-06,7.97451599029544e-09
275750,8.328294052694448e-06,7.841083264780169e-09
276000,8.258323992814312e-06,7.709883187881587e-09
276250,8.188941766452756e-06,7.580878402062e-09
276500,8.120142454777036e-06,7.45403217485356e-09
276750,8.05192117639569e-06,7.3293083884085226e-09
277000,7.984273075550648e-06,7.206671529225479e-09
277250,7.917193284968868e-06,7.086086678009486e-09
277500,7.850677090260525e-06,6.967519499748699e-09
277750,7.78471971613255e-06,6.850936233976693e-09
278000,7.719316463787594e-06,6.736303685079653e-09
278250,7.654462733693937e-06,6.623589212897573e-09
278500,7.590153852173135e-06,6.512760723403576e-09
278750,7.5263852590696384e-06,6.403786659605642e-09
279000,7.463152418927748e-06,6.296635992548581e-09
279250,7.4004508493822605e-06,6.1912782124256755e-09
279500,7.338276030969927e-06,6.087683319937702e-09
279750,7.2766235907453485e-06,5.985821817781385e-09
280000,7.215489125244798e-06,5.885664702186548e-09
280250,7.154868281160614e-06,5.787183454680879e-09
280500,7.094756737479643e-06,5.690350033978189e-09
280750,7.035150208020964e-06,5.595136868011245e-09
281000,6.976044475506842e-06,5.501516846047724e-09
281250,6.917435330006729e-06,5.409463310968525e-09
281500,6.859318570673154e-06,5.3189500516889665e-09
281750,6.801690093228166e-06,5.229951295728957e-09
282000,6.744545763537964e-06,5.142441701795377e-09
282250,6.6878815529039976e-06,5.056396352698294e-09
282500,6.631693383925232e-06,4.971790748073843e-09
282750,6.575977295834904e-06,4.888600797571261e-09
283000,6.520729301943364e-06,4.806802813920499e-09
283250,6.465945461515439e-06,4.726373506172668e-09
283500,6.411621885025143e-06,4.647289973095218e-09
283750,6.357754729989663e-06,4.5695296966665584e-09
284000,6.3043401334839384e-06,4.493070535646796e-09
284250,6.251374269590388e-06,4.417890719271291e-09
284500,6.198853452503412e-06,4.343968841044659e-09
284750,6.146773836921522e-06,4.271283852624515e-09
285000,6.095131801729365e-06,4.199815057926207e-09
285250,6.043923626748314e-06,4.129542107075991e-09
285500,5.993145653643898e-06,4.06044499077825e-09
285750,5.942794338557472e-06,3.992504034506652e-09
286000,5.892866012476389e-06,3.925699892920505e-09
286250,5.843357153454812e-06,3.860013544400231e-09
286500,5.7942642716547855e-06,3.795426285612665e-09
286750,5.745583814158003e-06,3.7319197261199525e-09
287000,5.697312362611637e-06,3.6694757832755995e-09
287250,5.649446464639859e-06,3.6080766769234604e-09
287500,5.601982709851333e-06,3.5477049244978385e-09
287750,5.554917707813611e-06,3.4883433358643777e-09
288000,5.50824812249486e-06,3.429975008596516e-09
288250,5.461970636003273e-06,3.372583323045954e-09
288500,5.4160819733793414e-06,3.316151937667958e-09
288750,5.370578811935061e-06,3.2606647843187455e-09
289000,5.325457963243181e-06,3.2061060637494365e-09
289250,5.280716176556775e-06,3.1524602411013036e-09
289500,5.236350317088396e-06,3.099712041349338e-09
289750,5.192357185207707e-06,3.0478464451456026e-09
290000,5.148733635910513e-06,2.9968486844132513e-09
290250,5.105476611072305e-06,2.9467042381882115e-09
290500,5.062583021694115e-06,2.897398828485464e-09
290750,5.020049780343917e-06,2.8489184162073497e-09
291000,4.9778738919442e-06,2.8012491971710565e-09
291250,4.936052332892394e-06,2.754377598193445e-09
291500,4.894582151086516e-06,2.7082902731718544e-09
291750,4.853460379287899e-06,2.6629740993321997e-09
292000,4.81268409416019e-06,2.618416173454637e-09
292250,4.772250397530097e-06,2.5746038082468593e-09
292500,4.732156374831461e-06,2.531524528710672e-09
292750,4.692399221243846e-06,2.489166068536615e-09
293000,4.652976094441696e-06,2.447516366709882e-09
293250,4.61388415703921e-06,2.4065635640213122e-09
293500,4.5751206773003375e-06,2.3662959996673398e-09
293750,4.536682833303899e-06,2.326702207964767e-09
294000,4.4985679562683144e-06,2.2877709150925337e-09
294250,4.4607732862231885e-06,2.2494910358772337e-09
294500,4.423296151139422e-06,2.2118516706051924e-09
294750,4.386133881852708e-06,2.1748421019322788e-09
295000,4.349283832421166e-06,2.1384517918624796e-09
295250,4.312743367418686e-06,2.1026703787060564e-09
295500,4.2765099143756615e-06,2.0674876741762753e-09
295750,4.2405808765351505e-06,2.0328936604477274e-09
296000,4.204953681940211e-06,1.9988784873080248e-09
296250,4.1696258049736e-06,1.9654324693664094e-09
296500,4.134594736006373e-06,1.9325460833157355e-09
296750,4.0998579867344404e-06,1.900209965136824e-09
297000,4.0654130786015665e-06,1.8684149075616233e-09
297250,4.031257552991083e-06,1.8371518573467148e-09
297500,3.997388995255893e-06,1.8064119127374967e-09
297750,3.9638049840919475e-06,1.7761863209170335e-09
298000,3.9305031289744794e-06,1.746466475542683e-09
298250,3.8974810253981085e-06,1.71724391426152e-09
298500,3.864736390621471e-06,1.6885103163278539e-09
298750,3.832266868757384e-06,1.6602575002107255e-09
299000,3.8000700845972782e-06,1.632477421278774e-09
299250,3.768143869596982e-06,1.6051621695077324e-09
299500,3.7364858580251805e-06,1.5783039672397086e-09
299750,3.7050938140108006e-06,1.5518951669280613e-09
300000,3.6739654982229263e-06,1.5259282490179714e-09
300250,3.643098730120927e-06,1.5003958197335158e-09
300500,3.612491287866783e-06,1.475290609061365e-09
300750,3.582140971545253e-06,1.4506054686186734e-09
301000,3.552045654806231e-06,1.4263333696068265e-09
301250,3.5222031979037032e-06,1.402467400873614e-09
301500,3.492611439026023e-06,1.379000766873104e-09
301750,3.4632682957264695e-06,1.3559267857859613e-09
302000,3.434171696111178e-06,1.333238887592836e-09
302250,3.4053195466664504e-06,1.3109306121902326e-09
302500,3.37670979256242e-06,1.2889956075960532e-09
302750,3.3483404178241446e-06,1.2674276280921603e-09
303000,3.3202093638432177e-06,1.2462205324710562e-09
303250,3.2923146643268146e-06,1.225368282278135e-09
303500,3.2646543263953124e-06,1.2048649401076127e-09
303750,3.2372263598910504e-06,1.1847046678921649e-09
304000,3.2100288464281468e-06,1.1648817252536243e-09
304250,3.183059817138388e-06,1.145390467847215e-09
304500,3.1563173866339452e-06,1.1262253458054992e-09
304750,3.129799622164683e-06,1.107380902088252e-09
305000,3.103504644683228e-06,1.088851770989274e-09
305250,3.0774305774644733e-06,1.0706326765605824e-09
305500,3.0515755944206987e-06,1.052718431165706e-09
305750,3.0259377916703026e-06,1.035103933945166e-09
306000,3.000515431224701e-06,1.0177841693929193e-09
306250,2.9753066424521516e-06,1.0007542059272336e-09
306500,2.950309627441292e-06,9.84009194477004e-10
306750,2.9255226216003977e-06,9.67544367115298e-10
307000,2.9009438876092103e-06,9.513550356962894e-10
307250,2.8765716533565235e-06,9.354365905100486e-10
307500,2.852404164530882e-06,9.197844989883973e-10
307750,2.8284397222942052e-06,9.043943043988816e-10
308000,2.8046766245964856e-06,8.892616245719289e-10
308250,2.781113156471352e-06,8.743821506745234e-10
308500,2.757747677392284e-06,8.597516459620315e-10
308750,2.734578489140807e-06,8.453659445878264e-10
309000,2.7116039472781563e-06,8.312209503980525e-10
309250,2.688822449924244e-06,8.173126358026773e-10
309500,2.6662323469911317e-06,8.036370405704355e-10
309750,2.643832035715353e-06,7.901902707516209e-10
310000,2.621619851161626e-06,7.769684975486707e-10
310250,2.5995943843920763e-06,7.639679562479335e-10
310500,2.5777539220798532e-06,7.511849450885987e-10
310750,2.556096952070377e-06,7.386158242832453e-10
311000,2.5346219418843013e-06,7.262570149332626e-10
311250,2.513327340330833e-06,7.141049980165395e-10
311500,2.492211646661255e-06,7.021563134051542e-10
311750,2.471273354454608e-06,6.904075588720239e-10
312000,2.4505110001472725e-06,6.788553890952122e-10
312250,2.429923035862232e-06,6.674965147501114e-10
312500,2.4095080751779266e-06,6.563277015431715e-10
312750,2.3892646083911603e-06,6.453457692996243e-10
313000,2.3691912424364294e-06,6.345475910500354e-10
313250,2.349286508324633e-06,6.239300921408674e-10
313500,2.3295490127635e-06,6.134902493890489e-10
313750,2.309977340845544e-06,6.032250901746718e-10
314000,2.290570079191402e-06,5.931316916226922e-10
314250,2.2713258842705593e-06,5.832071797783358e-10
314500,2.2522433743917923e-06,5.734487287431635e-10
314750,2.233321163484631e-06,5.638535599385256e-10
315000,2.214557949284039e-06,5.544189412588159e-10
315250,2.1959523585395685e-06,5.451421863058942e-10
315500,2.177503084930852e-06,5.360206536644046e-10
315750,2.159208837228351e-06,5.27051746074815e-10
316000,2.1410682699942144e-06,5.182329097645199e-10
316250,2.123080116863035e-06,5.095616336721893e-10
316500,2.1052430643528563e-06,5.010354487763586e-10
316750,2.0875558852108863e-06,4.926519273356356e-10
317000,2.07001731812721e-06,4.844086822660547e-10
317250,2.052626095340087e-06,4.763033664032369e-10
317500,2.0353809751692627e-06,4.683336718570153e-10
317750,2.018280743317118e-06,4.6049732936753254e-10
318000,2.001324182188647e-06,4.5279210763061655e-10
318250,1.984510092756899e-06,4.4521581268421116e-10
318500,1.9678372376216115e-06,4.3776628726583787e-10
318750,1.951304466141235e-06,4.3044141022639694e-10
319000,1.93491062673336e-06,4.232390959017175e-10
319250,1.9186544895249033e-06,4.161572935192915e-10
319500,1.9025349401889257e-06,4.091939866355197e-10
319750,1.8865507965207521e-06,4.023471925267322e-10
320000,1.8707009833744352e-06,3.956149616561862e-10
320250,1.8549843015119835e-06,3.8899537711481677e-10
320500,1.8393996720545652e-06,3.824865540501178e-10
320750,1.8239459748566842e-06,3.7608663916629036e-10
321000,1.8086221196035724e-06,3.697938101612565e-10
321250,1.7934269954646637e-06,3.636062752413389e-10
321500,1.7783595368780913e-06,3.575222725747832e-10
321750,1.7634186667642254e-06,3.515400698311828e-10
322000,1.7486033338479511e-06,3.4565796364280243e-10
322250,1.7339124647471632e-06,3.398742791623775e-10
322500,1.719345004784091e-06,3.3418736955168944e-10
322750,1.7048999711369042e-06,3.2859561554779363e-10
323000,1.6905762650772883e-06,3.230974249598314e-10
323250,1.6763729290825852e-06,3.176912322508977e-10
323500,1.6622888911527177e-06,3.123754980740506e-10
323750,1.6483231764541996e-06,3.07148708845807e-10
324000,1.6344748307046454e-06,3.020093763015634e-10
324250,1.620742780493817e-06,2.969560370829024e-10
324500,1.6071261472636559e-06,2.91987252321956e-10
324750,1.5936238857063035e-06,2.8710160721002997e-10
325000,1.5802350828704933e-06,2.822977106276995e-10
325250,1.5669587520365654e-06,2.775741947248733e-10
325500,1.5537939742207165e-06,2.7292971453525377e-10
325750,1.540739805591208e-06,2.683629476142246e-10
326000,1.5277952622258378e-06,2.638725936241916e-10
326250,1.5149595355061504e-06,2.5945737399939243e-10
326500,1.5022316075293217e-06,2.5511603155112876e-10
326750,1.48961062560205e-06,2.508473301495061e-10
327000,1.4770956740341157e-06,2.4665005433240135e-10
327250,1.4646858817146523e-06,2.425230089769343e-10
327500,1.4523803311620702e-06,2.3846501896462134e-10
327750,1.4401781744633787e-06,2.3447492882875093e-10
328000,1.4280785365526204e-06,2.3055160244235616e-10
328250,1.4160805576324939e-06,2.266939226905161e-10
328500,1.4041833744944098e-06,2.2290079115084662e-10
328750,1.392386153213599e-06,2.1917112777358747e-10
329000,1.3806880149576575e-06,2.1550387058328264e-10
329250,1.3690881818343892e-06,2.1189797538095892e-10
329500,1.3575858123715626e-06,2.0835241542785412e-10
329750,1.3461800803150197e-06,2.0486618116858047e-10
330000,1.3348701502231416e-06,2.0143827994883572e-10
330250,1.323655266553178e-06,1.9806773571436216e-10
330500,1.3125345818044508e-06,1.9475358874610867e-10
330750,1.3015073398064222e-06,1.9149489538455435e-10
331000,1.2905727360681465e-06,1.8829072775391657e-10
331250,1.2797300126295316e-06,1.851401735131881e-10
331500,1.2689783859769615e-06,1.8204233558391208e-10
331750,1.2583170503895501e-06,1.7899633189397354e-10
332000,1.2477453293653725e-06,1.7600129512609853e-10
332250,1.2372624046211265e-06,1.7305637249081405e-10
332500,1.2268675509433544e-06,1.70160725453175e-10
332750,1.2165600497462552e-06,1.6731352951800865e-10
333000,1.2063391312861597e-06,1.645139739818018e-10
333250,1.1962040827989055e-06,1.6176126170455193e-10
333500,1.1861541923519244e-06,1.5905460888604636e-10
333750,1.1761887431492076e-06,1.563932448439819e-10
334000,1.1663070078348406e-06,1.5377641178699094e-10
334250,1.1565082927477307e-06,1.5120336460593666e-10
334500,1.1467918981508293e-06,1.486733706588618e-10
334750,1.137157131401605e-06,1.4618570956064894e-10
335000,1.1276033243622739e-06,1.4373967298415742e-10
335250,1.1181297918169234e-06,1.41334564450398e-10
335500,1.1087358160062128e-06,1.3896969913346696e-10
335750,1.099420798895583e-06,1.3664440367027654e-10
336000,1.0901840313020064e-06,1.3435801596106157e-10
336250,1.0810248505312885e-06,1.3210988498907765e-10
336500,1.0719426378700772e-06,1.2989937062488235e-10
336750,1.0629367206597968e-06,1.27725843451958e-10
337000,1.054006476520856e-06,1.255886845868224e-10
337250,1.0451512389406615e-06,1.2348728549985065e-10
337500,1.0363704453505581e-06,1.2142104784905351e-10
337750,1.0276633676366604e-06,1.1938938329659166e-10
338000,1.0190294718009728e-06,1.1739171335023796e-10
338250,1.0104681078684925e-06,1.1542746919744989e-10
338500,1.0019786708369997e-06,1.134960915502882e-10
338559,9.9998558847897e-07,1.1304501996483519e-10
