iteration,relative_residual,relative_energy_gap
0,1.0,1.0
1,0.7986412745289787,0.9935068381322162
2,0.6741143666443659,0.9892212934620687
3,0.5848376131347522,0.9861242405434624
4,0.5178618987267567,0.9837690253433968
5,0.46605024664723105,0.9819072734619164
6,0.4249733608097152,0.9803894220164592
7,0.39171604413531885,0.9791204672586062
8,0.36428911594347824,0.9780374922460008
9,0.3412993932701811,0.9770973457855363
10,0.3217499540704254,0.976269518616271
11,0.3049136609262825,0.9755318521971111
12,0.29025069363838446,0.9748678640235653
13,0.27735360655668856,0.9742650300065301
14,0.26591006127539846,0.9737136515104042
15,0.25567713380278695,0.9732060895798184
16,0.24646332645622085,0.9727362356735907
17,0.23811578606646583,0.9722991382810725
18,0.2305110910642869,0.9718907345165563
19,0.2235485193279273,0.9715076538133445
20,0.21714506396869815,0.9711470720537498
21,0.2112316970082548,0.9708066015849931
22,0.20575053532082158,0.9704842071809975
23,0.20065266692334485,0.9701781410172704
24,0.19589646620332893,0.9698868917979915
25,0.1914462751870259,0.9696091445221601
26,0.18727136172539283,0.9693437483605705
27,0.183345089260087,0.9690896907710492
28,0.1796442497684092,0.9688460764696459
29,0.1761485236760168,0.9686121102107164
30,0.17284003939035814,0.9683870825836023
31,0.16970301161722653,0.9681703582207696
32,0.16672344244821174,0.9679613659410999
33,0.16388887281594874,0.9677595904646099
34,0.16118817463659296,0.967564565412293
35,0.1586113760293197,0.9673758673537786
36,0.15614951358923376,0.9671931107278602
37,0.1537945069147989,0.9670159434837126
38,0.1515390515428986,0.9668440433267217
39,0.14937652718949154,0.9666771144693862
40,0.14730091878032445,0.9665148848132474
41,0.14530674822070844,0.9663571034862417
42,0.14338901522344563,0.96620353869557
43,0.14154314581043012,0.9660539758397917
44,0.13976494734215514,0.9659082158461892
45,0.13805056912253993,0.9657660737067809
46,0.13639646778360226,0.9656273771779451
47,0.13479937678287776,0.9654919656270763
48,0.13325627945184518,0.9653596890093781
49,0.13176438512049074,0.9652304069478848
50,0.1303211079150405,0.9651039879169354
51,0.12892404788568154,0.964980308508868
52,0.12757097417097002,0.964859252771162
53,0.12625980994741753,0.9647407116149347
54,0.12498861894789783,0.9646245822790612
55,0.12375559336216325,0.964510767843597
56,0.1225590429578748,0.9643991767934073
57,0.12139738528189287,0.9642897226190755
58,0.1202691368197513,0.9641823234554573
59,0.11917290500679874,0.96407690175175
60,0.11810738099782095,0.9639733839723517
61,0.11707133311343207,0.9638717003199981
62,0.11606360089141175,0.9637717844869274
63,0.11508308967973033,0.9636735734255949
64,0.11412876571540932,0.9635770071335861
65,0.11319965163982879,0.9634820284639838
66,0.1122948224066968,0.9633885829442387
67,0.11141340154381868,0.963296618613137
68,0.11055455773408372,0.9632060858663243
69,0.10971750168486785,0.9631169373203347
70,0.10890148325835242,0.9630291276789559
71,0.10810578883818303,0.962942613614905
72,0.10732973891046044,0.9628573536579684
73,0.1065726858393348,0.9627733080909722
74,0.10583401181948561,0.9626904388544217
75,0.10511312698956041,0.9626087094553364
76,0.10440946769223165,0.9625280848865729
77,0.10372249486794419,0.9624485315466667
78,0.10305169257068661,0.9623700171677861
79,0.1023965665952456,0.962292510746933
80,0.10175664320640247,0.9622159824838056
81,0.10113146796144075,0.9621404037229387
82,0.10052060461812867,0.9620657468920198
83,0.09992363412107505,0.9619919854561538
84,0.09934015366,0.9619190938631597
85,0.09876977579405298,0.9618470475026782
86,0.09821212763683393,0.9617758226580577
87,0.0976668500972538,0.961705396468409
88,0.09713359717179135,0.9616357468883181
89,0.09661203528410446,0.9615668526514181
90,0.09610184266829265,0.9614986932379126
91,0.09560270879243246,0.9614312488400811
92,0.09511433381929399,0.9613645003319838
93,0.09463642810141004,0.9612984292413636
94,0.09416871170790253,0.9612330177212681
95,0.09371091398069167,0.961168248523385
96,0.09326277311790682,0.9611041049759618
97,0.09282403578249956,0.9610405709565271
98,0.092394456734218,0.9609776308730039
99,0.09197379848325579,0.9609152696409919
100,0.09156183096402026,0.9608534726635146
101,0.09115833122758885,0.9607922258122878
102,0.09076308315154205,0.9607315154094622
103,0.09037587716595308,0.9606713282113202
104,0.0899965099944217,0.9606116513891739
105,0.08962478440911711,0.9605524725154287
106,0.08926050899888158,0.9604937795494446
107,0.08890349794951184,0.9604355608214704
108,0.08855357083541117,0.960377805018694
109,0.08821055242185688,0.9603205011744674
110,0.08787427247719337,0.9602636386533424
111,0.08754456559430569,0.9602072071402137
112,0.0872212710207809,0.9601511966289592
113,0.08690423249720694,0.9600955974113199
114,0.08659329810309617,0.9600404000660839
115,0.08628832010996432,0.9599855954494159
116,0.08598915484112296,0.9599311746859147
117,0.08569566253778182,0.9598771291584358
118,0.08540770723107882,0.9598234504977072
119,0.08512515661968803,0.9597701305778805
120,0.08484788195268395,0.9597171615048609
121,0.08457575791734964,0.9596645356099739
122,0.08430866253165284,0.9596122454424936
123,0.08404647704112841,0.959560283760895
124,0.08378908581991405,0.9595086435291138
125,0.0835363762757206,0.9594573179053157
126,0.083288238758519,0.9594063002409209
127,0.08304456647274555,0.9593555840685395
128,0.0828052553928423,0.9593051631017667
129,0.08257020418195905,0.9592550312250897
130,0.08233931411365315,0.9592051824901302
131,0.08211248899643915,0.9591556111110202
132,0.08188963510104495,0.9591063114575187
133,0.08167066109024249,0.9590572780524215
134,0.08145547795112805,0.9590085055636766
135,0.08124399892973964,0.9589599888031136
136,0.08103613946789547,0.9589117227196624
137,0.08083181714216021,0.9588637023965606
138,0.08063095160483327,0.9588159230460477
139,0.08043346452687791,0.9587683800068355
140,0.08023927954269848,0.9587210687383746
141,0.08004832219669186,0.9586739848194933
142,0.07986051989149298,0.9586271239422647
143,0.07967580183784752,0.9585804819108356
144,0.0794940990060423,0.9585340546362476
145,0.07931534407883002,0.9584878381357579
146,0.07913947140579032,0.958441828527014
147,0.07896641695906997,0.9583960220254591
148,0.07879611829044791,0.9583504149436329
149,0.07862851448967587,0.9583050036858678
150,0.07846354614404555,0.9582597847470321
151,0.0783011552991381,0.9582147547086967
152,0.07814128542071155,0.9581699102383994
153,0.07798388135768629,0.9581252480862015
154,0.07782888930618842,0.9580807650813778
155,0.07767625677461597,0.9580364581304617
156,0.07752593254968941,0.9579923242180488
157,0.07737786666345689,0.9579483603995312
158,0.07723201036121806,0.9579045638036906
159,0.07708831607034067,0.9578609316268242
160,0.07694673736993406,0.9578174611340561
161,0.07680722896135986,0.957774149655077
162,0.07666974663954577,0.957730994583254
163,0.07653424726508046,0.9576879933754027
164,0.07640068873706622,0.957645143545837
165,0.07626902996670239,0.957602442669552
166,0.07613923085158006,0.9575598883773896
167,0.07601125225066446,0.9575174783562697
168,0.07588505595994631,0.9574752103461551
169,0.07576060468873963,0.9574330821391033
170,0.07563786203660933,0.9573910915786396
171,0.07551679247090808,0.9573492365586808
172,0.07539736130490594,0.9573075150192853
173,0.07527953467649663,0.9572659249488308
174,0.07516327952745909,0.9572244643811427
175,0.07504856358326494,0.9571831313941177
176,0.07493535533341401,0.9571419241091618
177,0.07482362401227774,0.9571008406887257
178,0.07471333958044676,0.9570598793383461
179,0.07460447270655902,0.9570190383011945
180,0.07449699474959999,0.9569783158603383
181,0.07439087774166132,0.9569377103356568
182,0.07428609437114439,0.9568972200861409
183,0.07418261796639783,0.9568568435032575
184,0.07408042247977605,0.956816579016391
185,0.07397948247210834,0.9567764250869035
186,0.07387977309756685,0.9567363802107344
187,0.07378127008892399,0.9566964429144295
188,0.07368394974318587,0.9566566117568931
189,0.07358778890759653,0.956616885327833
190,0.07349276496599765,0.9565772622463902
191,0.07339885582553861,0.9565377411610975
192,0.07330603990372697,0.9564983207475333
193,0.07321429611580597,0.9564589997111658
194,0.07312360386245843,0.9564197767821851
195,0.0730339430178205,0.956380650718222
196,0.0729452939178032,0.9563416203019092
197,0.07285763734870969,0.956302684340489
198,0.07277095453614238,0.956263841667173
199,0.0726852271341927,0.9562250911365838
200,0.07260043721490451,0.9561864316279372
201,0.07251656725800616,0.956147862042557
202,0.07243360014090215,0.9561093813033585
203,0.07235151912891949,0.9560709883546678
204,0.07227030786580081,0.9560326821637222
205,0.07218995036443807,0.9559944617147439
206,0.07211043099784263,0.9559563260138304
207,0.07203173449034152,0.9559182740871001
208,0.07195384590899918,0.9558803049782176
209,0.07187675065525237,0.9558424177491989
210,0.071800434456762,0.9558046114812916
211,0.0717248833594662,0.9557668852722694
212,0.0716500837198351,0.955729238237756
213,0.07157602219732412,0.9556916695102878
214,0.0715026857470136,0.9556541782377861
215,0.07143006161243694,0.9556167635843107
216,0.0713581373185889,0.9555794247311626
217,0.07128690066511015,0.9555421608721908
218,0.07121633971964236,0.9555049712188788
219,0.07114644281135389,0.9554678549946792
220,0.07107719852462409,0.9554308114385354
221,0.07100859569289086,0.9553938398037496
222,0.07094062339264942,0.9553569393559141
223,0.07087327093760519,0.9553201093745629
224,0.07080652787297025,0.9552833491518308
225,0.07074038396990642,0.9552466579922315
226,0.07067482922010572,0.9552100352137989
227,0.07060985383050745,0.9551734801451021
228,0.07054544821814754,0.9551369921272048
229,0.0704816030051389,0.9551005705120648
230,0.0704183090137739,0.9550642146642749
231,0.0703555572617536,0.9550279239576125
232,0.07029333895753426,0.9549916977781358
233,0.0702316454957896,0.9549555355206019
234,0.0701704684529886,0.9549194365926481
235,0.07010979958308265,0.9548834004086598
236,0.07004963081330061,0.9548474263958404
237,0.06998995424004965,0.9548115139892411
238,0.06993076212491647,0.9547756626335445
239,0.06987204689077046,0.9547398717827476
240,0.06981380111796315,0.954704140900526
241,0.06975601754062245,0.9546684694578299
242,0.06969868904303722,0.9546328569352199
243,0.0696418086561364,0.9545973028215793
244,0.0695853695540514,0.9545618066136576
245,0.06952936505076478,0.9545263678161007
246,0.0694737885968444,0.954490985942798
247,0.06941863377625637,0.9544556605132829
248,0.06936389430325707,0.954420391055123
249,0.06930956401936386,0.9543851771052225
250,0.06925563689039965,0.9543500182047888
251,0.06920210700360947,0.9543149139049034
252,0.0691489685648528,0.9542798637606443
253,0.06909621589585822,0.9542448673364929
254,0.06904384343155263,0.9542099242014761
255,0.06899184571745264,0.9541750339328879
256,0.06894021740712108,0.9541401961128162
257,0.06888895325968594,0.9541054103309401
258,0.06883804813742216,0.9540706761819975
259,0.06878749700338958,0.9540359932669107
260,0.06873729491913176,0.9540013611934699
261,0.06868743704243008,0.9539667795731335
262,0.06863791862511376,0.9539322480249298
263,0.06858873501092225,0.9538977661724608
264,0.06853988163342072,0.9538633336450605
265,0.06849135401396754,0.9538289500767888
266,0.06844314775972869,0.9537946151078189
267,0.06839525856174414,0.9537603283823132
268,0.06834768219303843,0.9537260895493336
269,0.06830041450677925,0.9536918982651724
270,0.06825345143447953,0.9536577541873846
271,0.06820678898424476,0.953623656980916
272,0.0681604232390602,0.9535896063145599
273,0.06811435035512403,0.953555601860517
274,0.068068566560216,0.9535216432970873
275,0.06802306815210922,0.9534877303056075
276,0.06797785149701871,0.9534538625722839
277,0.06793291302808804,0.9534200397875502
278,0.06788824924391153,0.9533862616453574
279,0.06784385670709478,0.9533525278444874
280,0.06779973204284537,0.9533188380874219
281,0.0677558719376018,0.953285192079532
282,0.06771227313769332,0.9532515895310013
283,0.06766893244803224,0.953218030156189
284,0.0676258467308372,0.9531845136711599
285,0.06758301290438745,0.9531510397981142
286,0.06754042794180803,0.9531176082602172
287,0.06749808886988161,0.9530842187866637
288,0.06745599276788986,0.9530508711075375
289,0.06741413676648343,0.9530175649580188
290,0.06737251804657729,0.952984300075572
291,0.06733113383827312,0.9529510762015941
292,0.06728998141980638,0.9529178930801878
293,0.0672490581165204,0.9528847504586404
294,0.06720836129986194,0.9528516480868461
295,0.06716788838640352,0.9528185857192074
296,0.0671276368368853,0.9527855631109473
297,0.06708760415528367,0.9527525800213725
298,0.06704778788789753,0.9527196362127883
299,0.06700818562246073,0.9526867314493033
300,0.0669687949872697,0.9526538654993175
301,0.06692961365033714,0.9526210381323058
302,0.06689063931856168,0.9525882491215766
303,0.06685186973691866,0.9525554982417784
304,0.06681330268766976,0.9525227852716134
305,0.06677493598958938,0.9524901099914366
306,0.06673676749721262,0.952457472183357
307,0.06669879510009596,0.9524248716338146
308,0.06666101672209966,0.9523923081302812
309,0.06662343032068285,0.9523597814619813
310,0.06658603388621939,0.9523272914220959
311,0.06654882544132366,0.9522948378056083
312,0.06651180304019778,0.9522624204083747
313,0.06647496476799034,0.9522300390299188
314,0.06643830874017094,0.9521976934720352
315,0.06640183310191837,0.9521653835369985
316,0.06636553602752417,0.9521331090311775
317,0.06632941571980841,0.9521008697612134
318,0.06629347040955,0.9520686655379254
319,0.06625769835492891,0.9520364961714072
320,0.06622209784098165,0.9520043614763347
321,0.06618666717906982,0.9519722612671638
322,0.066151404706359,0.9519401953614212
323,0.06611630878530997,0.9519081635780983
324,0.0660813778031837,0.9518761657387371
325,0.06604661017155426,0.9518442016661383
326,0.06601200432583386,0.9518122711843916
327,0.06597755872481002,0.9517803741196724
328,0.06594327185019055,0.9517485103007294
329,0.06590914220616095,0.9517166795568703
330,0.06587516831895072,0.9516848817203393
331,0.06584134873640889,0.9516531166230991
332,0.06580768202759056,0.9516213841004804
333,0.06577416678235011,0.9515896839889586
334,0.06574080161094686,0.9515580161260765
335,0.06570758514365577,0.9515263803511649
336,0.06567451603038964,0.9514947765061872
337,0.06564159294032806,0.9514632044323802
338,0.06560881456155507,0.9514316639743624
339,0.06557617960070491,0.9514001549780329
340,0.06554368678261474,0.9513686772895403
341,0.06551133484998652,0.951337230757322
342,0.065479122563054,0.9513058152312229
343,0.06544704869926019,0.9512744305632241
344,0.06541511205293693,0.9512430766040749
345,0.0653833114349977,0.9512117532085828
346,0.06535164567263178,0.9511804602323631
347,0.0653201136090069,0.951149197530973
348,0.06528871410297991,0.9511179649627527
349,0.06525744602881099,0.9510867623868122
350,0.0652263082758848,0.9510555896625553
351,0.06519529974843954,0.9510244466524166
352,0.065164419365299,0.9509933332187014
353,0.06513366605961178,0.9509622492255738
354,0.06510303877859648,0.950931194538443
355,0.06507253648329112,0.9509001690224981
356,0.06504215814830785,0.9508691725458492
357,0.06501190276159519,0.9508382049777822
358,0.06498176932420162,0.9508072661869602
359,0.0649517568500472,0.9507763560445724
360,0.06492186436569831,0.9507454744229586
361,0.06489209091014808,0.9507146211945737
362,0.0648624355346004,0.9506837962336225
363,0.06483289730225923,0.9506529994152882
364,0.06480347528812225,0.9506222306157949
365,0.06477416857877819,0.950591489712484
366,0.06474497627220899,0.9505607765829692
367,0.06471589747759625,0.9505300911069333
368,0.0646869313151297,0.9504994331645614
369,0.0646580769158234,0.9504688026368691
370,0.06462933342133126,0.9504381994062115
371,0.06460069998377,0.9504076233552557
372,0.06457217576554347,0.9503770743685765
373,0.0645437599391718,0.9503465523305547
374,0.06451545168712268,0.950316057127369
375,0.06448725020164811,0.9502855886462288
376,0.06445915468462178,0.9502551467738989
377,0.06443116434738318,0.9502247313994319
378,0.06440327841058072,0.9501943424120216
379,0.06437549610402091,0.9501639797029762
380,0.06434781666652051,0.950133643161657
381,0.06432023934575996,0.9501033326811473
382,0.06429276339814091,0.9500730481541709
383,0.06426538808864651,0.9500427894740932
384,0.064238112690704,0.9500125565351355
385,0.06421093648604925,0.9499823492332328
386,0.06418385876459863,0.9499521674642256
387,0.06415687882431419,0.9499220111247992
388,0.06412999597108214,0.9498918801126113
389,0.06410320951858547,0.9498617743257395
390,0.06407651878818359,0.949831693663669
391,0.06404992310879215,0.949801638025734
392,0.06402342181676653,0.949771607313545
393,0.06399701425578634,0.949741601426881
394,0.06397069977674354,0.9497116202692845
395,0.06394447773763111,0.9496816637430028
396,0.06391834750343502,0.9496517317511829
397,0.06389230844602879,0.9496218241983666
398,0.06386635994406697,0.9495919409895842
399,0.0638405013828856,0.9495620820297872
400,0.06381473215440016,0.9495322472258946
401,0.06378905165700652,0.9495024364839766
402,0.06376345929548605,0.949472649712357
403,0.06373795448091021,0.9494428868189261
404,0.06371253663054618,0.9494131477122529
405,0.06368720516776809,0.9493834323027747
406,0.06366195952196461,0.949353740499466
407,0.06363679912845283,0.9493240722138921
408,0.06361172342839164,0.9492944273573781
409,0.06358673186869672,0.9492648058413702
410,0.06356182390195701,0.9492352075784941
411,0.06353699898635452,0.9492056324824323
412,0.06351225658558218,0.9491760804671618
413,0.06348759616876629,0.9491465514464127
414,0.06346301721038919,0.9491170453355392
415,0.0634385191902136,0.9490875620494035
416,0.06341410159320707,0.949058101505393
417,0.06338976390946989,0.9490286636192706
418,0.06336550563416317,0.9489992483086548
419,0.06334132626743746,0.9489698554903927
420,0.06331722531436358,0.9489404850840486
421,0.06329320228486587,0.9489111370077113
422,0.06326925669365394,0.9488818111816301
423,0.06324538806015727,0.9488525075250441
424,0.06322159590846024,0.948823225957957
425,0.06319787976724058,0.9487939664022867
426,0.06317423916970437,0.9487647287792982
427,0.0631506736535273,0.9487355130105655
428,0.06312718276079263,0.9487063190185449
429,0.06310376603793304,0.9486771467273528
430,0.06308042303567277,0.9486479960595593
431,0.0630571533089697,0.9486188669392922
432,0.0630339564169601,0.9485897592909899
433,0.06301083192290288,0.9485606730398921
434,0.06298777939412507,0.9485316081109264
435,0.06296479840196996,0.9485025644309222
436,0.06294188852174361,0.9484735419246384
437,0.06291904933266268,0.9484445405208467
438,0.06289628041780533,0.9484155601453681
439,0.06287358136406124,0.9483866007266009
440,0.06285095176208101,0.9483576621927589
441,0.06282839120622996,0.9483287444726677
442,0.0628058992945401,0.9482998474948718
443,0.062783475628663,0.9482709711891782
444,0.06276111981382486,0.9482421154852864
445,0.06273883145878119,0.94821328031411
446,0.0627166101757721,0.9481844656065039
447,0.06269445558047924,0.948155671293017
448,0.06267236729198308,0.9481268973052028
449,0.06265034493272001,0.9480981435760251
450,0.06262838812844163,0.948069410036979
451,0.06260649650817311,0.9480406966222135
452,0.06258466970417437,0.9480120032636312
453,0.06256290735189847,0.9479833298960506
454,0.06254120908995559,0.9479546764527168
455,0.06251957456007123,0.9479260428682429
456,0.06249800340705209,0.9478974290778148
457,0.06247649527874671,0.9478688350169235
458,0.06245504982600944,0.947840260620105
459,0.062433666702664994,0.9478117058242312
460,0.06241234556547318,0.94778317056558
461,0.06239108607409301,0.9477546547809806
462,0.06236988789104964,0.9477261584069973
463,0.062348750681700295,0.9476976813815142
464,0.062327674114200704,0.9476692236423935
465,0.062306657859473015,0.9476407851279518
466,0.0622857015911729,0.9476123657761474
467,0.062264804985658354,0.9475839655265824
468,0.06224396772195849,0.9475555843181117
469,0.06222318948174223,0.9475272220903544
470,0.06220246994928922,0.9474988787837896
471,0.062181808811457705,0.9474705543378639
472,0.06216120575765838,0.9474422486937802
473,0.06214066047982235,0.9474139617922809
474,0.062120172672375476,0.9473856935744918
475,0.06209974203220725,0.9473574439826119
476,0.06207936825864561,0.9473292129578614
477,0.06205905105342843,0.9473010004435005
478,0.062038790120676514,0.9472728063805596
479,0.06201858516686937,0.9472446307135377
480,0.06199843590081532,0.9472164733849128
481,0.06197834203362906,0.9471883343384274
482,0.061958303278704135,0.9471602135175862
483,0.06193831935169013,0.9471321108667891
484,0.06191838997046618,0.9471040263310929
485,0.0618985148551177,0.9470759598540626
486,0.0618786937279119,0.9470479113815906
487,0.06185892631327506,0.9470198808588598
488,0.06183921233776841,0.9469918682316383
489,0.061819551530065554,0.9469638734457532
490,0.06179994362093082,0.9469358964477254
491,0.06178038834319525,0.9469079371830303
492,0.06176088543173518,0.9468799955996758
493,0.06174143462345247,0.9468520716447036
494,0.061722035657250346,0.9468241652652128
495,0.0617026882740145,0.9467962764084866
496,0.0616833922165909,0.9467684050233122
497,0.06166414722976638,0.946740551057298
498,0.06164495306024781,0.9467127144587972
499,0.06162580945664339,0.9466848951773639
500,0.061606716169440495,0.9466570931615197
502,0.0615686795554806,0.9466015407236518
504,0.061530841259157816,0.9465460567437736
506,0.06149319935014266,0.9464906408236227
508,0.06145575192640107,0.9464352925689143
510,0.06141849711362668,0.9463800115894807
512,0.061381433064690176,0.9463247974991632
514,0.061344557959098316,0.9462696499160647
516,0.06130787000247222,0.9462145684623262
518,0.061271367426034215,0.9461595527628588
520,0.06123504848611231,0.9461046024470652
522,0.06119891146365278,0.9460497171483113
524,0.061162954663749165,0.9459948965031052
526,0.06112717641518056,0.9459401401522176
528,0.06109157506996241,0.94588544773835
530,0.06105614900290776,0.9458308189094463
532,0.06102089661120065,0.9457762533159048
534,0.060985816313978584,0.9457217506128988
536,0.060950906551924366,0.945667310456474
538,0.060916165786871944,0.945612932507913
540,0.060881592501415435,0.94555861643231
542,0.06084718519853418,0.9455043618950165
544,0.06081294240122062,0.9454501685680063
546,0.060778862652120486,0.9453960361236028
548,0.0607449445131826,0.9453419642396684
550,0.060711186565311416,0.9452879525943957
552,0.060677587408033994,0.9452340008708792
554,0.060644145659169965,0.945180108755455
556,0.060610859954511306,0.9451262759354383
558,0.06057772894750859,0.945072502102848
560,0.06054475130896451,0.945018786951541
562,0.0605119257267352,0.9449651301783714
564,0.06047925090543598,0.9449115314834351
566,0.06044672556615593,0.9448579905687539
568,0.06041434844617711,0.9448045071393755
570,0.06038211829870184,0.9447510809041052
572,0.06035003389258222,0.944697711571897
574,0.06031809401206129,0.944644398856492
576,0.0602862974565139,0.9445911424727336
578,0.06025464304019693,0.9445379421393069
580,0.06022312959200245,0.9444847975765521
582,0.06019175595521911,0.9444317085072969
584,0.060160520987295685,0.9443786746566547
586,0.060129423559609534,0.9443256957528162
588,0.06009846255724282,0.9442727715256433
590,0.0600676368787605,0.9442199017075986
592,0.06003694543599395,0.9441670860328968
594,0.06000638715382825,0.944114324239308
596,0.0599759609699967,0.9440616160661301
598,0.059945665834875025,0.9440089612542232
600,0.05991550071128289,0.9439563595472562
602,0.05988546457428827,0.9439038106912172
604,0.05985555641101728,0.9438513144341009
606,0.059825775220464006,0.9437988705254357
608,0.05979612001330931,0.9437464787180929
610,0.05976658981173784,0.9436941387658178
612,0.05973718364926346,0.9436418504244982
614,0.05970790057055504,0.943589613453022
616,0.05967873963126501,0.9435374276114881
618,0.059649699897865775,0.9434852926612877
620,0.05962078044748362,0.9434332083671275
622,0.05959198036773827,0.9433811744947046
624,0.059563298756586884,0.9433291908118845
626,0.05953473472216936,0.9432772570892403
628,0.0595062873826565,0.9432253730973591
630,0.059477955866100884,0.9431735386095924
632,0.05944973931029189,0.943121753401852
634,0.05942163686261193,0.9430700172508912
636,0.059393647679896674,0.9430183299352968
638,0.05936577092829585,0.942966691235406
640,0.05933800578313914,0.9429151009341942
642,0.059310351428802054,0.9428635588146687
644,0.05928280705857727,0.9428120646632154
646,0.05925537187454364,0.9427606182661828
648,0.059228045087443,0.9427092194139309
650,0.05920082591655462,0.942657867895187
652,0.05917371358957541,0.9426065635032808
654,0.059146707342498744,0.942555306031893
656,0.05911980641949983,0.942504095275688
658,0.059093010072818475,0.9424529310324296
660,0.05906631756264668,0.9424018130995797
662,0.05903972815701805,0.9423507412778496
664,0.05901324113169767,0.9422997153679269
666,0.05898685577007625,0.942248735173062
668,0.05896057136306305,0.9421978004980665
670,0.058934387208983544,0.9421469111476657
672,0.05890830261347717,0.9420960669307834
674,0.05888231688939687,0.9420452676540225
676,0.058856429356711835,0.9419945131289685
678,0.05883063934240883,0.9419438031672056
680,0.05880494618039906,0.9418931375804354
682,0.058779349211423665,0.941842516183958
684,0.058753847782961936,0.9417919387926542
686,0.0587284412491414,0.941741405224082
688,0.058703128970647056,0.9416909152954814
690,0.05867791031463715,0.9416404688278197
692,0.058652784654653914,0.9415900656405845
694,0.058627751370541346,0.9415397055568021
696,0.058602809848360714,0.9414893883988384
698,0.05857795948030887,0.941439113992322
700,0.058553199664638976,0.9413888821625349
702,0.05852852980557858,0.9413386927369942
704,0.05850394931325496,0.941288545543329
706,0.058479457603616336,0.9412384404120442
708,0.058455054098356114,0.9411883771727322
710,0.05843073822484036,0.9411383556577794
712,0.058406509416033946,0.9410883757008719
714,0.05838236711042738,0.941038437135321
716,0.05835831075196867,0.9409885397961786
718,0.05833433978999144,0.9409386835208302
720,0.058310453679146265,0.9408888681461812
722,0.058286651879335065,0.9408390935113771
724,0.05826293385564299,0.9407893594559896
726,0.058239299078274104,0.9407396658206301
728,0.058215747022485505,0.9406900124472197
730,0.058192277168526034,0.9406403991793059
732,0.05816888900157153,0.9405908258608183
734,0.05814558201166566,0.9405412923364934
736,0.05812235569365689,0.940491798452707
738,0.058099209547141505,0.940442344056377
740,0.058076143076402555,0.9403929289957277
742,0.05805315579035371,0.9403435531201171
744,0.058030247202481205,0.9402942162797501
746,0.05800741683078837,0.9402449183255113
748,0.05798466419774047,0.9401956591094679
750,0.05796198883021024,0.9401464384849395
753,0.0579281196274934,0.9400726795878834
756,0.057894421654434196,0.9399990067050827
759,0.057860893368389336,0.9399254193513993
762,0.05782753324771083,0.9398519170487231
765,0.057794339791370615,0.9397784993222535
768,0.057761311518589147,0.939705165701642
771,0.05772844696847832,0.9396319157208246
774,0.057695744699686816,0.9395587489187402
777,0.057663203290055746,0.939485664838617
780,0.057630821336282625,0.9394126630270973
783,0.05759859745358841,0.9393397430365674
786,0.05756653027539724,0.9392669044221776
789,0.05753461845301778,0.9391941467436578
792,0.057502860655334886,0.939121469565366
795,0.05747125556850623,0.9390488724549502
798,0.05743980189566464,0.9389763549836234
801,0.05740849835662945,0.9389039167275915
804,0.057377343687619924,0.9388315572661343
807,0.057346336640977574,0.9387592761822445
810,0.05731547598489353,0.9386870730639565
813,0.057284760503140374,0.9386149475009701
816,0.05725418899481206,0.9385428990879876
819,0.057223760274065415,0.9384709274229145
822,0.05719347316986945,0.9383990321067901
825,0.05716332652576103,0.9383272127453653
828,0.05713331919960076,0.9382554689463583
831,0.057103450063339015,0.9381838003220525
834,0.05707371800278334,0.9381122064875568
837,0.05704412191737138,0.938040687060338
840,0.0570146607199499,0.9379692416641255
843,0.05698533333655317,0.9378978699221453
846,0.05695613870619372,0.9378265714634132
849,0.056927075780649546,0.9377553459191796
852,0.056898143524260966,0.9376841929239429
855,0.05686934091372654,0.9376131121151474
858,0.05684066693790783,0.9375421031337664
861,0.05681212059763565,0.937471165622654
864,0.05678370090551857,0.937400299228884
867,0.0567554068857576,0.937329503602286
870,0.05672723757396515,0.9372587783942068
873,0.05669919201698181,0.9371881232607528
876,0.05667126927270466,0.937117537859781
879,0.056643468409913585,0.9370470218519654
882,0.056615788508100263,0.9369765749011464
885,0.05658822865730472,0.9369061966735402
888,0.05656078795795189,0.9368358868375892
891,0.05653346552069076,0.9367656450657594
894,0.056506260466238176,0.9366954710327349
897,0.0564791719252269,0.9366253644138374
900,0.056452199038049766,0.9365553248897134
903,0.056425340954718066,0.936485352142315
906,0.05639859683471065,0.9364154458557359
909,0.05637196584683286,0.9363456057172208
912,0.05634544716907764,0.9362758314159523
915,0.056319039988486905,0.936206122644124
918,0.05629274350101654,0.9361364790961484
921,0.05626655691140314,0.9360669004675577
924,0.0562404794330354,0.935997386458586
927,0.056214510287824204,0.9359279367693756
930,0.056188648706078904,0.9358585511046694
933,0.05616289392638375,0.9357892291692564
936,0.05613724519547519,0.9357199706715299
939,0.05611170176812556,0.9356507753216652
942,0.05608626290702287,0.9355816428320578
945,0.05606092788266028,0.9355125729174423
948,0.056035695973219946,0.9354435652945748
951,0.0560105664644635,0.9353746196822951
954,0.05598553864962402,0.9353057358013838
957,0.05596061182929893,0.9352369133747488
960,0.055935785311342905,0.935168152127821
963,0.055911058410767475,0.9350994517872396
966,0.055886430449639576,0.9350308120824261
969,0.05586190075697974,0.9349622327438427
972,0.05583746866866639,0.9348937135054417
975,0.0558131335273381,0.9348252541016865
978,0.055788894682301235,0.9347568542694271
981,0.05576475148943408,0.9346885137475751
984,0.05574070331109839,0.9346202322763394
987,0.05571674951604793,0.9345520095982227
990,0.05569288947934012,0.9344838454584141
993,0.05566912258225149,0.9344157396020203
996,0.055645448212189634,0.9343476917776785
999,0.055621865762611286,0.9342797017351145
1000,0.05561402526888586,0.9342570511847957
1004,0.05558276431919145,0.9341665127263891
1008,0.05555166396035204,0.9340760758199964
1012,0.05552072280779638,0.933985739888016
1016,0.05548993949481135,0.9338955043582109
1020,0.0554593126722238,0.9338053686639981
1024,0.05542884100808883,0.9337153322438602
1028,0.05539852318738497,0.9336253945408703
1032,0.05536835791171957,0.9335355550040743
1036,0.05533834389903148,0.9334458130868595
1040,0.055308479883313666,0.9333561682481234
1044,0.05527876461432843,0.9332666199508652
1048,0.055249196857336876,0.9331771676632065
1052,0.055219775392833896,0.9330878108587721
1056,0.05519049901628241,0.932998549014565
1060,0.05516136653786425,0.9329093816133867
1064,0.05513237678222323,0.9328203081413613
1068,0.05510352858822502,0.9327313280901925
1072,0.05507482080871761,0.9326424409560955
1076,0.055046252310292206,0.9325536462387852
1080,0.05501782197305874,0.9324649434430823
1084,0.054989528690418454,0.9323763320777055
1088,0.05496137136884452,0.9322878116553942
1092,0.05493334892766622,0.9321993816933452
1096,0.054905460298857886,0.932111041714063
1100,0.05487770442683173,0.9320227912412693
1104,0.05485008026823709,0.9319346298058284
1108,0.054822586791759706,0.9318465569402216
1112,0.05479522297792996,0.9317585721825759
1116,0.0547679878189298,0.9316706750734721
1120,0.05474088031840928,0.9315828651583565
1124,0.054713899491302745,0.9314951419862921
1128,0.05468704436364818,0.9314075051096449
1132,0.05466031397241508,0.9313199540845546
1136,0.05463370736533141,0.931232488471174
1140,0.05460722360071183,0.9311451078332053
1144,0.05458086174729937,0.931057811737568
1148,0.05455462088409851,0.930970599755274
1152,0.0545285001002177,0.9308834714606637
1156,0.05450249849471515,0.9307964264305775
1160,0.0544766151764457,0.9307094642463577
1164,0.05445084926391176,0.9306225844934756
1168,0.054425199885117764,0.9305357867581229
1172,0.05439966617742239,0.9304490706325315
1176,0.05437424728740483,0.9303624357105229
1180,0.05434894237072151,0.9302758815892712
1184,0.054323750591971004,0.930189407869845
1188,0.05429867112456375,0.9301030141563833
1192,0.054273703150590664,0.9300167000558902
1196,0.05424884586069409,0.9299304651777126
1200,0.05422409845394521,0.9298443091348609
1204,0.05419946013771775,0.9297582315451379
1208,0.05417493012757122,0.9296722320259112
1212,0.05415050764712851,0.9295863101996825
1216,0.05412619192796479,0.9295004656914025
1220,0.054101982209487226,0.9294146981290484
1224,0.05407787773882993,0.9293290071435953
1228,0.054053877770738695,0.9292433923677931
1232,0.054029981567467536,0.9291578534385231
1236,0.054006188398669795,0.9290723899951723
1240,0.053982497541296776,0.928987001678554
1244,0.05395890827949471,0.9289016881341161
1248,0.053935419904504914,0.928816449008571
1250,0.05392371332999337,0.9287738572435849
1255,0.053894555900292324,0.9286674585573614
1260,0.05386555311720359,0.9285611746568972
1265,0.05383670364834311,0.9284550048718772
1270,0.0538080061774914,0.9283489485396084
1275,0.05377945940432643,0.928243005002787
1280,0.0537510620441537,0.9281371736103087
1285,0.05372281282764645,0.9280314537179921
1290,0.05369471050059015,0.9279258446860855
1295,0.05366675382363563,0.9278203458807358
1300,0.05363894157205081,0.9277149566748459
1305,0.053611272535486476,0.927609676447076
1310,0.05358374551773933,0.9275045045804224
1315,0.05355635933652821,0.9273994404645477
1320,0.05352911282326522,0.9272944834937903
1325,0.053502004822840316,0.9271896330688223
1330,0.05347503419340833,0.9270848885941303
1335,0.05344819980617555,0.9269802494815981
1340,0.05342150054519964,0.9268757151458737
1345,0.05339493530718475,0.92677128500854
1350,0.05336850300128796,0.9266669584968293
1355,0.05334220254892611,0.9265627350403389
1360,0.053316032883586405,0.9264586140757987
1365,0.05328999295064342,0.9263545950435002
1370,0.05326408170717723,0.9262506773905022
1375,0.05323829812179745,0.9261468605664946
1380,0.05321264117446888,0.9260431440277022
1385,0.05318710985634339,0.9259395272331495
1390,0.053161703169591665,0.9258360096479635
1395,0.053136420127239355,0.9257325907416473
1400,0.05311125975301179,0.925629269987323
1405,0.05308622108117259,0.9255260468628842
1410,0.05306130315637189,0.9254229208522211
1415,0.05303650503349558,0.9253198914410583
1420,0.053011825777519825,0.9252169581214569
1425,0.052987264463362264,0.9251141203881049
1430,0.05296282017574435,0.9250113777411264
1435,0.05293849200905062,0.9249087296851521
1440,0.05291427906719098,0.9248061757271403
1445,0.05289018046346784,0.9247037153791927
1450,0.05286619532044752,0.9246013481581333
1455,0.05284232276982726,0.9244990735833003
1460,0.05281856195230971,0.9243968911800353
1465,0.05279491201748293,0.9242948004739486
1470,0.052771372123692935,0.9241928009992966
1475,0.05274794143792908,0.9240908922896013
1480,0.05272461913570434,0.9239890738851724
1485,0.05270140440094068,0.9238873453297805
1490,0.0526782964258569,0.9237857061691549
1495,0.05265529441085735,0.9236841559535052
1500,0.05263239756442166,0.9235826942378729
1506,0.0526050590685216,0.9234610563755548
1512,0.05257786954841538,0.9233395445570518
1518,0.052550827681110704,0.9232181580331794
1524,0.052523932159418925,0.9230968960594401
1530,0.052497181691707494,0.9229757579001173
1536,0.052470575001660726,0.9228547428251509
1542,0.0524441108280443,0.9227338501124371
1548,0.05241778792447302,0.922613079045754
1554,0.05239160505919033,0.9224924289162866
1560,0.052365561014840835,0.922371899021524
1566,0.052339654588258934,0.9222514886656038
1572,0.052313884590254184,0.922131197159168
1578,0.052288249845404096,0.9220110238184095
1584,0.05226274919185186,0.9218909679667467
1590,0.05223738148110252,0.9217710289340679
1596,0.05221214557783291,0.9216512060554325
1602,0.05218704035969509,0.9215314986720272
1608,0.052162064717129975,0.9214119061321383
1614,0.05213721755318409,0.9212924277886381
1620,0.05211249778332643,0.9211730630015619
1626,0.05208790433527101,0.9210538111353049
1632,0.05206343614880637,0.9209346715615725
1638,0.05203909217561776,0.920815643655411
1644,0.05201487137912673,0.9206967267998274
1650,0.051990772734322004,0.9205779203819655
1656,0.05196679522759916,0.9204592237949953
1662,0.05194293785660334,0.9203406364376124
1668,0.05191919963007195,0.9202221577125401
1674,0.051895579567681635,0.9201037870289135
1680,0.05187207669990015,0.9199855238014447
1686,0.05184869006783751,0.919867367448471
1692,0.05182541872309993,0.9197493173950403
1698,0.0518022617276525,0.9196313730697213
1704,0.0517792181536734,0.9195135339076221
1710,0.05175628708342002,0.9193957993470375
1716,0.05173346760909364,0.91927816883204
1722,0.05171075883270799,0.919160641811874
1728,0.05168815986595595,0.9190432177392719
1734,0.051665669830084034,0.9189258960726653
1740,0.05164328785576788,0.9188086762752753
1746,0.0516210130829823,0.9186915578138449
1750,0.05160622237032259,0.9186135348765414
1757,0.05158045160834648,0.9184771020771454
1764,0.05155482351059586,0.9183408051872234
1771,0.05152933676740873,0.9182046433877316
1778,0.051503990085270485,0.9180686158682089
1785,0.051478782186569115,0.9179327218264934
1792,0.05145371180936065,0.917796960468134
1799,0.051428777707134825,0.9176613310061006
1806,0.05140397864858579,0.9175258326614911
1813,0.05137931341739125,0.9173904646619337
1820,0.051354780811987424,0.917255226243041
1827,0.051330379645359796,0.9171201166475347
1834,0.05130610874482479,0.9169851351263931
1841,0.051281966951822695,0.9168502809354054
1848,0.05125795312171768,0.9167155533399801
1855,0.05123406612359179,0.9165809516101895
1862,0.05121030484004774,0.9164464750245918
1869,0.05118666816702043,0.9163121228677246
1876,0.05116315501357836,0.9161778944311622
1883,0.05113976430174379,0.9160437890130197
1890,0.0511164949663053,0.9159098059175279
1897,0.05109334595463629,0.9157759444552819
1904,0.05107031622651809,0.9156422039441177
1911,0.05104740475396778,0.9155085837075552
1918,0.05102461052106262,0.9153750830744998
1925,0.05100193252377337,0.9152417013816988
1932,0.05097936976979709,0.9151084379702189
1939,0.05095692127839596,0.9149752921888877
1946,0.050934586080233483,0.9148422633905133
1953,0.05091236321722089,0.9147093509348074
1960,0.05089025174235593,0.9145765541872111
1967,0.05086825071957693,0.9144438725186654
1974,0.05084635922360743,0.9143113053057419
1981,0.0508245763398101,0.9141788519301693
1988,0.050802901164038836,0.9140465117796117
1995,0.050781332802502126,0.9139142842474651
2000,0.05076599173659654,0.9138199046268791
2008,0.050741557652022665,0.9136690155650035
2016,0.050717259817663514,0.9135182713695472
2024,0.050693096958027796,0.913367671164569
2032,0.05066906781411282,0.9132172140838053
2040,0.050645171143157995,0.9130668992683353
2048,0.05062140571839245,0.9129167258699773
2056,0.05059777032878903,0.912766693046377
2064,0.050574263778826616,0.9126167999642171
2072,0.05055088488825257,0.9124670457993986
2080,0.05052763249185147,0.9123174297337446
2088,0.05050450543921502,0.9121679509591335
2096,0.0504815025945222,0.9120186086742839
2104,0.05045862283631292,0.9118694020848187
2112,0.05043586505727701,0.9117203304050769
2120,0.050413228164039696,0.9115713928568604
2128,0.05039071107694961,0.9114225886685617
2136,0.050368312729877775,0.9112739170762485
2144,0.05034603207001062,0.9111253773238087
2152,0.050323868057657074,0.9109769686613444
2160,0.05030181966604749,0.9108286903455685
2168,0.05027988588114281,0.9106805416422356
2176,0.05025806570144766,0.9105325218215204
2184,0.05023635813782422,0.9103846301616737
2192,0.05021476221330556,0.9102368659471932
2200,0.050193276962920856,0.9100892284690983
2208,0.05017190143351617,0.9099417170252597
2216,0.05015063468357927,0.9097943309195756
2224,0.05012947578307057,0.9096470694620915
2232,0.050108423813255705,0.909499931970339
2240,0.05008747786653555,0.909352917765524
2248,0.050066637046288345,0.9092060261779945
2250,0.05006144316319709,0.9091693223613383
2259,0.05003815094495289,0.9090042492334388
2268,0.05001498913706383,0.9088393293047022
2277,0.049991956514885506,0.9086745616488
2286,0.04996905187022927,0.908509945348056
2295,0.04994627401109767,0.9083454794942855
2304,0.04992362176141658,0.9081811631877633
2313,0.049901093960780636,0.9080169955381074
2322,0.04987868946419387,0.9078529756627262
2331,0.049856407141826715,0.9076891026887777
2340,0.049834245878764845,0.9075253757512759
2349,0.0498122045747711,0.9073617939929969
2358,0.049790282144049326,0.9071983565662172
2367,0.0497684775150102,0.9070350626304725
2376,0.049746789630046896,0.9068719113535175
2385,0.04972521744530346,0.9067089019107434
2394,0.049703759930463325,0.906546033485965
2403,0.049682416068524506,0.9063833052708358
2412,0.04966118485559359,0.9062207164629178
2421,0.04964006530067365,0.9060582662684457
2430,0.0496190564254581,0.9058959539021653
2439,0.04959815726413269,0.9057337785840733
2448,0.049577366863169964,0.9055717395420031
2457,0.049556684281143404,0.9054098360115034
2466,0.04953610858853003,0.9052480672352675
2475,0.04951563886752503,0.905086432460714
2484,0.049495274211855844,0.9049249309458249
2493,0.049475013726597655,0.9047635619511677
2500,0.04945932702432544,0.9046381438850005
2510,0.049437025022138814,0.9044591128419214
2520,0.04941484851060311,0.9042802428203368
2530,0.04939279632117614,0.9041015328449521
2540,0.04937086730130149,0.9039229819488035
2550,0.04934906031413076,0.9037445891741157
2560,0.049327374238251266,0.9035663535742007
2570,0.049305807967423704,0.9033882742095183
2580,0.0492843604103157,0.9032103501510194
2590,0.049263030490246086,0.9030325804773087
2600,0.04924181714493682,0.9028549642773827
2610,0.04922071932626191,0.9026775006473174
2620,0.04919973600000738,0.9025001886934381
2630,0.04917886614563031,0.9023230275291588
2640,0.04915810875603191,0.9021460162768443
2650,0.049137462837321864,0.9019691540671797
2660,0.04911692740859855,0.9017924400391044
2670,0.049096501501724996,0.901615873338378
2680,0.04907618416111703,0.901439453120428
2690,0.04905597444352606,0.9012631785468871
2700,0.0490358714178354,0.9010870487891116
2710,0.04901587416485341,0.9009110630234538
2720,0.048995981777114034,0.9007352204354855
2730,0.04897619335867951,0.9005595202177206
2740,0.048956508024948116,0.9003839615704871
2750,0.04893692490246427,0.9002085437000397
2761,0.04891550049265662,0.9000157457030095
2772,0.04889419758213561,0.8998231160594583
2783,0.04887301505346096,0.8996306537430092
2794,0.04885195180440396,0.8994383577387303
2805,0.048831006747669374,0.8992462270386182
2816,0.04881017881062247,0.899054260647687
2827,0.048789466935027864,0.8988624575783103
2838,0.04876887007678644,0.8986708168534376
2849,0.04874838720568458,0.8984793375045992
2860,0.04872801730513941,0.8982880185724754
2871,0.04870775937196099,0.8980968591072467
2882,0.048687612416105135,0.8979058581680474
2893,0.048667575460445235,0.8977150148223034
2904,0.04864764754054379,0.8975243281469303
2915,0.04862782770441998,0.8973337972258405
2926,0.048608115012334425,0.8971434211538428
2937,0.04858850853657429,0.896953199031464
2948,0.048569007361236,0.8967631299695856
2959,0.04854961058202488,0.8965732130861421
2970,0.04853031730604537,0.8963834475068383
2981,0.04851112665160704,0.8961938323663012
2992,0.04849203774802623,0.8960043668058595
3000,0.04847821832728984,0.8958666671366337
3012,0.04845758853794535,0.8956602644230408
3024,0.04843707698910131,0.8954540368939046
3036,0.04841668260329816,0.895247983472244
3048,0.04839640431738997,0.8950421030923611
3060,0.04837624108227352,0.8948363946992378
3072,0.04835619186263313,0.8946308572464089
3084,0.04833625563667977,0.8944254896998671
3096,0.04831643139590608,0.8942202910324506
3108,0.048296718144834445,0.8940152602284005
3120,0.04827711490078828,0.8938103962823082
3132,0.04825762069364703,0.8936056981957671
3144,0.04823823456562359,0.8934011649823649
3156,0.04821895557104119,0.8931967956624612
3168,0.04819978277610945,0.8929925892667113
3180,0.04818071525871259,0.8927885448349488
3192,0.04816175210820053,0.8925846614157663
3204,0.04814289242518227,0.8923809380653293
3216,0.048124135321324986,0.8921773738501089
3228,0.04810547991915943,0.8919739678434032
3240,0.04808692535188371,0.8917707191282036
3250,0.04807153962103615,0.8916014646957703
3263,0.04805164116252081,0.8913815954303047
3276,0.048031858147513505,0.8911619076783627
3289,0.04801218952534906,0.8909424003137839
3302,0.04799263425881274,0.8907230722219822
3315,0.04797319132389969,0.8905039222987504
3328,0.04795385970955656,0.8902849494500982
3341,0.04793463841744785,0.8900661525933189
3354,0.04791552646172266,0.8898475306556866
3367,0.047896522868779726,0.8896290825735569
3380,0.04787762667704782,0.8894108072944681
3393,0.04785883693676565,0.8891927037755462
3406,0.04784015270976512,0.8889747709836153
3419,0.04782157306926645,0.888757007895701
3432,0.047803097099670976,0.8885394134974045
3445,0.04778472389636316,0.8883219867838731
3458,0.0477664525655125,0.8881047267596027
3471,0.047748282223887266,0.8878876324392807
3484,0.04773021199866229,0.8876707028442405
3497,0.04771224102724192,0.8874539370073317
3500,0.047708107884977105,0.8874039372761894
3514,0.04768888887075525,0.887170719485201
3528,0.047669782703118536,0.8869376890622231
3542,0.047650788345851375,0.8867048448335167
3556,0.0476319047754877,0.8864721856387626
3570,0.0476131309810703,0.8862397103264719
3584,0.04759446596392478,0.8860074177577331
3598,0.04757590873743938,0.8857753068040563
3612,0.04755745832684384,0.8855433763475934
3626,0.04753911376900274,0.8853116252818536
3640,0.04752087411219925,0.8850800525101766
3654,0.04750273841594479,0.8848486569469913
3668,0.04748470575077267,0.8846174375161995
3682,0.047466775198050114,0.884386393152445
3696,0.047448945849786844,0.8841555228001622
3710,0.04743121680845357,0.8839248254134435
3724,0.0474135871868003,0.8836942999563446
3738,0.04739605610768544,0.8834639454038921
3750,0.047381107242634384,0.8832666338990308
3765,0.04736252125289284,0.8830201690722527
3780,0.04734404550213904,0.8827738970487216
3795,0.047325678958766076,0.8825278166122855
3810,0.047307420603406355,0.8822819265579845
3825,0.04728926942871806,0.8820362256933818
3840,0.04727122443916999,0.8817907128381072
3855,0.04725328465084153,0.8815453868221789
3870,0.047235449091220336,0.8813002464877137
3885,0.047217716799011496,0.8810552906881254
3900,0.0472000868239372,0.88081051828838
3915,0.047182558226562366,0.8805659281627136
3930,0.04716513007810612,0.8803215191985739
3945,0.04714780146026523,0.8800772902923333
3960,0.04713057146504445,0.8798332403519046
3975,0.04711343919458551,0.8795893682952194
3990,0.04709640376100047,0.8793456730507868
4000,0.04708510016952365,0.8791833072590188
4016,0.04706710248860983,0.8789236836856248
4032,0.04704921228182774,0.8786642580120185
4048,0.04703142851547413,0.8784050289837169
4064,0.04701375016779654,0.8781459953588281
4080,0.046996176228797856,0.8778871559087044
4096,0.04697870570003412,0.8776285094155499
4112,0.046961337594434854,0.8773700546749823
4128,0.046944070936109604,0.8771117904940671
4144,0.046926904760173624,0.876853715692484
4160,0.04690983811256774,0.8765958291012073
4176,0.046892870049891025,0.876338129562868
4192,0.046875999639226035,0.8760806159316463
4208,0.04685922595798137,0.875823287073161
4224,0.046842548093724776,0.8755661418634552
4240,0.04682596514403626,0.8753091791910083
4250,0.046815648602277375,0.8751486697259122
4267,0.04679819415948509,0.8748759655352367
4284,0.04678084418320862,0.8746034640976069
4301,0.04676359763408075,0.8743311641289118
4318,0.046746453484593914,0.8740590643563464
4335,0.046729410718920464,0.8737871635196676
4352,0.04671246833273348,0.8735154603730726
4369,0.046695625333024425,0.8732439536832961
4386,0.04667888073793433,0.8729726422297109
4403,0.04666223357657635,0.8727015248048474
4420,0.046645682888883516,0.8724306002121276
4437,0.04662922772543436,0.8721598672684705
4454,0.04661286714730499,0.8718893248028672
4471,0.04659660022591092,0.8716189716568676
4488,0.046580426042852424,0.8713488066817372
4500,0.046569064314317586,0.8711582146702884
4518,0.04655210682213996,0.8708725005271084
4536,0.046535250511177816,0.8705869938552983
4554,0.04651849433556998,0.8703016933470227
4572,0.04650183726139424,0.8700165977050454
4590,0.046485278266505406,0.8697317056480843
4608,0.046468816340351174,0.8694470159072308
4626,0.04645245048381324,0.8691625272281244
4644,0.046436179709032306,0.8688782383698154
4662,0.04642000303925413,0.8685941481043618
4680,0.046403919508666056,0.8683102552161002
4698,0.046387928162249514,0.8680265585038816
4716,0.046372028055614856,0.8677430567783714
4734,0.04635621825487329,0.8674597488628537
4750,0.04634224016416899,0.8672080813681116
4769,0.04632573202314932,0.8669094228013987
4788,0.046309321503352006,0.8666109763987864
4807,0.04629300755377151,0.8663127408323131
4826,0.046276789135563795,0.8660147147913554
4845,0.046260665221874074,0.8657168969792879
4864,0.04624463479765584,0.8654192861126906
4883,0.046228696859522564,0.865121880923497
4902,0.04621285041557746,0.864824680157348
4921,0.04619709448525691,0.8645276825750472
4940,0.04618142809917903,0.8642308869479488
4959,0.04616585029898403,0.8639342920640339
4978,0.04615036013719729,0.8636378967247399
4997,0.04613495667707423,0.8633416997421758
5000,0.046132532416383605,0.8632949498522675
5020,0.04611642506042219,0.8629834092124374
5040,0.0461004115199011,0.862672085504643
5060,0.0460844907416372,0.8623609773937211
5080,0.046068661684903124,0.8620500835597749
5100,0.046052923321248315,0.861739402698322
5120,0.04603727463434142,0.861428933520292
5140,0.04602171461979946,0.8611186747514233
5160,0.04600624228503195,0.8608086251319043
5180,0.045990856649076886,0.8604987834157681
5200,0.04597555674245515,0.8601891483733457
5220,0.04596034160701104,0.8598797187867724
5240,0.04594521029576686,0.8595704934534513
5250,0.04593767578130928,0.8594159570097821
5271,0.04592192023564487,0.8590915950662658
5292,0.04590625449862601,0.8587674549993508
5313,0.04589067751889309,0.8584435354723821
5334,0.04587518825788316,0.8581198351646465
5355,0.04585978568965055,0.8577963527724665
5376,0.045844468800706105,0.8574730870069043
5397,0.045829236589841775,0.8571500365949024
5418,0.04581408806797278,0.8568272002771726
5439,0.04579902225797348,0.8565045768114002
5460,0.04578403819453026,0.8561821649698466
5481,0.04576913492396957,0.8558599635382667
5500,0.045755719843658754,0.8555686282621107
5522,0.045740267347253664,0.855231505479722
5544,0.04572490050446364,0.85489460978292
5566,0.045709618270344934,0.8545579398413662
5588,0.04569441961309503,0.8542214943410542
5610,0.04567930351388229,0.8538852719848271
5632,0.045664268966671966,0.8535492714902672
5654,0.04564931497804901,0.8532134915924195
5676,0.04563444056705492,0.8528779310411893
5698,0.045619644765026945,0.8525425886024931
5720,0.045604926615423716,0.8522074630565695
5742,0.045590285173675846,0.851872553199893
5750,0.04558497984894524,0.8517508210412197
5773,0.045569782451759154,0.8514009985667434
5796,0.04555466646001184,0.8510514087305173
5819,0.045539630839959384,0.8507020502156049
5842,0.04552467457134751,0.8503529217190953
5865,0.04550979664721418,0.8500040219568412
5888,0.04549499607371987,0.8496553496612314
5911,0.045480271869966823,0.8493069035797628
5934,0.04546562306781979,0.8489586824770371
5957,0.0454510487117425,0.8486106851326253
5980,0.045436547858617816,0.8482629103429838
6000,0.045423997444264015,0.8479606774619782
6024,0.045409008530897,0.8475982178646227
6048,0.045394096735094286,0.8472359968699927
6072,0.04537926103904273,0.8468740131772146
6096,0.04536450043870544,0.8465122655038015
6120,0.045349813943640106,0.8461507525824835
6144,0.04533520057680652,0.8457894731643038
6168,0.04532065937437525,0.8454284260163292
6192,0.0453061893855628,0.8450676099217728
6216,0.045291789672431956,0.8447070236802671
6240,0.04527745930973141,0.8443466661081381
6250,0.04527150857584451,0.8441965843302008
6275,0.04525668329400186,0.8438215521337415
6300,0.045241930851494895,0.843446764970764
6325,0.045227250250869315,0.8430722215640659
6350,0.04521264050869886,0.8426979206527947
6375,0.04519810065538889,0.8423238609928374
6400,0.04518362973497111,0.8419500413586612
6425,0.04516922680492372,0.8415764605409196
6450,0.0451548909359712,0.8412031173462905
6475,0.04514062121189896,0.8408300105985571
6500,0.045126416729367215,0.8404571391367964
6526,0.04511171231850373,0.8400696011784775
6552,0.04509707652216702,0.8396823151980739
6578,0.04508250836727824,0.8392952799435678
6604,0.045068006894984275,0.8389084941817903
6630,0.045053571160426915,0.8385219566967902
6656,0.04503920023255419,0.8381356662873886
6682,0.045024893193912195,0.8377496217729982
6708,0.045010649140445405,0.8373638219867204
6734,0.04499646718129949,0.8369782657803194
6750,0.04498777030435358,0.8367411209992435
6777,0.04497314632965002,0.8363411466497981
6804,0.04495858683563245,0.8359414317717847
6831,0.044944090877132685,0.8355419751423176
6858,0.04492965752331354,0.8351427755579671
6885,0.044915285857452206,0.8347438318321214
6912,0.04490097497672172,0.8343451427956426
6939,0.0448867239919876,0.8339467072953474
6966,0.04487253202759455,0.8335485241956893
6993,0.04485839822117296,0.8331505923770514
7000,0.044854743289838954,0.8330474657513479
7028,0.04484016179177583,0.8326351270246228
7056,0.04482564076275135,0.8322230558382856
7084,0.044811179288484874,0.8318112510027966
7112,0.044796776469074186,0.8313997113459862
7140,0.044782431418763376,0.83098843571313
7168,0.04476814326572831,0.8305774229664259
7196,0.044753911151858006,0.8301666719864835
7224,0.04473973423253905,0.8297561816683201
7250,0.04472661864510263,0.8293752445353318
7279,0.04471204421709614,0.828950616110868
7308,0.04469752639376384,0.8285262638915647
7337,0.044683064294145335,0.8281021867213917
7366,0.0446686570516325,0.8276783834623687
7395,0.044654303813734156,0.8272548529936008
7424,0.044640003741855304,0.8268315942108119
7453,0.04462575601106366,0.8264086060264851
7482,0.04461155980987017,0.825985887371063
7500,0.04460277394134808,0.8257236453759279
7530,0.04458817374815611,0.8252868045543228
7560,0.04457362646195997,0.8248502492107138
7590,0.04455913123701531,0.824413978224162
7620,0.04454468724183894,0.8239779904906496
7650,0.04453029365897131,0.8235422849242431
7680,0.04451594968473547,0.8231068604549129
7710,0.04450165452901567,0.8226717160299432
7740,0.044487407415020434,0.8222368506122494
7750,0.04448266892059369,0.8220919572980553
7781,0.04446801266952509,0.8216429839081405
7812,0.044453405808733734,0.82119430588409
7843,0.04443884752908146,0.820745922138939
7874,0.044424337035539094,0.8202978316046922
7905,0.04440987354693339,0.8198500332300968
7936,0.04439545629571472,0.8194025259797806
7967,0.044381084527724636,0.8189553088345802
7998,0.044366757501943827,0.8185083807919229
8000,0.04436583469683729,0.8184795566287545
8032,0.04435109457253619,0.818018532899579
8064,0.044336400512508624,0.8175578150388693
8096,0.04432175174514627,0.8170974019957141
8128,0.0443071475127247,0.8166372927370587
8160,0.044292587071167774,0.8161774862454749
8192,0.04427806968979684,0.8157179815196458
8224,0.044263594651096895,0.8152587775755953
8250,0.04425186437344966,0.8148858951746076
8283,0.04423701494560228,0.8144129055802757
8316,0.04422220845258902,0.8139402329712323
8349,0.04420744416081195,0.8134678763301256
8382,0.04419272135030073,0.8129958346591785
8415,0.044178039314455214,0.8125241069736148
8448,0.04416339735981488,0.8120526923064931
8481,0.04414879480579329,0.8115815897068138
8500,0.04414040488721688,0.8113104900121871
8534,0.0441254229990275,0.8108256211047591
8568,0.04411048111531077,0.8103410809054674
8602,0.04409557854059599,0.8098568684315878
8636,0.044080714592736304,0.8093729827174688
8670,0.04406588860263189,0.8088894228118675
8704,0.044051099914005305,0.8084061877796229
8738,0.04403634788314082,0.8079232767006427
8750,0.04403114991761005,0.8077529146714021
8785,0.044016014561508186,0.8072562549022806
8820,0.044000916478356314,0.8067599361622838
8855,0.04398585501059639,0.806263957501536
8890,0.043970829513636525,0.8057683179849866
8925,0.043955839355583164,0.8052730166932841
8960,0.0439408839170072,0.8047780527220525
8995,0.043925962590689434,0.8042834251814405
9000,0.043923833722463536,0.8042127915167298
9036,0.043908525908298905,0.8037044310561873
9072,0.043893252831893576,0.8031964245330117
9108,0.04387801387309276,0.8026887710273777
9144,0.04386280842432105,0.8021814696341408
9180,0.043847635890316816,0.8016745194627917
9216,0.04383249568789791,0.8011679196389246
9250,0.04381822577995862,0.800689785164787
9287,0.04380272839982504,0.8001698157231082
9324,0.04378726341425517,0.7996502137009619
9361,0.0437718302397527,0.7991309782050215
9398,0.04375642830498525,0.7986121083594645
9435,0.04374105705052076,0.7980936033018731
9472,0.04372571592859321,0.7975754621821419
9500,0.04371412613254658,0.7971835967959211
9538,0.04369842382543977,0.796652111448296
9576,0.04368275175594315,0.7961210075594494
9614,0.04366710937627255,0.7955902842653855
9652,0.043651496150362463,0.7950599407126963
9690,0.04363591155362751,0.7945299760658161
9728,0.04362035507269741,0.7940003894993549
9750,0.04361136134187696,0.7936939592381288
9789,0.04359544036065984,0.7931510522538086
9828,0.04357954763950518,0.7926085413126172
9867,0.04356368266522484,0.7920664255740641
9906,0.04354784493589861,0.7915247042087566
9945,0.04353203396062918,0.790983376403306
9984,0.04351624925929919,0.7904424413547448
10000,0.043509780975510615,0.79022063271753
10040,0.043493629057996884,0.7896663993995985
10080,0.04347750359476828,0.7891125772373798
10120,0.04346140410599586,0.7885591654107792
10160,0.043445330122650755,0.7880061631129721
10200,0.043429281186263075,0.7874535695483365
10240,0.04341325684868042,0.7869013839357676
10250,0.04340925455629304,0.7867634011845249
10291,0.043392860801728654,0.7861979377176409
10332,0.04337649185927321,0.7856329010308598
10373,0.04336014728111528,0.7850682903221565
10414,0.04334382662977013,0.7845041048030296
10455,0.043327529477844955,0.7839403436960216
10496,0.043311255407799114,0.7833770062360226
10500,0.04330966891409053,0.7833220691373299
10542,0.04329302366592813,0.7827454724451183
10584,0.04327640174278687,0.782169318652515
10626,0.04325980272746923,0.7815936069735742
10668,0.043243226212618294,0.7810183366351109
10710,0.04322667180050083,0.780443506874121
10750,0.043210925887331025,0.7798964588797754
10793,0.04319402062282714,0.7793088264921543
10836,0.04317713734268473,0.7787216536019709
10879,0.04316027565884891,0.778134939438022
10922,0.04314343519264175,0.7775486832379566
10965,0.04312661557453712,0.7769628842525069
11000,0.043112940328557565,0.7764864081446405
11044,0.043095767555497336,0.7758878380741826
11088,0.043078615563856434,0.7752897445626327
11132,0.04306148399325984,0.774692126847583
11176,0.043044372492223336,0.774094984179305
11220,0.043027280717949555,0.7734983158156997
11250,0.04301563837406686,0.7730917680436268
11295,0.04299819153466801,0.7724823586734665
11340,0.04298076440288639,0.771873443368921
11385,0.04296335664451455,0.7712650213775979
11430,0.0429459679337958,0.7706570919549592
11475,0.04292859795316856,0.7700496543672667
11500,0.04291895594292057,0.7697124012952894
11546,0.04290122932489886,0.7690922512723585
11592,0.04288352146139973,0.768472613255104
11638,0.04286583204291398,0.7678534864948904
11684,0.042848160767917934,0.7672348702523216
11730,0.04283050734263544,0.7666167637974525
11750,0.042822837435113247,0.7663481806849334
11797,0.042804826089677894,0.7657173888291928
11844,0.04278683265821667,0.7650871273344976
11891,0.04276885685445701,0.7644573954543425
11938,0.04275089839965345,0.7638281924520578
11985,0.042732957022373154,0.7631995175982849
12000,0.04272723460256159,0.7629989877464285
12048,0.0427089342691176,0.7623576529617858
12096,0.04269065111378965,0.7617168672946771
12144,0.04267238487210446,0.7610766299994862
12192,0.042654135286670246,0.7604369403377458
12240,0.042635902106992515,0.7597977975799827
12250,0.04263210557014401,0.7596647116091271
12299,0.04261351260736817,0.7590129328052625
12348,0.04259493618401937,0.7583617222643203
12397,0.0425763760560227,0.7577110792371226
12446,0.04255783198596888,0.7570610029814663
12495,0.04253930374292049,0.7564114927645907
12500,0.04253741398686832,0.7563452480092778
12550,0.04251852530980518,0.7556831240322295
12600,0.042499652623495754,0.7550215878374195
12650,0.04248079570291995,0.7543606386693446
12700,0.042461954329307876,0.7537002757810642
12750,0.04244312828996059,0.7530404984322939
12801,0.04242394131276095,0.7523681279992075
12852,0.04240476986090058,0.7516963652291463
12903,0.042385613727108376,0.7510252093581596
12954,0.04236647270996381,0.7503546596309215
13000,0.04234922106687972,0.7497503693690152
13052,0.042329733650821745,0.7490678510129142
13104,0.042310261371564205,0.7483859605483079
13156,0.04229080403833864,0.7477046972018087
13208,0.042271361465851885,0.7470240602075369
13250,0.04225566850225936,0.7464747716779733
13303,0.04223587890864052,0.745782203693649
13356,0.04221610413417913,0.7450902841672759
13409,0.042196344003421815,0.7443990123131624
13462,0.04217659834602421,0.7437083873506054
13500,0.042162449898520575,0.7432136200274225
13554,0.04214235674605199,0.742511100428265
13608,0.04212227816040737,0.7418092501787347
13662,0.04210221398031105,0.7411080684784377
13716,0.04208216404925699,0.7404075545312715
13750,0.04206954726031737,0.7399668324174188
13805,0.0420491494866906,0.739254458892159
13860,0.042028766087644436,0.7385427759242422
13915,0.04200839691500443,0.7378317826950541
13970,0.04198804182505141,0.7371214783913645
14000,0.04197694493436096,0.7367343297645793
14056,0.04195624176159658,0.7360121996431219
14112,0.041935552826409726,0.7352907815911042
14168,0.041914877992720555,0.7345700747699107
14224,0.041894217128592676,0.7338500783466727
14250,0.04188462929724578,0.7335160355428988
14307,0.041863620200516795,0.7327842457624618
14364,0.04184262525511087,0.7320531898588905
14421,0.04182164433609828,0.7313228669710281
14478,0.04180067732237873,0.7305932762449948
14500,0.0417925884848895,0.7303118754724015
14558,0.04177127316450068,0.7295705225509449
14616,0.04174997195579698,0.7288299255986644
14674,0.04172868474407175,0.7280900837315595
14732,0.04170741141820401,0.727350996070155
14750,0.04170081215800372,0.727121777252538
14809,0.041679190514288485,0.7263709572623344
14868,0.04165758298537075,0.725620915610508
14927,0.04163598946595978,0.7248716513869211
14986,0.041614409854056705,0.7241231636869672
15000,0.04160929129888015,0.7239456703287185
15060,0.0415873634096484,0.7231854788740055
15120,0.04156544967758198,0.7224260883951767
15180,0.041543550005982005,0.7216674979550779
15240,0.041521664301236424,0.7209097066199623
15250,0.041518018035254414,0.7207834856897353
15311,0.041495784135644025,0.720014017888894
15372,0.04147356447155375,0.7192453739621856
15433,0.04145135895416489,0.7184775529419228
15494,0.041429167497507205,0.7177105538653135
15500,0.04142698548764054,0.7176351556960494
15562,0.041404445952077845,0.7168565061650697
15624,0.0413819207634119,0.7160787036574707
15686,0.04135940984002189,0.715301747175555
15748,0.04133691310291118,0.7145256357239514
15750,0.04133618763703719,0.7145006139285742
15813,0.04131334296314015,0.7137128767646461
15876,0.04129051277781175,0.7129260100192661
15939,0.04126769700598733,0.7121400126608082
16000,0.04124561921028956,0.7113797950565856
16064,0.04122247000447875,0.7105830638269746
16128,0.041199335456713164,0.7097872266492151
16192,0.041176215497897455,0.7089922824567648
16250,0.0411552755807141,0.7082726347262668
16315,0.041131822545398794,0.7074670024582719
16380,0.04110838436314122,0.7066622881063682
16445,0.04108496097024827,0.7058584905673444
16500,0.04106515268200639,0.7051790694635635
16566,0.04104139660417149,0.7043646286344433
16632,0.04101765559783885,0.7035511298095498
16698,0.04099392960425043,0.7027385718485943
16750,0.040975246933597324,0.7020990365874299
16817,0.04095118867461484,0.7012758791163692
16884,0.04092714572715321,0.7004536879574165
16951,0.04090311803689246,0.6996324619291218
17000,0.04088555517599923,0.6990324741376419
17068,0.040861195662604245,0.6982006913811234
17136,0.04083685172058491,0.6973698994562826
17204,0.04081252329961787,0.6965400971402804
17250,0.04079607461475192,0.69597932081193
17319,0.04077141483098949,0.6951390035563794
17388,0.0407467708967279,0.6942997018593215
17457,0.04072214276524869,0.6934614144540792
17500,0.04070680277186009,0.6929395159089506
17570,0.040681843751946986,0.6920907543690338
17640,0.04065690087650013,0.6912430333141257
17710,0.04063197410205389,0.6903963514340116
17750,0.04061773744369926,0.6899129992821239
17821,0.040592480265680006,0.6890558830947294
17892,0.04056723954264959,0.6881998325147278
17963,0.04054201523405482,0.6873448461871954
18000,0.0405288766645458,0.6868997112968757
18072,0.04050332244465734,0.6860343295203438
18144,0.04047778500467886,0.685170038664813
18216,0.04045226430664579,0.6843068373264173
18250,0.04044021867494812,0.6838995927961261
18323,0.04041436856265485,0.6830260339078666
18396,0.04038853556850947,0.6821535914387269
18469,0.04036271965685573,0.6812822639368942
18500,0.04035176189435266,0.680912585067025
18574,0.04032561706790504,0.6800309369623352
18648,0.04029948971020442,0.6791504309555731
18722,0.04027337978765655,0.6782710655449234
18750,0.040263504897358984,0.6779386298149961
18825,0.0402370665598819,0.6770489798063524
18900,0.040210646053257346,0.6761604977505842
18975,0.04018424334568333,0.6752731820935483
19000,0.04017544639313178,0.6749776691397217
19076,0.04014871576916544,0.6740801039569897
19152,0.04012200334886138,0.6731837327527481
19228,0.04009530910199911,0.6722885539205078
19250,0.040087585207585444,0.6720296455152136
19327,0.040060563540022444,0.671124251305758
19404,0.040033560458911634,0.6702200772667553
19481,0.04000657593543621,0.6693171217377989
19500,0.03999992026794108,0.6690945017698448
19578,0.039972608815289815,0.6681813640990594
19656,0.0399453163412552,0.6672694729533556
19734,0.03991804281819597,0.666358826616235
19750,0.039912450589299944,0.6661721810737032
19829,0.03988485062332929,0.6652513849256874
19908,0.03985727003688681,0.6643318618149737
19987,0.03982970880338171,0.6634136099686554
20000,0.03982517526307687,0.6632626269219418
20080,0.03979728806666464,0.6623342567011421
20160,0.03976942065894573,0.6614071861844596
20240,0.039741573014198575,0.660481413539286
20250,0.03973809344692807,0.6603657831244134
20331,0.039709920312210614,0.6594299226578376
20412,0.039681767383115296,0.658495388710876
20493,0.03965363463464753,0.657562179391855
20500,0.03965120435602479,0.6574815937944588
20582,0.03962274658274553,0.6565383263326265
20664,0.039594309439347684,0.6555964123512583
20746,0.03956589290144297,0.6546558498983184
20750,0.03956450725552975,0.654610003341225
20833,0.03953576614956801,0.6536594115595287
20916,0.03950704610470277,0.65271020036122
20999,0.039478347097023705,0.6517623677321983
21000,0.039478001454008295,0.6517509564586632
21084,0.039448978326131555,0.6507931224607939
21168,0.039419976697145,0.6498366962870226
21250,0.03939168629778932,0.6489043981213614
21335,0.03936238246249203,0.6479394034405509
21420,0.039333100570163856,0.646975843959109
21500,0.039305561166050225,0.6460702735758833
21586,0.039275977940565,0.645098199178492
21672,0.03924641710811663,0.6441275874853597
21750,0.03921962546652276,0.6432485283374069
21837,0.03918976416996123,0.6422694546234927
21924,0.03915992572222083,0.6412918712463852
22000,0.03913387863183499,0.6404391081817362
22088,0.03910374058438723,0.6394531149900726
22176,0.03907362584705153,0.6384686398905844
22250,0.03904832011628352,0.6376419591442106
22339,0.03901790663858322,0.6366491257532803
22428,0.0389875169375382,0.6356578383296044
22500,0.03896294939309157,0.6348570275137745
22590,0.03893226180557228,0.6338574326448589
22680,0.038901598466347866,0.6328594117345836
22750,0.03887776595195882,0.6320842598289408
22841,0.038846805574378175,0.6310779816496971
22932,0.03881586992161513,0.6300733055331387
23000,0.03879276929703348,0.6293236028760312
23092,0.038761537447972914,0.6283107190021434
23184,0.03873033080500267,0.6272994654048633
23250,0.03870795894506142,0.6265750036857929
23343,0.03867645694155178,0.6255555911850152
23436,0.038644980629991416,0.6245378372802469
23500,0.03862333442383256,0.6238384095299564
23594,0.03859156358098818,0.622812544924143
23688,0.038559818920418,0.621788367337596
23750,0.03853889527083601,0.621113767919569
23845,0.0385068569015626,0.6200815271885587
23940,0.03847484520920684,0.6190510019990604
24000,0.03845464103207627,0.6184010266028691
24096,0.038422336446770886,0.6173624851865469
24192,0.03839005903725985,0.6163256879311824
24250,0.03837057126105037,0.6157001335624126
24347,0.03833800176740376,0.614655366364718
24444,0.03830545995253266,0.6136123720401685
24500,0.03828668551786901,0.613011037013845
24598,0.038253852420625414,0.6119601184049074
24696,0.038221047509162054,0.6109110014721751
24750,0.038202983368481394,0.6103336854040752
24849,0.03816988796928502,0.6092766892241513
24948,0.03813682126680072,0.6082215236103283
25000,0.03811946438402665,0.6076680274096298
25100,0.03808610798124764,0.6066050269710778
25200,0.03805278078996874,0.6055438860728877
25250,0.03803612814024337,0.6050140119340569
25351,0.03800251202886053,0.6039450800250494
25452,0.03796892564752964,0.6028780367125153
25500,0.03795297421698539,0.6023715881085183
25602,0.03791909968844534,0.6012967969962786
25704,0.03788525541221811,0.6002239236142101
25750,0.03787000219776789,0.5997407052875449
25853,0.03783587053991314,0.5986601267211676
25956,0.03780176966026087,0.5975814950947943
26000,0.0377872116694125,0.5971213130502713
26104,0.037752824166362595,0.5960350182641394
26208,0.037718467970977845,0.5949506996993089
26250,0.03770460222170872,0.5945133611982351
26355,0.03766996015380483,0.593421420913724
26460,0.03763534992655279,0.5923314862027359
26500,0.0376221734471283,0.5919167997537932
26606,0.03758727809087353,0.5908192841834821
26712,0.0375524151117021,0.589723803606219
26750,0.03753992494061489,0.5893315789583591
26857,0.037504777568586486,0.5882285578097483
26964,0.03746966311350508,0.587127601137289
27000,0.0374578562993105,0.5867576492732025
27108,0.037422458180161836,0.5856491917501851
27216,0.03738709352116375,0.5845428282479547
27250,0.037375967122421506,0.5841949613768962
27359,0.03734031952081073,0.5830811361832633
27468,0.03730470592585457,0.5819694346140609
27500,0.03729425701103986,0.5816434661630607
27610,0.03725836118759345,0.5805243415060982
27720,0.03722249992058706,0.579407370133341
27750,0.0372127255680115,0.5791031147425552
27861,0.03717658277930731,0.5779787583356787
27972,0.03714047510005349,0.5768565849259085
28000,0.037131372397795515,0.5765738584395055
28112,0.03709498389635086,0.5754443375046918
28224,0.037058631060544835,0.5743170293312009
28250,0.037050197106395996,0.5740556487911863
28363,0.03701356414061938,0.5729210300630639
28476,0.0369769673998177,0.5717886539082986
28500,0.03696919930121814,0.5715484375472497
28614,0.0369323231154371,0.5704087872747825
28728,0.0368954837170596,0.5692714094344866
28750,0.03688837859105422,0.5690521766688214
28865,0.03685126042545926,0.5679075606197359
28980,0.03681417961277383,0.5667652469040027
29000,0.036807734585954446,0.5665668183271744
29116,0.03677037567661963,0.5654173017892927
29232,0.03673305468873604,0.5642701175271021
29250,0.036727266897196936,0.56409231490243
29367,0.03668966847607468,0.5629379626881496
29484,0.036652108547931314,0.5617859727294278
29500,0.036646975137237435,0.561628618983753
29618,0.03660913843214525,0.5604694954311326
29736,0.03657134079451593,0.5593127641509357
29750,0.036566858919667496,0.5591756833670222
29869,0.036528785154273935,0.5580118523442054
29988,0.03649075103377345,0.5568504436439848
30000,0.03648691785914001,0.5567334610542921
30120,0.036448608252996,0.5555649859623895
30240,0.036410338872070645,0.5543989632738845
30250,0.03640715157138014,0.5543019052538819
30371,0.03636860733989951,0.5531288490290113
30492,0.036330103916814765,0.5519582753168802
30500,0.036327559673129756,0.5518809693783423
30622,0.03628878202758902,0.5507033944942322
30744,0.03625004577647188,0.5495283322590349
30750,0.03624814178211555,0.5494706070437628
30873,0.03620913192968078,0.5482885755152339
30996,0.03617016406049119,0.5471090867963784
31000,0.036168897517052635,0.5470707720685073
31124,0.03612965666075892,0.5458843454545795
31248,0.03609045837931375,0.5447004918330793
31250,0.036089826497597954,0.5446814184736899
31375,0.03605035583636859,0.5434906578801675
31500,0.036010928344336446,0.5423025004804353
31626,0.03597122907299995,0.541107466561918
31750,0.035932202678786745,0.5399339725107617
31877,0.03589227598805524,0.5387347254743026
32000,0.03585364912336077,0.5375757891850028
32128,0.03581349619987399,0.5363723887929114
32250,0.03577526730136608,0.5352279053220103
32379,0.035734889327665754,0.5340204108935132
32500,0.03569705683699516,0.5328902759381913
32630,0.0356564549915541,0.5316787463535053
32750,0.03561901735530631,0.5305628562467919
32881,0.03557819281252468,0.5293473499483967
33000,0.035541148482211175,0.5282456016558911
33132,0.035500102412460176,0.5270261766531484
33250,0.03546344984449594,0.5259384677690381
33383,0.03542218341408805,0.5247151816386793
33500,0.03538592106979152,0.5236414103830509
33634,0.03534443544100252,0.5224143202737761
33750,0.0353085617865599,0.5213543854891424
33885,0.035266858117642026,0.520123548122638
34000,0.03523137162411775,0.5190773492685784
34136,0.03518945106930299,0.5178428209439359
34250,0.03515435021258926,0.5168102580963361
34387,0.035112213922131034,0.5155720946905328
34500,0.03507749718294057,0.5145530685361945
34638,0.0350351463030879,0.5133113255088613
34750,0.03500081216696345,0.5123057373430144
34889,0.034958247839985856,0.5110604697372841
35000,0.034924294797269474,0.5100682214593336
35140,0.034881518161458354,0.5088194839053749
35250,0.034847944707265634,0.5078404780166232
35391,0.03480495689696928,0.506588324734219
35500,0.0347717615311906,0.5056224643333989
35642,0.03472856367680733,0.5043669491334127
35750,0.03469574490408602,0.5034141379142512
35893,0.03465233813206841,0.5021553142029452
36000,0.03461989446179924,0.5012154564496718
36144,0.034576279894694056,0.4999533772301136
36250,0.03454420984098337,0.49902637781507164
36395,0.03450038859739959,0.49776109568891813
36500,0.034468690679075945,0.49684686006930806
36646,0.03442466387375964,0.495578427241338
36750,0.034393336614339076,0.49467686145511525
36897,0.03434910535810723,0.4934053297338721
37000,0.03431814728580188,0.49251634039724873
37148,0.03427371268561699,0.4912417611979056
37250,0.03424312233331651,0.4903652555019366
37399,0.0341984854922586,0.48908767984970225
37500,0.03416826139749189,0.4882235655564659
37650,0.0341234234148015,0.486943044087864
37750,0.0340935641197578,0.486091229527887
37901,0.034048526090810716,0.4848078124939204
38000,0.03401903014230298,0.48396820656262807
38152,0.033973793158669045,0.4826819438305597
38250,0.033944659108121576,0.48185445598531745
38403,0.033899224257525895,0.4805653970416149
38500,0.033870450660977894,0.4797499372988812
38654,0.033824819027349656,0.47845813125105674
38750,0.03379640444541265,0.47765461018226374
38905,0.0337505771088824,0.4763601057621469
39000,0.03372252010677027,0.4755684344910391
39156,0.03367649814367234,0.47427128005624947
39250,0.03364879729114099,0.4734913702560488
39407,0.03360258177403719,0.4721916137924695
39500,0.03357523564541369,0.4714233776823903
39658,0.03352882764309854,0.47012106680675453
39750,0.03350183481722543,0.46936441714928495
39909,0.03345523539475471,0.46805959911190353
40000,0.033428594454998475,0.46731444920947307
40160,0.033381804673676914,0.46600717089483495
40250,0.03335551420794307,0.4652734345864641
40411,0.033308535125331384,0.4639637425180129
40500,0.03328259372599339,0.46324133417711916
40662,0.0332354263959531,0.46192927451759136
40750,0.03320983265989387,0.4612181090478021
40913,0.033162478132561554,0.45990372760214304
41000,0.03313723066112357,0.4592037204355204
41164,0.03308968998295283,0.45788706265296
41250,0.033064787381928036,0.45719812974621965
41415,0.03301706159568704,0.45587924072326513
41500,0.0329925024753341,0.4552012985552281
41666,0.032944592620094054,0.45388022303650677
41750,0.03292037559510532,0.45321318860467136
41917,0.03287228270629574,0.45188997098594147
42000,0.03284840639576739,0.45123376180364827
42168,0.03280013150515191,0.4499084461351227
42250,0.03277659453259974,0.44926298022900835
42419,0.03272813866831786,0.44793561021485195
42500,0.03270493966164989,0.4473008061220838
42670,0.03265630384818975,0.44597142512513943
42750,0.03263344143968688,0.4453472018892349
42921,0.03258462669793778,0.44401585293184376
43000,0.03256209952428085,0.4434021301012738
43172,0.032513106871480485,0.4420688558679063
43250,0.03249091357368423,0.44146555349262445
43423,0.032441744023530394,0.44013039633141426
43500,0.0324198832469547,0.43953743495999725
43674,0.032370537809524334,0.4382004368854842
43750,0.03234900820387608,0.4376177375625672
43925,0.03229948788566456,0.4362789402576504
44000,0.0322782881049612,0.4357064245207177
44176,0.0322285939089255,0.43436586933873217
44250,0.03220772261148306,0.4338034592149785
44427,0.03215785553699784,0.4324611871822567
44500,0.032137311385448133,0.43190880518665126
44678,0.032087272428350536,0.4305648570035009
44750,0.032067054089604086,0.43002242613624553
44929,0.0320168442422068,0.4286768421792919
45000,0.03199695038742257,0.42814428592176323
45180,0.03194657063852131,0.4267971062473024
45250,0.03192699994314168,0.42627434856018187
45431,0.03187645127799633,0.4249256129046202
45500,0.03185720242170007,0.42441257822516804
45682,0.031806485822095644,0.42306232600777055
45750,0.03178755748879847,0.42255893924686766
45933,0.03173667393300732,0.4212072095717908
46000,0.031718064810837755,0.42071339611138914
46184,0.03166701527366772,0.4193602277692165
46250,0.03164872405497627,0.41887591345946695
46435,0.03159750950775664,0.41752134493011034
46500,0.03157953488907689,0.4170464560866353
46686,0.03152815629969357,0.415690525540877
46750,0.0315104969817541,0.41522498894284326
46937,0.03145895531462117,0.4138677342430907
47000,0.03144161000232003,0.4134114771295064
47188,0.03138990621842704,0.41205293583413993
47250,0.031372873620827336,0.41160588590204583
47439,0.0313210086777241,0.41024609526522476
47500,0.03130428750804344,0.40980818066677965
47690,0.03125226235988136,0.4084471776416586
47750,0.031235851335455738,0.4080183269810109
47941,0.031183666932976823,0.40665614822105345
48000,0.031167564775278052,0.40623629055337585
48192,0.03111522206580523,0.4048729724146004
48250,0.031099427500426716,0.4044620372414938
48443,0.031046927427919545,0.4030976157840534
48500,0.031031439184541872,0.40269553305208505
48694,0.030978782689578873,0.40133004404265044
48750,0.030963599501966074,0.4009367441405572
48945,0.03091078752175801,0.39957022305342726
49000,0.030895908127785733,0.39918563681038083
49196,0.03084294159618535,0.3978181188300776
49250,0.030828364737746493,0.3974421775114491
49447,0.030775244585275287,0.3960736975347826
49500,0.03076096900836036,0.3957063328415231
49698,0.03070769616218256,0.39433692547775673
49750,0.03069372061679574,0.3939780695425959
49949,0.03064029600076347,0.39260776911747985
50000,0.030626619240957997,0.39225735450318944
50200,0.03057304377560928,0.39088619505929056
50250,0.03055966455945423,0.39054415475572063
50451,0.03050593916201742,0.38917217005524485
50500,0.030492856251571134,0.38883843747686136
50702,0.030438981835985767,0.38746566100265534
50750,0.030426193997319207,0.38714016998702144
50953,0.03037217147423569,0.38576663494450564
51000,0.030359677477403868,0.38544931974826874
51204,0.030305507754202266,0.38407505906800127
51250,0.030293306373225422,0.3837658543658093
51455,0.03023899035402434,0.38239090070399623
51500,0.03022708036688248,0.38208974158621856
51706,0.03017261895252325,0.38071412732752313
51750,0.030160999141170767,0.38042094929656706
51957,0.03010639322927408,0.3790447065551037
52000,0.03009506237955803,0.3787594455239531
52208,0.030040312864512614,0.37738260614617464
52250,0.03002926976625862,0.3771051984361839
52459,0.02997437753920918,0.375727794000801
52500,0.029963620986112816,0.37545817633869744
52710,0.029908586934998448,0.37408023816016533
52750,0.029898115724689218,0.373818347676318
52961,0.029842940734235893,0.3724399068057655
53000,0.029832753668220285,0.3721856810317951
53212,0.02977743861997889,0.3708067682583438
53250,0.029767534503655515,0.3705601451241336
53463,0.02971208027597583,0.36918079097771933
53500,0.029702457918602723,0.3689417088099916
53714,0.029646865386652156,0.36756194356182637
53750,0.02963752360135209,0.3673303410812265
53965,0.02958179363715125,0.3659501947464207
54000,0.029572731240888276,0.36572601106596914
54216,0.029516864713292356,0.3643455134046075
54250,0.02950808052687937,0.3641286880263354
54467,0.029452078301580368,0.36274786854529617
54500,0.029443571149658374,0.36253834135914625
54718,0.029387434089229197,0.36115722931360184
54750,0.029379202800241186,0.3609549405952043
54969,0.029322931764117526,0.35957356499081217
55000,0.029314975170320896,0.35937845539734764
55220,0.029258571014835706,0.3579968449913758
55250,0.02925088795224517,0.35780885556211556
55471,0.02919435153061784,0.356427038865007
55500,0.02918694083907634,0.35624611101712966
55722,0.02913027300140225,0.3548641162945852
55750,0.029123133524498922,0.3546901918216605
55973,0.029066335117818316,0.35330804709581554
56000,0.029059465702908745,0.3531410681657051
56224,0.02900253757115917,0.35175880121666686
56250,0.028995937069352558,0.351598710369619
56475,0.028938880053402498,0.3502163487373076
56500,0.028932547319527484,0.3500630888829951
56726,0.028875362257196283,0.34868065986881647
56750,0.028869296149827733,0.3485341742851483
56977,0.028811983875867173,0.3471517049528362
57000,0.028806183257283662,0.34701193728290364
57228,0.02874874460342226,0.3456294544615898
57250,0.028743208339601457,0.3454963487120645
57479,0.028685644134517324,0.34411387899588414
57500,0.028680371095150144,0.34398737953510655
57730,0.028622682164502793,0.34260494928602975
57750,0.028617671222946298,0.34248500084171973
57981,0.028559858389385982,0.3411026361908217
58000,0.02855510842268744,0.34098918384766114
58232,0.02849717250585329,0.3396069106963443
58250,0.02849268239470007,0.3394998998942767
58483,0.02843462421123139,0.3381177439163254
58500,0.028430392839972257,0.3380171204483158
58734,0.028372213203530033,0.3366351070904864
58750,0.028368239460171148,0.3365408171010113
58985,0.02830993918142439,0.33515897158593866
59000,0.028306221957579456,0.33507096156823934
59236,0.028247801844244785,0.33368930889396836
59250,0.028244340035167098,0.33360752568818886
59487,0.02818580089198509,0.3322260906318411
59500,0.028182593396512443,0.33215048142337683
59738,0.028123936025280866,0.330769288540752
59750,0.028120981745863714,0.33069980085758854
59989,0.028062206945456816,0.32931887448587094
60000,0.028059504788133155,0.3292554561976697
60240,0.02800061335446981,0.3278748204560177
60250,0.027998162228858307,0.3278174197709338
60491,0.027939154954913194,0.3264370985625133
60500,0.027936953774203563,0.3263856640260404
60742,0.02787783145009417,0.3250056810392175
60750,0.02787587913101389,0.3249601615318892
60993,0.02781664254390941,0.32358054024155813
61000,0.027814938006747086,0.323540884977168
61244,0.027755587940934738,0.322161648646652
61250,0.027754130109508123,0.3221278071697824
61495,0.027694667346390478,0.32074897885130604
61500,0.027693455148047868,0.32072090103640777
61746,0.02763388046614158,0.31934250357356386
61750,0.027632912831746233,0.3193201396222164
61997,0.02757322700668763,0.317942195650246
62000,0.027572502870617664,0.31792549608949483
62248,0.02751270667519571,0.31654802803798066
62250,0.027512224975308964,0.3165369437186558
62499,0.027452319179482175,0.31515997381186317
62500,0.02745207885712221,0.3151544559060179
62750,0.027392064227941465,0.3137780061643329
63000,0.027332180800323163,0.3124075681220011
63250,0.0272724282874511,0.3110431155231182
63500,0.02721280640312542,0.3096846222256977
63750,0.027153314861746818,0.30833206220225357
64000,0.027093953378382586,0.30698540953915715
64250,0.027034721668706255,0.305644638435476
64500,0.026975619449019442,0.30430972320347227
64750,0.026916646436196175,0.30298063826728877
65000,0.02685780234781439,0.30165735816306793
65250,0.026799086902008655,0.3003398575378624
65500,0.02674049981755295,0.2990281111495317
65750,0.026682040813808146,0.2977220938661121
66000,0.02662370961078861,0.29642178066562513
66250,0.026565505929100612,0.2951271466352585
66500,0.026507429489957105,0.2938381669711476
66750,0.026449480015174085,0.2925548169773584
67000,0.026391657227210073,0.29127707206636433
67250,0.026333960849100422,0.2900049077572939
67500,0.026276390604474394,0.2887382996772185
67750,0.02621894621760239,0.28747722355867905
68000,0.026161627413342423,0.2862216552405623
68250,0.026104433917137092,0.2849715706675556
68500,0.026047365455053716,0.2837269458893652
68750,0.02599042175374256,0.2824877570596908
69000,0.025933602540461863,0.28125398043703626
69250,0.025876907543044635,0.2800255923832318
69500,0.02582033648996287,0.27880256936371534
69750,0.025763889110234736,0.27758488794628455
70000,0.025707565133494686,0.27637252480132046
70250,0.025651364289962293,0.27516545670115644
70500,0.025595286310439936,0.2739636605192841
70750,0.02553933092635173,0.2727671132305584
71000,0.025483497869657104,0.27157579191018216
71250,0.025427786872962665,0.2703896737334578
71500,0.02537219766939903,0.26920873597558526
71750,0.025316729992696088,0.2680329560107162
72000,0.025261383577213945,0.266862311312046
72250,0.025206158157826838,0.2656967794509929
72500,0.02515105347003139,0.2645363380974933
72750,0.025096069249882412,0.2633809650179339
73000,0.02504120523401697,0.26223063807686037
73250,0.024986461159666264,0.2610853352346175
73500,0.024931836764599483,0.25994503454871914
73750,0.024877331787170127,0.25880971417183585
74000,0.02482294596635566,0.25767935235245304
74250,0.02476867904160769,0.2565539274334883
74500,0.024714530753044073,0.25543341785309126
74750,0.024660500841281578,0.254317802143333
75000,0.024606589047531532,0.2532070589299516
75250,0.024552795113568854,0.25210116693213763
75500,0.02449911878174291,0.2510001049621195
75750,0.024445559794965547,0.24990385192443337
76000,0.024392117896674694,0.24881238681580367
76250,0.02433879283090945,0.24772568872504033
76500,0.024285584342260597,0.2466437368316869
76750,0.024232492175860196,0.24556651040676966
77000,0.024179516077408522,0.24449398881150833
77250,0.024126655793195704,0.24342615149719127
77500,0.024073911069990295,0.24236297800543213
77750,0.02402128165516554,0.24130444796666653
78000,0.023968767296664268,0.24025054110016275
78250,0.02391636774292813,0.2392012372142117
78500,0.023864082742996447,0.23815651620526007
78750,0.023811912046420972,0.23711635805726408
79000,0.02375985540331834,0.23608074284165873
79250,0.02370791256435372,0.23504965071713305
79500,0.02365608328073751,0.2340230619287758
79750,0.023604367304202935,0.2330009568083019
80000,0.02355276438706086,0.23198331577295786
80250,0.02350127428212733,0.23097011932565645
80500,0.023449896742801214,0.22996134805458684
80750,0.023398631522981786,0.22895698263253045
81000,0.023347478377110844,0.22795700381679615
81250,0.023296437060198214,0.22696139244862712
81500,0.02324550732775293,0.22597012945317715
81750,0.023194688935835626,0.22498319583859522
82000,0.02314398164104086,0.2240005726962576
82250,0.023093385200487572,0.22302224119989256
82500,0.02304289937183139,0.22204818260559814
82750,0.022992523913276386,0.22107837825139554
83000,0.02294225858350891,0.22011280955665252
83250,0.02289210314178478,0.21915145802201558
83500,0.022842057347859393,0.21819430522871258
83750,0.022792120962048044,0.21724133283871336
84000,0.02274229374514194,0.21629252259386378
84250,0.02269257545848769,0.21534785631594835
84500,0.022642965863961997,0.21440731590585607
84750,0.022593464723927204,0.21347088334379555
85000,0.022544071801285016,0.21253854068854644
85250,0.022494786859464468,0.21161027007728234
85500,0.022445609662405844,0.2106860537251733
85750,0.02239653997454629,0.20976587392510423
86000,0.022347577560864224,0.2088497130473613
86250,0.022298722186849685,0.20793755353887888
86500,0.022249973618467037,0.2070293779237767
86750,0.022201331622258375,0.2061251688021664
87000,0.02215279596521182,0.2052249088500909
87250,0.022104366414870347,0.2043285808195733
87500,0.02205604273924891,0.20343616753772847
87750,0.022007824706914085,0.2025476519066528
88000,0.021959712086897388,0.20166301690340996
88250,0.0219117046487486,0.20078224557901286
88500,0.021863802162530057,0.19990532105875103
88750,0.021816004398796728,0.19903222654156058
89000,0.021768311128617112,0.19816294529971568
89250,0.021720722123539142,0.19729746067855988
89500,0.02167323715562857,0.19643575609628333
89750,0.0216258559974288,0.19557781504334978
90000,0.021578578422025197,0.19472362108238891
90250,0.021531404202930714,0.19387315784791073
90500,0.021484333114243092,0.19302640904579557
90750,0.02143736493045843,0.19218335845301066
91000,0.02139049942662618,0.19134398991756685
91250,0.02134373637829006,0.1905082873578169
91500,0.02129707556142579,0.18967623476270418
91750,0.02125051675255518,0.1888478161906014
92000,0.02120405972869657,0.18802301576994057
92250,0.02115770426729765,0.1872018176981704
92500,0.021111450146352205,0.18638420624203697
92750,0.021065297144283904,0.18557016573676186
93000,0.02101924504007046,0.18475968058610948
93250,0.020973293613103586,0.18395273526181377
93500,0.0209274426433001,0.18314931430360282
93750,0.020881691911036313,0.18234940231882396
94000,0.020836041197168753,0.18155298398159256
94250,0.020790490283072692,0.18076004403358026
94500,0.02074503895054309,0.17997056728255253
94750,0.02069968698188732,0.17918453860296335
95000,0.020654434159884525,0.17840194293517028
95250,0.020609280267778262,0.17762276528537432
95500,0.020564225089290122,0.17684699072535331
95750,0.020519268408610736,0.17607460439178713
96000,0.020474410010419226,0.175305591486499
96250,0.02042964967985442,0.1745399372761269
96500,0.02038498720252888,0.1737776270911208
96750,0.020340422364486247,0.17301864632652353
97000,0.020295954952318125,0.17226298044082505
97250,0.020251584753020437,0.17151061495624775
97500,0.020207311554059224,0.1707615354582403
97750,0.020163135143374065,0.1700157275948698
98000,0.02011905530939022,0.16927317707735495
98250,0.02007507184096356,0.1685338696790891
98500,0.020031184527419494,0.16779779123551997
98750,0.019987393158545905,0.16706492764414327
99000,0.019943697524602597,0.16633526486392014
99250,0.0199000974163024,0.16560878891515635
99500,0.019856592624802553,0.16488548587932386
99750,0.019813182941716544,0.16416534189847212
100000,0.01976986815913025,0.16344834317545834
100250,0.01972664806959525,0.16273447597313812
100500,0.019683522466070594,0.1620237266144605
100750,0.019640491142005743,0.1613160814821464
101000,0.019597553891273694,0.1606115270184649
101250,0.019554710508246913,0.15991004972460748
101500,0.01951196078768918,0.1592116361609923
101750,0.019469304524843137,0.1585162729467114
102000,0.019426741515403127,0.1578239467591711
102250,0.01938427155552181,0.1571346443340154
102500,0.019341894441745253,0.1564483524649044
102750,0.019299609971106343,0.1557650580031101
103000,0.019257417941062456,0.15508474785723025
103250,0.019215318149539647,0.15440740899339267
103500,0.01917331039488544,0.15373302843408146
103750,0.019131394475895198,0.15306159325898952
104000,0.019089570191815147,0.15239309060406817
104250,0.019047837342268822,0.15172750766127444
104500,0.0190061957274302,0.1510648316787838
104750,0.01896464514779476,0.15040504996015516
105000,0.01892318540436089,0.14974814986465865
105250,0.018881816298557227,0.14909411880676768
105500,0.01884053763222394,0.14844294425574556
105750,0.018799349207658425,0.14779461373585517
106000,0.018758250827540634,0.1471491148254174
106250,0.018717242295073624,0.1465064351574141
106500,0.018676323413802046,0.14586656241869275
106750,0.01863549398772317,0.14522948434986227
107000,0.018594753821310622,0.14459518874501237
107250,0.018554102719386407,0.14396366345173972
107500,0.01851354048728433,0.14333489637056737
107750,0.018473066930702203,0.14270887545480332
108000,0.018432681855775065,0.14208558871059798
108250,0.018392385069069907,0.14146502419624846
108500,0.018352176377578227,0.14084717002233307
108750,0.0183120555887034,0.14023201435127705
109000,0.018272022510292807,0.13961954539743826
109250,0.018232076950566757,0.1390097514262202
109500,0.018192218718231134,0.13840262075478904
109750,0.018152447622355176,0.13779814175085248
110000,0.018112763472453625,0.13719630283329157
110250,0.01807316607842705,0.1365970924712941
110500,0.018033655250630252,0.13600049918468304
110750,0.017994230799830247,0.1354065115432064
111000,0.017954892537152,0.1348151181665753
111250,0.01791564027421587,0.13422630772426009
111500,0.017876473823000165,0.13364006893521516
111750,0.01783739299589285,0.13305639056767327
112000,0.01779839760572738,0.13247526143877889
112250,0.017759487465694047,0.13189667041468447
112500,0.017720662389457558,0.13132060641014817
112750,0.01768192219103693,0.13074705838825612
113000,0.01764326668487487,0.13017601536040213
113250,0.017604695685830996,0.12960746638594484
113500,0.01756620900913269,0.1290414005718596
113750,0.017527806470474992,0.1284778070730408
114000,0.01748948788590423,0.1279166750914222
114250,0.017451253071842036,0.12735799387633637
114500,0.017413101845238813,0.12680175272375308
114750,0.017375034023298305,0.12624794097687023
115000,0.017337049423680858,0.12569654802495978
115250,0.017299147864465493,0.12514756330395227
115500,0.017261329164122905,0.12460097629575274
115750,0.0172235931415052,0.12405677652817942
116000,0.01718593961583646,0.12351495357505493
116250,0.017148368406809045,0.12297549705533499
116500,0.01711087933445086,0.1224383966337347
116750,0.017073472219174816,0.12190364201969671
117000,0.01703614688183482,0.1213712229679554
117250,0.016998903143645303,0.12084112927779299
117500,0.016961740826219315,0.12031335079313038
117750,0.016924659751557505,0.11978787740217794
118000,0.016887659742047336,0.11926469903733367
118250,0.016850740620454836,0.11874380567505714
118500,0.01681390220996518,0.11822518733542657
118750,0.01677714433412043,0.11770883408225932
119000,0.01674046681687292,0.11719473602261539
119250,0.016703869482546978,0.11668288330688696
119500,0.01666735215582289,0.11617326612843737
119750,0.016630914661792687,0.1156658747235511
120000,0.016594556825960123,0.11516069937094409
120250,0.01655827847418202,0.11465773039202504
120500,0.016522079432667917,0.11415695815026113
120750,0.016485959528016954,0.11365837305144826
121000,0.016449918587271635,0.11316196554295263
121250,0.016413956437762566,0.11266772611428293
121500,0.016378072907269798,0.11217564529614055
121750,0.01634226782389176,0.11168571366070082
122000,0.016306541016165247,0.11119792182142413
122250,0.016270892312931284,0.110712260432501
122500,0.01623532154346228,0.11022872018928669
122750,0.01619982853737355,0.10974729182741261
123000,0.016164413124656985,0.10926796612331889
123250,0.016129075135696898,0.10879073389346258
123500,0.016093814401245635,0.10831558599453323
123750,0.016058630752370153,0.10784251332310936
124000,0.01602352402056678,0.10737150681561103
124250,0.01598849403768944,0.10690255744789443
124500,0.01595354063596737,0.10643565623544331
124750,0.01591866364795263,0.10597079423272716
125000,0.015883862906588917,0.10550796253349307
125250,0.0158491382452259,0.10504715227034596
125500,0.01581448949749855,0.10458835461445236
125750,0.01577991649749083,0.10413156077573876
126000,0.015745419079585495,0.10367676200251964
126250,0.015710997078520618,0.10322394958119566
126500,0.015676650329460903,0.10277311483625465
126750,0.01564237866788511,0.10232424913021647
127000,0.01560818192963821,0.10187734386315228
127250,0.015574059950910059,0.1014323904728153
127500,0.015540012568271415,0.10098938043422959
127750,0.015506039618680146,0.10054830525982468
128000,0.015472140939363516,0.10010915649891364
128250,0.015438316367968528,0.09967192573791728
128500,0.015404565742499704,0.09923660459975531
128750,0.015370888901286944,0.0988031847441607
129000,0.015337285683019916,0.09837165786717296
129250,0.015303755926772841,0.09794201570120652
129500,0.015270299471913603,0.09751425001465233
129750,0.015236916158215447,0.09708835261183406
130000,0.015203605825767977,0.09666431533309192
130250,0.015170368315044059,0.09624213005416461
130500,0.015137203466795604,0.09582178868641511
130750,0.015104111122228949,0.09540328317645586
131000,0.015071091122804362,0.09498660550610692
131250,0.015038143310374433,0.09457174769221807
131500,0.015005267527123993,0.0941587017864961
131750,0.014972463615588082,0.09374745987542805
132000,0.014939731418638908,0.0933380140798425
132250,0.014907070779502868,0.09293035655520221
132500,0.014874481541728551,0.09252447949116994
132750,0.01484196354925224,0.09212037511154614
133000,0.014809516646310026,0.09171803567403963
133250,0.014777140677439531,0.09131745347013744
133500,0.01474483548764903,0.09091862082511516
133750,0.014712600922148326,0.09052153009766738
134000,0.014680436826550682,0.09012617367993375
134250,0.014648343046818321,0.08973254399723764
134500,0.014616319429202359,0.08934063350799476
134750,0.014584365820339172,0.0889504347035789
135000,0.01455248206715351,0.08856194010802627
135250,0.014520668016961613,0.0881751422782788
135500,0.014488923517354743,0.0877900338035492
135750,0.014457248416294045,0.08740660730559979
136000,0.014425642562072447,0.08702485543825243
136250,0.014394105803277052,0.08664477088746979
136500,0.01436263798889803,0.0862663463713264
136750,0.014331238968180062,0.08588957463941585
137000,0.014299908590723642,0.08551444847310434
137250,0.014268646706491151,0.08514096068541797
137500,0.0142374531657217,0.08476910412069666
137750,0.014206327819022311,0.0843988716544119
138000,0.014175270517288495,0.0840302561933064
138250,0.014144281111793342,0.08366325067502559
138500,0.014113359454081442,0.0832978480680419
138750,0.014082505396043617,0.08293404137166645
139000,0.01405171878991367,0.08257182361566316
139250,0.014020999488224946,0.08221118786020092
139500,0.013990347343822963,0.08185212719589571
139750,0.013959762209925926,0.08149463474349625
140000,0.013929243940015724,0.0811387036537094
140250,0.013898792387906046,0.08078432710725951
140500,0.013868407407746603,0.08043149831457658
140750,0.013838088854026842,0.08008021051587935
141000,0.013807836581497203,0.07973045698068496
141250,0.013777650445261008,0.07938223100813357
141500,0.01374753030074503,0.07903552592649898
141750,0.013717476003677885,0.07869033509321939
142000,0.013687487410127324,0.0783466518947668
142250,0.013657564376393613,0.07800446974647982
142500,0.013627706759195545,0.07766378209248394
142750,0.013597914415537612,0.07732458240549658
143000,0.013568187202679426,0.07698686418673037
143250,0.013538524978288198,0.0766506209658604
143500,0.013508927600233662,0.0763158463007871
143750,0.013479394926785,0.07598253377750638
144000,0.013449926816459774,0.07565067701003421
144250,0.01342052312815462,0.0753202696403339
144500,0.01339118372099427,0.07499130533809714
144750,0.01336190845446138,0.0746637778006338
145000,0.013332697188355228,0.07433768075287561
145250,0.013303549782734608,0.07401300794701965
145500,0.013274466097984997,0.07368975316268848
145750,0.013245445994820524,0.07336791020663141
146000,0.013216489334241178,0.07304747291260853
146250,0.013187595977536312,0.07272843514134454
146500,0.013158765786342909,0.07241079078035095
146750,0.01312999862253385,0.07209453374383037
147000,0.01310129434836148,0.07177965797266254
147250,0.013072652826306987,0.0714661574340127
147500,0.01304407391918201,0.07115402612163495
147750,0.013015557490144915,0.07084325805523739
148000,0.01298710340256045,0.07053384728082934
148250,0.012958711520140028,0.07022578787045364
148500,0.01293038170692632,0.06991907392192488
148750,0.012902113827199923,0.06961369955885209
149000,0.012873907745594606,0.06930965893058631
149250,0.01284576332697123,0.06900694621195275
149500,0.012817680436532435,0.06870555560331548
149750,0.012789658939779581,0.06840548133025104
150000,0.0127616987025088,0.06810671764360635
150250,0.012733799590777023,0.0678092588193617
150500,0.012705961470971578,0.06751309915848193
150750,0.012678184209733491,0.06721823298683915
151000,0.012650467674016262,0.0669246546550214
151250,0.012622811731082179,0.06663235853835
151500,0.012595216248457275,0.06634133903671019
151750,0.012567681093956274,0.06605159057442347
152000,0.012540206135712972,0.06576310760020167
152250,0.012512791242103043,0.06547588458693175
152500,0.012485436281837658,0.06518991603170264
152750,0.012458141123892166,0.06490519645563489
153000,0.012430905637502297,0.0646217204037679
153250,0.012403729692249602,0.06433948244492124
153500,0.012376613157963998,0.06405847717168599
153750,0.012349555904726436,0.0637786992002672
154000,0.012322557802978602,0.06350014317039045
154250,0.01229561872339838,0.06322280374514841
154500,0.012268738536955003,0.06294667561100277
154750,0.01224191711487699,0.06267175347753152
155000,0.012215154328705841,0.06239803207756193
155250,0.012188450050298229,0.06212550616675616
155500,0.012161804151670702,0.06185417052382965
155750,0.012135216505257503,0.06158401995025327
156000,0.01210868698366595,0.061315049270095304
156250,0.012082215459856504,0.06104725333019126
156500,0.012055801807007485,0.06078062699983834
156750,0.012029445898654428,0.06051516517067761
157000,0.012003147608521727,0.06025086275671275
157250,0.011976906810637743,0.05998771469417455
157500,0.011950723379335771,0.0597257159413368
157750,0.011924597189188552,0.05946486147859969
158000,0.011898528115049635,0.05920514630818673
158250,0.011872516032110514,0.05894656545420345
158500,0.011846560815717127,0.05868911396250745
158750,0.011820662341579666,0.058432786900522574
159000,0.011794820485650672,0.05817757935726764
159250,0.011769035124133291,0.057923486443223364
159500,0.011743306133521418,0.057670503290198086
159750,0.011717633390622064,0.05741862505121281
160000,0.011692016772409802,0.05716784690058078
160250,0.011666456156266696,0.05691816403357936
160500,0.011640951419657498,0.05666957166653747
160750,0.011615502440501791,0.056422065036612984
161000,0.011590109096890094,0.05617563940185294
161250,0.011564771267147948,0.05593029004095854
161500,0.011539488829988799,0.05568601225323437
161750,0.011514261664249245,0.055442801358558905
162000,0.011489089649114104,0.055200652697220555
162250,0.011463972664037618,0.05495956162991594
162500,0.011438910588728203,0.05471952353751635
162750,0.01141390330309409,0.054480533821106854
163000,0.011388950687391042,0.05424258790191207
163250,0.0113640526220854,0.054005681221021506
163500,0.011339208987916223,0.05376980923965882
163750,0.011314419665900926,0.05353496743859685
164000,0.011289684537312062,0.0533011513184848
164250,0.011265003483670072,0.05306835639975452
164500,0.011240376386749613,0.05283657822212978
164750,0.011215803128591809,0.05260581234499949
165000,0.01119128359150511,0.05237605434712363
165250,0.01116681765804659,0.05214729982652109
165500,0.011142405211011406,0.051919544400464694
165750,0.011118046133498542,0.05169278370540727
166000,0.01109374030883112,0.05146701339677779
166250,0.011069487620558573,0.051242229149013455
166500,0.011045287952533718,0.051018426655523794
166750,0.011021141188859178,0.05079560162834967
167000,0.010997047213854695,0.05057374979846742
167250,0.010973005912137103,0.05035286691535126
167500,0.01094901716854395,0.05013294874709963
167750,0.010925080868187833,0.04991399108030342
168000,0.010901196896400468,0.049695989719887215
168250,0.0108773651387766,0.04947894048915919
168500,0.010853585481177633,0.04926283922967224
168750,0.010829857809731825,0.049047681801110625
169000,0.010806182010766064,0.0488334640812681
169250,0.010782557970880444,0.04862018196590339
169500,0.01075898557688953,0.048407831368738344
169750,0.010735464715932962,0.048196408221370904
170000,0.010711995275338572,0.047985908473073866
170250,0.0106885771427009,0.04777632809086048
170500,0.010665210205818926,0.04756766305939937
170750,0.010641894352798342,0.04735990938081973
171000,0.010618629471966503,0.04715306307478348
171250,0.010595415451877137,0.04694712017831816
171500,0.010572252181343783,0.04674207674572287
171750,0.010549139549415436,0.04653792884852071
172000,0.010526077445391746,0.04633467257546777
172250,0.010503065758833825,0.04613230403237185
172500,0.010480104379454624,0.045930819341995555
172750,0.010457193197371269,0.04573021464409806
173000,0.01043433210274474,0.04553048609527288
173250,0.010411520986139114,0.04533162986890756
173500,0.010388759738274887,0.04513364215508264
173750,0.010366048250136175,0.04493651916057319
174000,0.010343386412948881,0.044740257108639186
174250,0.010320774118151783,0.04454485223909702
174500,0.010298211257432341,0.044350300808173225
174750,0.010275697722729682,0.04415659908844375
175000,0.010253233406213775,0.04396374336875726
175250,0.010230818200302479,0.04377172995417891
175500,0.010208451997586115,0.04358055516585177
175750,0.010186134690969363,0.043390215341145025
176000,0.010163866173555155,0.043200706833226576
176250,0.01014164633866812,0.04301202601135357
176500,0.010119475079900412,0.04282416926052298
176750,0.010097352291046639,0.04263713298162256
177000,0.010075277866120088,0.04245091359117239
177250,0.010053251699438045,0.042265507521361725
177500,0.010031273685454714,0.04208091122004049
177750,0.01000934371893573,0.04189712115045971
178000,0.00998746169480992,0.04171413379139606
178250,0.009965627508293317,0.04153194563696195
178500,0.00994384105479313,0.04135055319661529
178750,0.009922102229988034,0.04116995299505331
179000,0.00990041092968022,0.04099014157210015
179250,0.009878767050048035,0.0408111154827644
179500,0.009857170487376095,0.04063287129704269
179750,0.009835621138255517,0.040455405599988704
180000,0.009814118899433193,0.040278714991480676
180250,0.00979266366796066,0.04010279608630183
180500,0.009771255341056504,0.039927645514001624
180750,0.00974989381617026,0.03975325991887048
181000,0.009728578990975864,0.03957963595981792
181250,0.009707310763402734,0.039406770310379834
181500,0.009686089031574063,0.03923465965861868
181750,0.009664913693837155,0.039063300707030416
182000,0.009643784648760022,0.038892690172532524
182250,0.00962270179516564,0.03872282478641707
182500,0.009601665032042489,0.03855370129419547
182750,0.009580674258667038,0.03838531645561612
183000,0.009559729374447396,0.03821766704456904
183250,0.009538830279094768,0.03805074984906314
183500,0.009517976872520382,0.03788456167112259
183750,0.009497169054818429,0.037719099326694615
184000,0.00947640672633052,0.03755435964572642
184250,0.009455689787591747,0.03739033947191767
184500,0.00943501813941669,0.03722703566282292
184750,0.009414391682762344,0.03706444508965151
185000,0.009393810318797522,0.0369025646373469
185250,0.009373273949019115,0.03674139120440973
185500,0.00935278247501631,0.03658092170291282
185750,0.009332335798635513,0.03642115305840292
186000,0.009311933821983653,0.03626208220988654
186250,0.009291576447305262,0.03610370610967386
186500,0.00927126357708733,0.0359460217234464
186750,0.009250995114037062,0.03578902603010053
187000,0.009230770961101937,0.0356327160217661
187250,0.009210591021396878,0.03547708870363187
187500,0.00919045519826504,0.03532214109409489
187750,0.009170363395243122,0.03516787022445259
188000,0.009150315516127175,0.03501427313902396
188250,0.00913031146487053,0.034861346895024424
188500,0.009110351145650331,0.03470908856256897
188750,0.009090434462894072,0.03455749522446879
189000,0.009070561321204538,0.03440656397636674
189250,0.00905073162535147,0.03425629192656019
189500,0.009030945280375931,0.0341066761959534
189750,0.009011202191515749,0.03395771391806008
190000,0.008991502264211937,0.033809402238889535
190250,0.00897184540408284,0.03366173831695896
190500,0.008952231517006437,0.033514719323117004
190750,0.008932660508998724,0.03336834244064613
191000,0.00891313228638012,0.033222604865076395
191250,0.00889364675553767,0.03307750380422571
191500,0.008874203823191387,0.032933036478078895
191750,0.00885480339618166,0.032789200118790045
192000,0.008835445381640031,0.03264599197056863
192250,0.008816129686792936,0.03250340928969238
192500,0.008796856219110992,0.03236144934438962
192750,0.00877762488635087,0.032220109414850664
193000,0.008758435596350572,0.03207938679313418
193250,0.00873928825718801,0.03193927878311465
193500,0.008720182777177789,0.0317997827004653
193750,0.00870111906479105,0.03166089587256054
194000,0.008682097028715646,0.03152261563843356
194250,0.008663116577868809,0.03138493934880271
194500,0.008644177621299858,0.031247864365893302
194750,0.008625280068336275,0.031111388063459124
195000,0.008606423828412472,0.03097550782677112
195250,0.008587608811271071,0.030840221052476847
195500,0.008568834926741351,0.030705525148581818
195750,0.008550102084927604,0.0305714175344789
196000,0.00853141019611455,0.03043789564074838
196250,0.008512759170726478,0.0303049569092547
196500,0.008494148919483312,0.030172598793002207
196750,0.00847557935320087,0.030040818756157255
197000,0.008457050382986359,0.02990961427391127
197250,0.00843856192004081,0.02977898283250515
197500,0.008420113875824642,0.029648921929153367
197750,0.008401706162001712,0.029519429072024962
198000,0.008383338690344118,0.02939050178015582
198250,0.008365011372936099,0.029262137583424035
198500,0.008346724121978568,0.029134334022450234
198750,0.0083284768498688,0.02900708864868589
199000,0.008310269469213547,0.02888039902418913
199250,0.008292101892786723,0.028754262721712505
199500,0.0082739740335977,0.028628677324603172
199750,0.008255885804797485,0.028503640426753622
200000,0.008237837119747743,0.028379149632590344
200250,0.008219827892004743,0.02825520255696238
200500,0.00820185803530123,0.028131796825163702
200750,0.008183927463600534,0.028008930072859175
201000,0.008166036090998526,0.027886599946014425
201250,0.008148183831795263,0.027764804100924096
201500,0.00813037060044405,0.02764354020407683
201750,0.008112596311683087,0.02752280593216811
202000,0.008094860880369436,0.027402598972045167
202250,0.00807716422151192,0.02728291702063765
202500,0.008059506250397528,0.027163757784968618
202750,0.00804188688244969,0.027045118982030627
203000,0.00802430603322227,0.026926998338841563
203250,0.008006763618544807,0.02680939359230469
203500,0.007989259554396505,0.02669230248921259
203750,0.007971793756913871,0.02657572278622272
204000,0.00795436614246348,0.026459652249759817
204250,0.007936976627566377,0.02634408865603944
204500,0.007919625128918651,0.026229029790951604
204750,0.007902311563425357,0.026114473450072964
205000,0.007885035848141861,0.026000417438626855
205250,0.007867797900339608,0.025886859571360527
205500,0.007850597637457756,0.025773797672648167
205750,0.007833434977050744,0.025661229576319167
206000,0.007816309837000766,0.025549153125696823
206250,0.007799222135247509,0.02543756617345236
206500,0.007782171789920664,0.025326466581709423
206750,0.007765158719381978,0.0252158522218878
207000,0.007748182842122253,0.025105720974723515
207250,0.007731244076844224,0.024996070730210113
207500,0.00771434234241485,0.02488689938753183
207750,0.0076974775578760105,0.024778204855091978
208000,0.007680649642450661,0.02466998505038338
208250,0.007663858515531809,0.024562237900027144
208500,0.007647104096721112,0.02445496133965303
208750,0.007630386305737335,0.024348153313977064
209000,0.007613705062478676,0.024241811776631515
209250,0.007597060287126211,0.024135934690239457
209500,0.007580451899885551,0.02403052002626422
209750,0.007563879821252065,0.02392556576507667
210000,0.007547343971815121,0.0238210698958176
210250,0.007530844272393995,0.023717030416477828
210500,0.007514380643938593,0.023613445333747377
210750,0.007497953007620012,0.02351031266301077
211000,0.0074815612847345045,0.023407630428360835
211250,0.007465205396774281,0.02330539666249955
211500,0.007448885265386459,0.02320360940671663
211750,0.007432600812417117,0.02310226671085587
212000,0.007416351959859503,0.023001366633285676
212250,0.007400138629896321,0.022900907240860077
212500,0.007383960744874953,0.02280088660886958
212750,0.0073678182272800185,0.022701302821001173
213000,0.007351710999796981,0.022602153969326192
213250,0.00733563898529198,0.022503438154233824
213500,0.00731960210678649,0.022405153484425365
213750,0.007303600287462628,0.022307298076886358
214000,0.007287633450649432,0.022209870056747984
214250,0.007271701519918331,0.022112867557396793
214500,0.007255804418915766,0.022016288720370543
214750,0.007239942071522326,0.021920131695282348
215000,0.007224114401762453,0.021824394639862514
215250,0.007208321333790761,0.021729075719884583
215500,0.007192562791990063,0.02163417310912318
215750,0.007176838700914303,0.021539684989311587
216000,0.007161148985182746,0.021445609550158624
216250,0.007145493569692616,0.02135194498927321
216500,0.007129872379429693,0.021258689512117037
216750,0.0071142853395722155,0.021165841331988566
217000,0.007098732375493023,0.021073398670027315
217250,0.0070832134126720065,0.020981359755103488
217500,0.007067728376781287,0.020889722823831582
217750,0.0070522771936607715,0.020798486120535826
218000,0.0070368597892748195,0.020707647897212893
218250,0.0070214760898440285,0.020617206413472512
218500,0.007006126021569214,0.020527159936546566
218750,0.006990809511034916,0.020437506741228583
219000,0.006975526484837171,0.02034824510983309
219250,0.006960276869767578,0.020259373332210423
219500,0.006945060592812218,0.02017088970563407
219750,0.0069298775810439335,0.020082792534848386
220000,0.0069147277617643355,0.019995080131988276
220250,0.0068996110624319216,0.019907750816586085
220500,0.006884527410605862,0.0198208029154618
220750,0.006869476734052105,0.01973423476279601
221000,0.006854458960693797,0.019648044700008502
221250,0.006839474018561622,0.019562231075791414
221500,0.006824521835915674,0.019476792246014535
221750,0.00680960234112741,0.01939172657376959
222000,0.006794715462751706,0.019307032429247774
222250,0.006779861129464912,0.019222708189809912
222500,0.0067650392701244155,0.019138752239864696
222750,0.006750249813725237,0.019055162970924716
223000,0.00673549268944774,0.018971938781448452
223250,0.006720767826591092,0.01888907807697392
223500,0.006706075154647684,0.018806579269957865
223750,0.006691414603247122,0.01872444077979007
224000,0.006676786102135193,0.018642661032769434
224250,0.006662189581252717,0.018561238462090512
224500,0.006647624970709911,0.018480171507750623
224750,0.006633092200714406,0.018399458616590744
225000,0.0066185912017016095,0.018319098242222526
225250,0.006604121904196731,0.01823908884501758
225500,0.006589684238842953,0.01815942889207639
225750,0.00657527813656185,0.0180801168571623
226000,0.0065609035283129835,0.0180011512207484
226250,0.006546560345255718,0.017922530469938556
226500,0.006532248518685976,0.01784425309840184
226750,0.006517967980069097,0.017766317606432297
227000,0.006503718660969981,0.01768872250085797
227250,0.006489500493184471,0.01761146629500829
227500,0.006475313408554463,0.01753454750875332
227750,0.006461157339169082,0.01745796466838374
228000,0.006447032217214438,0.017381716306642904
228250,0.006432937975024505,0.017305800962683224
228500,0.006418874545124728,0.017230217182043702
228750,0.006404841860103572,0.01715496351658884
229000,0.006390839852791786,0.01708003852454535
229250,0.006376868456100553,0.01700544077040794
229500,0.006362927603101342,0.0169311688249699
229750,0.006349017227025479,0.016857221265233917
230000,0.006335137261272942,0.016783596674428615
230250,0.006321287639335695,0.016710293641981747
230500,0.006307468294880521,0.01663731076347307
230750,0.006293679161733595,0.01656464664061442
231000,0.0062799201738302475,0.016492299881234854
231250,0.006266191265253809,0.016420269099232204
231500,0.0062524923702732636,0.01634855291456064
231750,0.006238823423276194,0.016277149953204707
232000,0.0062251843587847865,0.01620605884714513
232250,0.006211575111467354,0.016135278234349917
232500,0.006197995616098071,0.016064806758729257
232750,0.006184445807707022,0.015994643070103235
233000,0.00617092562136955,0.015924785824205447
233250,0.00615743499230907,0.0158552336826351
233500,0.006143973855906322,0.015785985312833234
233750,0.006130542147708865,0.0157170393880698
234000,0.006117139803377732,0.015648394587398428
234250,0.006103766758710984,0.015580049595656944
234500,0.006090422949640402,0.015512003103405336
234750,0.00607710831228577,0.015444253806943649
235000,0.006063822782842711,0.015376800408254303
235250,0.006050566297697922,0.015309641614992736
235500,0.0060373387933215245,0.015242776140452635
235750,0.0060241402064130315,0.015176202703565369
236000,0.006010970473727145,0.015109920028830319
236250,0.005997829532146,0.015043926846345416
236500,0.005984717318799873,0.01497822189172635
236750,0.005971633770835351,0.014912803906145715
237000,0.005958578825577057,0.014847671636242572
237250,0.005945552420530591,0.01478282383413602
237500,0.005932554493287127,0.014718259257414944
237750,0.005919584981576288,0.014653976669078587
238000,0.00590664382329951,0.014589974837517967
238250,0.005893730956461145,0.014526252536532775
238500,0.005880846319227646,0.01446280854525902
238750,0.0058679898498484396,0.014399641648159926
239000,0.0058551614867644545,0.01433675063502426
239250,0.005842361168533337,0.014274134300904184
239500,0.005829588833847679,0.01421179144614761
239750,0.005816844421521711,0.01414972087631046
240000,0.005804127870523927,0.01408792140217815
240250,0.0057914391199229715,0.014026391839731762
240500,0.00577877810896742,0.013965131010114056
240750,0.005766144776998952,0.013904137739646013
241000,0.005753539063526122,0.013843410859723447
241250,0.005740960908153286,0.013782949206891874
241500,0.005728410250627183,0.013722751622755255
241750,0.0057158870308479,0.013662816953979971
242000,0.005703391188823239,0.013603144052284587
242250,0.005690922664698803,0.013543731774381725
242500,0.005678481398769673,0.0134845789819904
242750,0.005666067331432432,0.013425684541789273
243000,0.005653680403232362,0.013367047325426144
243250,0.005641320554840094,0.01330866620945455
243500,0.00562898772704587,0.013250540075357491
243750,0.005616681860792181,0.013192667809485907
244000,0.005604402897099467,0.013135048303052371
244250,0.005592150777205843,0.013077680452131823
244500,0.005579925442392098,0.013020563157601972
244750,0.005567726834132509,0.012963695325150716
245000,0.005555554893973746,0.012907075865239004
245250,0.005543409563593112,0.012850703693097069
245500,0.005531290784868499,0.012794577728677314
245750,0.005519198499715693,0.012738696896658066
246000,0.0055071326502500705,0.012683060126415778
246250,0.005495093178643181,0.01262766635200982
246500,0.005483080027252226,0.012572514512135107
246750,0.0054710931385295114,0.012517603550133033
247000,0.005459132455043676,0.012462932413964118
247250,0.005447197919538329,0.012408500056180605
247500,0.005435289474830024,0.012354305433900942
247750,0.005423407063898491,0.01230034750881218
248000,0.005411550629801395,0.012246625247129796
248250,0.0053997201157602905,0.012193137619578243
248500,0.0053879154651162815,0.012139883601391047
248750,0.005376136621316365,0.012086862172273005
249000,0.005364383527936229,0.012034072316360587
249250,0.005352656128731691,0.011981513022277459
249500,0.005340954367472589,0.011929183283015243
249750,0.005329278188147503,0.011877082095990036
250000,0.005317627534808425,0.011825208462993153
250250,0.005306002351633083,0.011773561390179547
250500,0.005294402583009393,0.011722139888016006
250750,0.005282828173324286,0.0116709429713335
251000,0.0052712790671321525,0.011619969659247142
251250,0.005259755209130916,0.011569218975136249
251500,0.0052482565441164955,0.01151868994668189
251750,0.005236783017038211,0.011468381605791729
252000,0.0052253345729228245,0.011418292988601062
252250,0.005213911156923231,0.01136842313545205
252500,0.00520251271431444,0.011318771090891716
252750,0.0051911391905670075,0.011269335903628119
253000,0.005179790531139029,0.011220116626528626
253250,0.005168466681693788,0.011171112316606982
253500,0.005157167587999038,0.011122322034973415
253750,0.005145893195903525,0.011073744846848631
254000,0.005134643451454256,0.011025379821543566
254250,0.0051234183007562994,0.010977226032436782
254500,0.005112217689992501,0.010929282556927003
254750,0.005101041565572727,0.010881548476480022
255000,0.005089889873946723,0.010834022876541921
255250,0.005078762561681145,0.010786704846572901
255500,0.005067659575534056,0.010739593479999561
255750,0.005056580862258008,0.010692687874206979
256000,0.005045526368841581,0.010645987130537394
256250,0.00503449604229784,0.010599490354238985
256500,0.0050234898297997896,0.010553196654477114
256750,0.005012507678655182,0.010507105144310755
257000,0.005001549536263371,0.010461214940660093
257250,0.004990615350097882,0.01041552516432618
257500,0.004979705067798679,0.010370034939916353
257750,0.004968818637144353,0.010324743395888767
258000,0.004957956005967298,0.01027964966450293
258250,0.004947117122218187,0.010234752881800965
258500,0.004936301934006096,0.010190052187594256
258750,0.0049255103895241535,0.01014554672546942
259000,0.004914742437090847,0.010101235642735547
259250,0.004903998025111255,0.010057118090435434
259500,0.004893277102120546,0.010013193223315554
259750,0.0048825796168131316,0.00996946019981668
260000,0.0048719055178954975,0.00992591818205492
260250,0.00486125475426574,0.009882566335806628
260500,0.004850627274902203,0.009839403830485068
260750,0.004840023028903681,0.009796429839138362
261000,0.004829441965497967,0.00975364353842554
261250,0.004818884033969634,0.009711044108600029
261500,0.004808349183782395,0.009668630733494651
261750,0.004797837364459709,0.009626402600507662
262000,0.004787348525621244,0.009584358900584834
262250,0.004776882617097106,0.00954249882820915
262500,0.004766439588693935,0.009500821581384395
262750,0.004756019390457623,0.009459326361608471
263000,0.004745621972401475,0.009418012373871356
263250,0.004735247284771302,0.009376878826634094
263500,0.004724895277866952,0.009335924931811635
263750,0.00471456590210142,0.009295149904778068
264000,0.004704259107997858,0.00925455296430261
264250,0.004693974846206073,0.009214133332601
264500,0.00468371306743783,0.009173890235263332
264750,0.004673473722574032,0.009133822901270993
265000,0.004663256762549963,0.009093930562965799
265250,0.004653062138412102,0.009054212456050441
265500,0.004642889801375864,0.009014667819564523
265750,0.004632739702675033,0.008975295895867335
266000,0.004622611793728628,0.008936095930620972
266250,0.004612506025998928,0.008897067172804819
266500,0.004602422351081724,0.008858208874649541
266750,0.0045923607206943,0.00881952029167224
267000,0.004582321086657716,0.008781000682637447
267250,0.004572303400842943,0.008742649309543462
267500,0.004562307615293471,0.008704465437606416
267750,0.004552333682128662,0.008666448335266062
268000,0.0045423815535720925,0.008628597274147264
268250,0.004532451181974995,0.008590911529057907
268500,0.004522542519732116,0.008553390377973166
268750,0.004512655519420636,0.008516033102026173
269000,0.004502790133676713,0.008478838985475662
269250,0.004492946315237849,0.008441807315727544
269500,0.004483124016942213,0.00840493738328311
269750,0.0044733231917696865,0.008368228481743486
270000,0.004463543792782978,0.008331679907813208
270250,0.004453785773101061,0.008295290961244062
270500,0.004444049086022061,0.008259060944860555
270750,0.0044343336848908935,0.008222989164530233
271000,0.004424639523185022,0.00818707492914766
271250,0.004414966554456269,0.008151317550628031
271500,0.004405314732385804,0.008115716343896288
271750,0.004395684010725029,0.008080270626867258
272000,0.004386074343374917,0.008044979720428402
272250,0.004376485684302333,0.008009842948437979
272500,0.004366917987573199,0.007974859637715208
272750,0.004357371207343915,0.007940029118001853
273000,0.004347845297897823,0.007905350721989644
273250,0.004338340213604116,0.007870823785257232
273500,0.004328855908970809,0.007836447646307983
273750,0.004319392338518165,0.007802221646529177
274000,0.004309949456928208,0.007768145130177638
274250,0.004300527219031481,0.007734217444382236
274500,0.004291125579630963,0.007700437939111073
274750,0.004281744493693945,0.007666805967189917
275000,0.004272383916332035,0.0076333208842528965
275250,0.004263043802689707,0.007599982048765761
275500,0.0042537241080197455,0.0075667888219810705
275750,0.004244424787690967,0.007533740567939684
276000,0.004235145797143897,0.007500836653481697
276250,0.004225887091977434,0.007468076448189677
276500,0.0042166486278214866,0.007435459324410039
276750,0.004207430360406792,0.00740298465722897
277000,0.004198232245625553,0.007370651824462395
277250,0.004189054239350819,0.007338460206639478
277500,0.00417989629768236,0.007306409186997206
277750,0.0041707583767566165,0.007274498151473808
278000,0.004161640432769943,0.007242726488678041
278250,0.004152542422063082,0.007211093589895718
278500,0.004143464301056214,0.007179598849069682
278750,0.004134406026282577,0.007148241662787509
279000,0.0041253675543219915,0.00711702143027739
279250,0.004116348841940976,0.0070859375533858055
279500,0.004107349845883665,0.007054989436572636
279750,0.004098370523075061,0.007024176486904417
280000,0.004089410830489442,0.0069934981140304065
280250,0.0040804707252335756,0.006962953730185922
280500,0.004071550164473451,0.00693254275015616
280750,0.004062649105485184,0.006902264591309868
281000,0.004053767505633999,0.00687211867353559
281250,0.0040449053223644395,0.0068421044192709
281500,0.004036062513280805,0.0068122212534611985
281750,0.004027239035945821,0.006782468603584872
282000,0.004018434848166615,0.006752845899597771
282250,0.004009649907737159,0.006723352573957113
282500,0.004000884172606831,0.006693988061607144
282750,0.003992137600767925,0.006664751799940265
283000,0.003983410150323814,0.006635643228819069
283250,0.003974701779482892,0.006606661790555564
283500,0.003966012446530206,0.006577806929881784
283750,0.00395734210984844,0.006549078093973431
284000,0.003948690727913539,0.00652047473241048
284250,0.003940058259279804,0.006491996297176814
284500,0.003931444662582893,0.006463642242651311
284750,0.003922849896598579,0.006435412025598704
285000,0.003914273920152071,0.006407305105156136
285250,0.003905716692131121,0.0063793209428114695
285500,0.0038971781716247594,0.006351459002421637
285750,0.0038886583176503424,0.006323718750176966
286000,0.003880157089449103,0.006296099654599738
286250,0.0038716744462909554,0.00626860118652396
286500,0.0038632103475679017,0.0062412228191181625
286750,0.0038547647526986015,0.006213964027827546
287000,0.0038463376212353427,0.00618682429040634
287250,0.0038379289128110043,0.006159803086875594
287500,0.0038295385872093154,0.006132899899538566
287750,0.00382116660418087,0.006106114212950368
288000,0.0038128129236591896,0.006079445513923989
288250,0.003804477505605667,0.006052893291511201
288500,0.003796160310096715,0.006026457036997606
288750,0.003787861297307083,0.006000136243886493
289000,0.0037795804274974422,0.005973930407897737
289250,0.0037713176609851106,0.005947839026950581
289500,0.003763072958213376,0.00592186160115325
289750,0.0037548462796581222,0.00589599763280913
290000,0.003746637585974025,0.005870246626386063
290250,0.0037384468377628507,0.005844608088515362
290500,0.0037302739958488917,0.005819081527988023
290750,0.0037221190210836095,0.005793666455742178
291000,0.0037139818743656223,0.00576836238484377
291250,0.003705862516766262,0.005743168830487897
291500,0.0036977609093943728,0.005718085309994377
291750,0.0036896770134165553,0.005693111342787168
292000,0.003681610790139182,0.005668246450381789
292250,0.0036735622008917486,0.005643490156388679
292500,0.003665531207177429,0.005618841986508542
292750,0.0036575177704656803,0.005594301468501273
293000,0.0036495218524322235,0.005569868132186131
293250,0.0036415434147467358,0.0055455415094530745
293500,0.0036335824191848403,0.005521321134220419
293750,0.0036256388276357204,0.005497206542449967
294000,0.0036177126020675962,0.005473197272129005
294250,0.00360980370447655,0.005449292863255722
294500,0.003601912097004515,0.005425492857854325
294750,0.00359403774183063,0.005401796799926196
295000,0.0035861806012636886,0.005378204235485149
295250,0.0035783406376635376,0.005354714712518024
295500,0.0035705178134789652,0.005331327780980465
295750,0.003562712091260301,0.005308042992811202
296000,0.003554923433546832,0.005284859901885686
296250,0.003547151803114867,0.0052617780640418724
296500,0.0035393971627084688,0.005238797037055438
296750,0.0035316594751789564,0.0052159163806206315
297000,0.0035239387034668264,0.005193135656377076
297250,0.0035162348106114504,0.0051704544278590335
297500,0.003508547759672496,0.005147872260515782
297750,0.00350087751385634,0.005125388721699227
298000,0.0034932240364442895,0.00510300338064018
298250,0.0034855872907268376,0.005080715808456062
298500,0.003477967240177603,0.005058525578136486
298750,0.0034703638482897,0.005036432264541195
299000,0.0034627770785932415,0.005014435444379519
299250,0.003455206894823468,0.0049925346962133195
299500,0.003447653260664722,0.004970729600445834
299750,0.0034401161399465145,0.004949019739307537
300000,0.0034325954966104243,0.004927404696860908
300250,0.0034250912945703684,0.004905884058979234
300500,0.0034176034979201,0.00488445741334959
300750,0.0034101320708040234,0.004863124349452708
301000,0.0034026769774205415,0.004841884458571531
301250,0.003395238182038121,0.004820737333763862
301500,0.0033878156490698644,0.004799682569874341
301750,0.003380409342938502,0.00477871976351147
302000,0.0033730192281803528,0.004757848513047067
302250,0.0033656452693885727,0.004737068418608297
302500,0.0033582874312530395,0.00471637908206341
302750,0.003350945678523463,0.004695780107032008
303000,0.003343619976053188,0.004675271098845988
303250,0.0033363102887211484,0.004654851664578805
303500,0.003329016581532303,0.0046345214130133145
303750,0.0033217388195616263,0.004614279954634205
304000,0.003314476967930957,0.004594126901639711
304250,0.003307230991874925,0.004574061867910437
304500,0.0033000008566771858,0.004554084469022851
304750,0.0032927865277094072,0.004534194322228358
305000,0.003285587970421275,0.004514391046449053
305250,0.0032784051503180855,0.004494674262271585
305500,0.003271238033009789,0.004475043591940097
305750,0.0032640865841912846,0.004455498659349458
306000,0.003256950769552731,0.00443603909003908
306250,0.0032498305549497433,0.00441666451117648
306500,0.0032427259062540728,0.004397374551564833
306750,0.0032356367894918925,0.004378168841628137
307000,0.0032285631706495594,0.004359047013399149
307250,0.0032215050158677424,0.004340008700523058
307500,0.003214462291369354,0.004321053538243456
307750,0.0032074349633582086,0.004302181163396589
308000,0.003200422998220739,0.004283391214404765
308250,0.003193426362359447,0.004264683331269471
308500,0.003186445022276418,0.004246057155564816
308750,0.0031794789444905074,0.004227512330432014
309000,0.0031725280956816137,0.004209048500566442
309250,0.0031655924425263073,0.004190665312218749
309500,0.003158671951831395,0.004172362413183439
309750,0.0031517665904081003,0.004154139452797253
310000,0.003144876325219432,0.004135996081921728
310250,0.0031380011232790732,0.0041179319529448585
310500,0.0031311409515992782,0.004099946719778173
310750,0.003124295777329826,0.004082040037841041
311000,0.0031174655677276854,0.004064211564055582
311250,0.0031106502900725324,0.004046460956843885
311500,0.0031038499116878893,0.004028787876122336
311750,0.0030970644000140896,0.004011191983291586
312000,0.003090293722562132,0.003993672941230388
312250,0.0030835378468764296,0.003976230414285984
312500,0.0030767967406099372,0.003958864068278934
312750,0.0030700703715166276,0.003941573570486174
313000,0.003063358707307773,0.003924358589639037
313250,0.0030566617158699705,0.003907218795910107
313500,0.003049979365144472,0.0038901538609154513
313750,0.00304331162310302,0.003873163457713518
314000,0.0030366584577797614,0.0038562472607790873
314250,0.003030019837390671,0.003839404946014822
314500,0.003023395730044547,0.003822636190734939
314750,0.0030167861040720214,0.0038059406736688094
315000,0.0030101909277710196,0.003789318074941904
315250,0.0030036101696206343,0.0037727680760833945
315500,0.002997043798038009,0.0037562903600107645
315750,0.002990491781591515,0.0037398846110234343
316000,0.0029839540888916623,0.0037235505148039438
316250,0.0029774306886230827,0.0037072877584045324
316500,0.0029709215495890185,0.003691096030247338
316750,0.0029644266405477997,0.0036749750201141252
317000,0.0029579459304112724,0.0036589244191408544
317250,0.0029514793881416047,0.0036429439198087687
317500,0.0029450269827758636,0.0036270332159508735
317750,0.0029385886833901255,0.0036111920027308074
318000,0.002932164459150721,0.0035954199766452368
318250,0.002925754279312842,0.0035797168355176986
318500,0.00291935811313835,0.003564082278488946
318750,0.0029129759300208064,0.003548516006016142
319000,0.002906607699359703,0.003533017719864459
319250,0.002900253390666639,0.003517587123097589
319500,0.002893912973507085,0.003502223920084915
319750,0.0028875864175146302,0.0034869278164758877
320000,0.0028812736923702043,0.0034716985192147
320250,0.002874974767877483,0.003456535736520924
320500,0.0028686896138307716,0.003441439177887586
320750,0.0028624182001452487,0.0034264085540820152
321000,0.0028561604967511597,0.0034114435771291775
321250,0.002849916473702068,0.0033965439603144674
321500,0.0028436861010763537,0.0033817094181734257
321750,0.0028374693490480335,0.003366939666492155
322000,0.002831266187845757,0.0033522344222943782
322250,0.002825076587726191,0.0033375934038416904
322500,0.0028189005190805486,0.0033230163306226168
322750,0.0028127379522940622,0.0033085029233577935
323000,0.002806588857864973,0.003294052903982027
323250,0.002800453206335297,0.003279665995644504
323500,0.0027943309683150872,0.00326534192270974
323750,0.00278822211450897,0.0032510804107366556
324000,0.002782126615624775,0.0032368811864909764
324250,0.0027760444424539924,0.003222743977927062
324500,0.002769975565905642,0.003208668514189626
324750,0.002763919956871438,0.0031946545256018397
325000,0.002757877586366831,0.0031807017436773243
325250,0.002751848425485223,0.003166809901085841
325500,0.0027458324452760354,0.0031529787316744683
325750,0.002739829616958905,0.003139207970450883
326000,0.002733839911802022,0.0031254973535794657
326250,0.0027278633010826324,0.0031118466183789537
326500,0.0027218997562046495,0.0030982555033116908
326750,0.0027159492485840614,0.0030847237479849003
327000,0.002710011749721247,0.003071251093143693
327250,0.0027040872311804645,0.0030578372806641433
327500,0.002698175664576285,0.0030444820535481115
327750,0.0026922770216115896,0.0030311851559235974
328000,0.0026863912740037374,0.003017946333032094
328250,0.0026805183935996717,0.0030047653312328722
328500,0.0026746583522624734,0.0029916418979874957
328750,0.0026688111218873887,0.0029785757818641683
329000,0.0026629766745063003,0.0029655667325270015
329250,0.0026571549821302214,0.0029526145007353045
329500,0.002651346016932879,0.0029397188383371887
329750,0.002645549751064416,0.002926879498261528
330000,0.002639766156735892,0.002914096234518811
330250,0.0026339952062724875,0.002901368802193911
330500,0.0026282368720480535,0.0028886969574414456
330750,0.002622491126434645,0.002876080457480416
331000,0.002616757941967522,0.002863519060587856
331250,0.002611037291141386,0.0028510125261018144
331500,0.002605329146567129,0.0028385606144077577
331750,0.0025996334809179123,0.002826163086936582
332000,0.0025939502669081976,0.002813819706164495
332250,0.002588279477291012,0.0028015302356059306
332500,0.002582621084947761,0.0027892944398013354
332750,0.0025769750627472033,0.002777112084327138
333000,0.0025713413836457905,0.002764982935779662
333250,0.00256572002069423,0.002752906761773646
333500,0.002560110946895726,0.002740883330945573
333750,0.0025545141354593555,0.002728912412932364
334000,0.0025489295595449734,0.0027169937783859256
334250,0.002543357192392382,0.002705127198953765
334500,0.0025377970073352817,0.0026933124472831066
334750,0.00253224897773534,0.0026815492970152107
335000,0.0025267130769704676,0.0026698375227790653
335250,0.002521189278611106,0.0026581769001867775
335500,0.002515677556150615,0.002646567205830701
335750,0.0025101778831960403,0.002635008217282806
336000,0.00250469023341772,0.002623499713081405
336250,0.002499214580487671,0.00261204147273316
336500,0.0024937508982478015,0.002600633276710235
336750,0.0024882991604672127,0.0025892749064419995
337000,0.002482859341039129,0.002577966144311181
337250,0.0024774314139501047,0.002566706773653914
337500,0.0024720153531776813,0.0025554965787494706
337750,0.0024666111327655547,0.00254433534482113
338000,0.002461218726856815,0.0025332228580303953
338250,0.0024558381095983444,0.00252215890547343
338500,0.002450469255236748,0.0025111432751722513
338750,0.0024451121380387837,0.0025001757560785725
339000,0.0024397667323521714,0.0024892561380653114
339250,0.0024344330125846193,0.0024783842119216236
339500,0.002429110953198826,0.0024675597693539233
339750,0.002423800528652036,0.0024567826029716095
340000,0.0024185017135331,0.0024460525062982687
340250,0.0024132144825047396,0.0024353692737509773
340500,0.002407938810186447,0.0024247327006522586
340750,0.002402674671362628,0.0024141425832120904
341000,0.0023974220407543424,0.0024035987185362664
341250,0.0023921808932232864,0.002393100904612759
341500,0.002386951203713137,0.0023826489403130117
341750,0.002381732947116689,0.002372242625387457
342000,0.002376526098478584,0.0023618817604598203
342250,0.0023713306328328808,0.002351566147025453
342500,0.002366146525305421,0.0023412955874475964
342750,0.0023609737510764243,0.002331069884950907
343000,0.0023558122853403088,0.002320888843619507
343250,0.0023506621034030547,0.002310752268395892
343500,0.0023455231806027515,0.0023006599650729773
343750,0.002340395492287194,0.002290611740289043
344000,0.0023352790138922276,0.002280607401528548
344250,0.002330173720970525,0.0022706467571218937
344500,0.0023250795890367116,0.002260729616227879
344750,0.0023199965936681406,0.002250855788846435
345000,0.0023149247105714696,0.0022410250858017093
345250,0.002309863915376473,0.0022312373187477696
345500,0.0023048141839402,0.0022214923001592974
345750,0.0022997754919792373,0.0022117898433301492
346000,0.002294747815433335,0.002202129762370671
346250,0.002289731130187302,0.00219251187220421
346500,0.0022847254122248216,0.002182935988558255
346750,0.0022797306375214703,0.0021734019279706627
347000,0.0022747467822235375,0.0021639095077726545
347250,0.0022697738224180127,0.002154458546101539
347500,0.002264811734297166,0.0021450488618857846
347750,0.002259860494102486,0.002135680274843822
348000,0.0022549200781021954,0.0021263526054815123
348250,0.00224999046264029,0.0021170656750901444
348500,0.00224507162410871,0.002107819305740295
348750,0.002240163538929875,0.002098613320279072
349000,0.0022352661836460004,0.0020894475423300068
349250,0.002230379534734108,0.0020803217962830807
349500,0.0022255035688160648,0.0020712359072996506
349750,0.0022206382625346347,0.0020621897013012275
350000,0.002215783592615109,0.0020531830049698376
350250,0.0022109395357851037,0.0020442156457461274
350500,0.0022061060688191533,0.0020352874518254943
350750,0.002201283168542173,0.0020263982521479653
351000,0.0021964708119537766,0.0020175478764088905
351250,0.0021916689759168516,0.002008736155040671
351500,0.002186877637479017,0.0019999629192199884
351750,0.0021820967736378124,0.001991228000858299
352000,0.0021773263615749673,0.0019825312326035086
352250,0.0021725663783811293,0.0019738724478332833
352500,0.0021678168012500168,0.0019652514806527454
352750,0.002163077607470205,0.001956668165893452
353000,0.002158348774327576,0.0019481223391060788
353250,0.0021536302791715094,0.0019396138365602154
353500,0.002148922099386156,0.0019311424952407415
353750,0.0021442242124460166,0.001922708152843851
354000,0.0021395365958361023,0.001914310647777844
354250,0.002134859227079754,0.00190594981915106
354500,0.0021301920838113796,0.0018976255067793756
354750,0.002125535143694872,0.0018893375511763043
355000,0.002120888384359895,0.001881085793552428
355250,0.0021162517836027205,0.001872870075810468
355500,0.0021116253191833735,0.0018646902405466085
355750,0.002107008968942327,0.0018565461310408613
356000,0.0021024027107953537,0.0018484375912611226
356250,0.0020978065226678233,0.0018403644658537357
356500,0.002093220382525245,0.001832326600146611
356750,0.0020886442684456864,0.0018243238401405614
357000,0.002084078158440269,0.0018163560325102157
357250,0.002079522030709285,0.001808423024598905
357500,0.0020749758633963173,0.0018005246644191286
357750,0.002070439634736724,0.0017926608006441605
358000,0.0020659133230008036,0.001784831282610432
358250,0.0020613969064942964,0.0017770359603106593
358500,0.002056890363603901,0.0017692746843938048
358750,0.002052393672731954,0.001761547306162032
359000,0.002047906812338533,0.0017538536775643493
359250,0.002043429760945271,0.0017461936511989696
359500,0.002038962497107847,0.0017385670803060475
359750,0.0020345049994263923,0.0017309738187681063
360000,0.0020300572465138766,0.0017234137211049507
360250,0.0020256192171076858,0.0017158866424700873
360500,0.0020211908899541707,0.001708392438655506
360750,0.002016772243842882,0.00170093096607647
361000,0.0020123632576171564,0.0016935020817784095
361250,0.002007963910090766,0.0016861056434312612
361500,0.0020035741802635295,0.0016787415093252051
361750,0.0019991940470691703,0.0016714095383702303
362000,0.001994823489576186,0.0016641095900937991
362250,0.001990462486808562,0.0016568415246332284
362500,0.001986111017880678,0.0016496052027411329
362750,0.0019817690619563792,0.0016424004857754136
363000,0.0019774365982359403,0.0016352272357004986
363250,0.0019731136060064263,0.0016280853150841682
363500,0.0019688000644944863,0.0016209745870914554
363750,0.001964495953093673,0.0016138949154891427
364000,0.0019602012511654304,0.0016068461646376161
364250,0.001955915938123991,0.0015998281994880291
364500,0.0019516399934760072,0.0015928408855828986
364750,0.001947373396732992,0.0015858840890523476
365000,0.0019431161274317053,0.0015789576766090474
365250,0.0019388681652092853,0.001572061515550983
365500,0.0019346294897168346,0.0015651954737532904
365750,0.0019304000806503834,0.0015583594196682212
366000,0.001926179917756299,0.001551553222324595
366250,0.0019219689807683392,0.001544776751321858
366500,0.001917767249608817,0.0015380298768265643
366750,0.0019135747040773226,0.0015313124695774337
367000,0.0019093913241263207,0.001524624400873995
367250,0.0019052170897099088,0.001517965542579346
367500,0.0019010519808524097,0.0015113357671157643
367750,0.0018968959775634896,0.0015047349474633098
368000,0.001892749059976926,0.0014981629571548841
368250,0.0018886112082303812,0.001491619670278356
368500,0.0018844824024517204,0.0014851049614693081
368750,0.0018803626229018655,0.0014786187059138288
369000,0.001876251849893393,0.0014721607793393725
369250,0.0018721500636714663,0.0014657310580180687
369500,0.0018680572445895526,0.001459329418763395
369750,0.0018639733730703486,0.001452955738925574
370000,0.001859898429565627,0.0014466098963896727
370250,0.0018558323945102536,0.0014402917695766598
370500,0.001851775248476117,0.0014340012374354633
370750,0.0018477269720054278,0.0014277381794462294
371000,0.0018436875457143523,0.0014215024756141126
371250,0.0018396569502618075,0.0014152940064690008
371500,0.0018356351663151825,0.001409112653062891
371750,0.001831622174654046,0.0014029582969647789
372000,0.001827617956014427,0.0013968308202650982
372250,0.0018236224912622446,0.0013907301055653535
372500,0.0018196357612101804,0.0013846560359823711
372750,0.0018156577467947441,0.001378608495141797
373000,0.0018116884289616014,0.0013725873671791536
373250,0.001807727788684138,0.0013665925367346175
373500,0.0018037758069649268,0.001360623888952586
373750,0.0017998324649809282,0.0013546813094795435
374000,0.0017958977437032189,0.001348764684460979
374250,0.0017919716244043267,0.0013428739005393866
374500,0.0017880540882067935,0.001337008844853308
374750,0.0017841451163811215,0.0013311694050337712
375000,0.001780244690168651,0.0013253554692023411
375250,0.0017763527909485381,0.0013195669259686456
375500,0.0017724693999899438,0.0013138036644297563
375750,0.001768594498783698,0.0013080655741679731
376000,0.0017647280687184852,0.0013023525452448993
376250,0.0017608700912847,0.0012966644682057538
376500,0.0017570205480272293,0.001291001234070607
376750,0.0017531794204596746,0.0012853627343385559
377000,0.001749346690201278,0.0012797488609804868
377250,0.0017455223389411267,0.0012741595064397744
377500,0.0017417063482989632,0.0012685945636290103
377750,0.0017378987000345953,0.0012630539259300768
378000,0.0017340993758804355,0.0012575374871884402
378250,0.0017303083576614047,0.0012520451417147441
378500,0.0017265256272322833,0.001246576784280691
378750,0.0017227511664310328,0.0012411323101170274
379000,0.0017189849572224224,0.0012357116149122561
379250,0.0017152269815324925,0.0012303145948118364
379500,0.0017114772213918372,0.0012249411464138227
379750,0.0017077356588219626,0.001219591166767925
380000,0.0017040022758944182,0.0012142645533717237
380250,0.001700277054743072,0.0012089612041744186
380500,0.0016965599775252314,0.0012036810175672238
380750,0.0016928510264451135,0.0011984238923871602
381000,0.0016891501836933046,0.0011931897279125984
381250,0.0016854574315960534,0.0011879784238614211
381500,0.0016817727524460434,0.0011827898803899487
381750,0.0016780961285815673,0.0011776239980905543
382000,0.0016744275424154518,0.0011724806779891623
382250,0.0016707669763498976,0.0011673598215451444
382500,0.0016671144128776122,0.00116226133064768
382750,0.0016634698344922603,0.0011571851076134915
383000,0.0016598332237411119,0.0011521310551870423
383250,0.0016562045631891317,0.001147099076538011
383500,0.001652583835484001,0.0011420890752569894
383750,0.0016489710232517644,0.001137100955358524
384000,0.001645366109218503,0.0011321346212736585
384250,0.001641769076090216,0.0011271899778524856
384500,0.0016381799066652939,0.0011222669303602745
384750,0.0016345985837401883,0.001117365384475019
385000,0.0016310250901307704,0.0011124852462893696
385250,0.0016274594087838672,0.001107626422302141
385500,0.0016239015225555508,0.0011027888194243315
385750,0.0016203514144520587,0.0010979723449710574
386000,0.0016168090674513933,0.0010931769066631024
386250,0.001613274464585407,0.0010884024126251723
386500,0.0016097475889107736,0.0010836487713811146
386750,0.0016062284235663913,0.0010789158918566087
387000,0.0016027169516686815,0.0010742036833730757
387250,0.0015992131564305518,0.0010695120556498113
387500,0.001595717021029975,0.001064840918798627
387750,0.001592228528752337,0.0010601901833250213
388000,0.0015887476628574791,0.0010555597601261877
388250,0.0015852744067122518,0.0010509495604857555
388500,0.001581808743660378,0.0010463594960776117
388750,0.0015783506570727606,0.0010417894789601463
389000,0.0015749001304563991,0.0010372394215760058
389250,0.00157145714721811,0.0010327092367499453
389500,0.001568021690881497,0.0010281988376883782
389750,0.0015645937450149048,0.0010237081379759498
390000,0.0015611732931848225,0.001019237051574264
390250,0.00155776031899967,0.0010147854928227614
390500,0.0015543548061470339,0.001010353376432058
390750,0.0015509567382718738,0.0010059406174879747
391000,0.001547566099112761,0.001001547131445954
391250,0.0015441828724035284,0.0009971728341307397
391500,0.0015408070420109383,0.0009928176417346559
391750,0.0015374385917135192,0.0009884814708159414
392000,0.0015340775053895182,0.0009841642382979617
392250,0.0015307237669271753,0.0009798658614663276
392500,0.0015273773602878591,0.0009755862579682141
392750,0.0015240382694172978,0.0009713253458100082
393000,0.0015207064783235797,0.0009670830433573286
393250,0.0015173819710652158,0.0009628592693306456
393500,0.0015140647317165655,0.0009586539428062835
393750,0.0015107547443790992,0.000954466983214883
394000,0.0015074519932033925,0.0009502983103376551
394250,0.0015041564623437126,0.0009461478443060901
394500,0.001500868136080631,0.0009420155056018353
394750,0.0014975869986041084,0.0009379012150530168
395000,0.001494313034239642,0.0009338048938338228
395250,0.001491046227257604,0.0009297264634610321
395500,0.0014877865620560938,0.0009256658457973921
395750,0.0014845340229789694,0.000921622963044049
396000,0.0014812885944872865,0.000917597737743486
396250,0.0014780502610275614,0.0009135900927761796
396500,0.0014748190070803763,0.0009095999513592595
396750,0.0014715948171482888,0.000905627237045363
397000,0.0014683776758314605,0.0009016718737204716
397250,0.001465167567690935,0.0008977337856038653
397500,0.0014619644773745508,0.000893812897245013
397750,0.001458768389501408,0.0008899091335239968
398000,0.0014555792888114947,0.0008860224196473784
398250,0.001452397159992318,0.0008821526811498075
398500,0.0014492219878161265,0.0008782998438905902
398750,0.0014460537570772614,0.0008744638340525894
399000,0.001442892452590926,0.0008706445781417366
399250,0.001439738059230335,0.0008668420029847921
399500,0.001436590561865093,0.0008630560357270068
399750,0.0014334499454241464,0.000859286603833713
400000,0.0014303161949035228,0.0008555336350851661
400250,0.0014271892952387763,0.0008517970575785831
400500,0.0014240692314780963,0.0008480767997242498
400750,0.0014209559886581655,0.0008443727902453969
401000,0.0014178495519275491,0.0008406849581768311
401250,0.0014147499063351247,0.000837013232862886
401500,0.0014116570370614698,0.0008333575439565461
401750,0.0014085709293129483,0.0008297178214184983
402000,0.0014054915682593968,0.0008260939955149511
402250,0.00140241893922493,0.0008224859968160084
402500,0.0013993530273910685,0.000818893756196942
402750,0.001396293818172444,0.0008153172048324137
403000,0.0013932412968685518,0.0008117562741999466
403250,0.0013901954488610764,0.0008082108960749144
403500,0.0013871562595456452,0.0008046810025311817
403750,0.0013841237144047891,0.0008011665259393047
404000,0.0013810977988932324,0.0007976673989650919
404250,0.001378078498502429,0.0007941835545679875
404500,0.0013750657987840903,0.0007907149260018004
404750,0.0013720596853186852,0.0007872614468102673
405000,0.0013690601437133694,0.0007838230508268161
405250,0.001366067159549294,0.0007803996721772181
405500,0.0013630807185417238,0.0007769912452703254
405750,0.001360100806374884,0.000773597704805526
406000,0.001357127408763758,0.0007702189857644418
406250,0.0013541605114907164,0.0007668550234150183
406500,0.0013512001003250862,0.0007635057533055153
406750,0.0013482461610934532,0.0007601711112681936
407000,0.0013452986795957729,0.0007568510334133586
407250,0.0013423576418161178,0.0007535454561325128
407500,0.0013394230336087778,0.0007502543160930472
407750,0.0013364948409024695,0.0007469775502397931
408000,0.0013335730497331902,0.0007437150957927299
408250,0.0013306576460279918,0.0007404668902468388
408500,0.0013277486158631943,0.0007372328713692653
408750,0.0013248459453409085,0.0007340129771983775
409000,0.00132194962048261,0.0007308071460450328
409250,0.001319059627464094,0.0007276153164877207
409500,0.0013161759524330185,0.0007244374273741951
409750,0.0013132985815671662,0.0007212734178192095
410000,0.0013104275011109497,0.0007181232272030293
410250,0.001307562697278641,0.0007149867951706353
410500,0.0013047041563784218,0.0007118640616313477
410750,0.0013018518646825755,0.0007087549667556663
411000,0.001299005808592532,0.0007056594509771531
411250,0.001296165974398675,0.0007025774549881232
411500,0.0012933323485456176,0.0006995089197405022
411750,0.001290504917448684,0.0006964537864434423
412000,0.0012876836675712188,0.0006934119965637225
412250,0.001284868585424346,0.0006903834918236863
412500,0.0012820596574467137,0.0006873682141994379
412750,0.0012792568702495082,0.0006843661059215039
413000,0.0012764602104041254,0.0006813771094718908
413250,0.0012736696645090219,0.000678401167584565
413500,0.001270885219188514,0.0006754382232427399
413750,0.0012681068611082773,0.0006724882196794474
414000,0.001265334576945446,0.0006695511003749728
414250,0.001262568353453729,0.0006666268090570154
414500,0.0012598081773847573,0.0006637152896992618
414750,0.0012570540354985144,0.0006608164865186222
415000,0.001254305914574945,0.000657930343977482
415250,0.0012515638014928608,0.0006550568067798817
415500,0.0012488276831272831,0.0006521958198710855
415750,0.0012460975463344027,0.0006493473284380579
416000,0.0012433733780763438,0.0006465112779054419
416250,0.0012406551652669217,0.0006436876139372484
416500,0.0012379428948963854,0.0006408762824350774
416750,0.0012352365540029043,0.0006380772295361154
417000,0.0012325361296148057,0.0006352904016129835
417250,0.0012298416087432435,0.0006325157452728622
417500,0.001227152978572794,0.0006297532073554558
417750,0.001224470226140832,0.0006270027349334602
418000,0.0012217933386509292,0.0006242642753100894
418250,0.0012191223032649403,0.0006215377760193697
418500,0.0012164571071932788,0.0006188231848235869
418750,0.001213797737633779,0.0006161204497139521
419000,0.0012111441819066696,0.0006134295189085559
419250,0.0012084964272983355,0.0006107503408511706
419500,0.001205854461082074,0.0006080828642116507
419750,0.0012032182706250417,0.0006054270378838936
420000,0.0012005878432864749,0.0006027828109839789
420250,0.0011979631665062248,0.0006001501328512077
420500,0.0011953442276642866,0.0005975289530456406
420750,0.0011927310142672066,0.0005949192213485305
421000,0.0011901235137686756,0.0005923208877592701
421250,0.0011875217136518106,0.0005897339024963258
421500,0.0011849256015221473,0.0005871582159953789
421750,0.0011823351648939304,0.0005845937789087677
422000,0.0011797503913750066,0.0005820405421038792
422250,0.0011771712685802744,0.0005794984566632254
422500,0.0011745977841753818,0.0005769674738831223
422750,0.0011720299257965679,0.0005744475452717053
423000,0.0011694676811726016,0.0005719386225498342
423250,0.001166911038033843,0.0005694406576486845
423500,0.0011643599841040138,0.0005669536027094125
423750,0.001161814507208502,0.0005644774100826604
424000,0.001159274595117609,0.0005620120323265208
424250,0.0011567402357023828,0.0005595574222068189
424500,0.001154211416791689,0.0005571135326952742
424750,0.001151688126260058,0.0005546803169693385
425000,0.001149170352068276,0.0005522577284109742
425250,0.0011466580821342758,0.0005498457206050669
425500,0.0011441513044052561,0.000547444247340229
425750,0.0011416500069198385,0.00054505326260669
426000,0.0011391541776454952,0.0005426727205944598
426250,0.0011366638046438225,0.0005403025756951906
426500,0.00113417887602292,0.0005379427824989779
426750,0.0011316993798412885,0.0005355932957945586
427000,0.0011292253042338677,0.0005332540705677522
427250,0.00112675663735422,0.0005309250620005286
427500,0.0011242933673651357,0.0005286062254719078
427750,0.0011218354825009598,0.0005262975165550199
428000,0.0011193829709502654,0.0005239988910172089
428250,0.0011169358209843754,0.0005217103048185531
428500,0.0011144940208572286,0.0005194317141121041
428750,0.0011120575589241958,0.0005171630752420781
429000,0.0011096264234982391,0.0005149043447431103
429250,0.0011072006028608296,0.0005126554793405483
429500,0.0011047800855210567,0.0005104164359482524
429750,0.0011023648597835178,0.0005081871716675084
430000,0.0010999549141269447,0.0005059676437879201
430250,0.0010975502370088814,0.0005037578097857315
430500,0.0010951508168672952,0.0005015576273221396
430750,0.0010927566422720206,0.0004993670542439912
431000,0.0010903677017020212,0.0004971860485815297
431250,0.0010879839837480045,0.0004950145685491054
431500,0.0010856054769901717,0.0004928525725426733
431750,0.0010832321700022282,0.0004907000191406739
432000,0.0010808640514554373,0.0004885568671020393
432250,0.001078501110024048,0.00048642307536602423
432500,0.0010761433343132573,0.00048429860305136127
432750,0.0010737907131035604,0.00048218340945484965
433000,0.0010714432350619866,0.00048007745405104116
433250,0.001069100889048398,0.00047798069649200624
433500,0.0010667636637314876,0.00047589309660598864
433750,0.001064431547982112,0.00047381461439612835
434000,0.0010621045305905738,0.00047174521004116846
434250,0.0010597826004397162,0.00046968484389246925
434500,0.0010574657464197002,0.0004676334764756095
434750,0.001055153957390227,0.00046559106848837205
435000,0.0010528472223068387,0.0004635575808000395
435250,0.0010505455301018437,0.0004615329744510519
435500,0.0010482488697784109,0.00045951721065140626
435750,0.0010459572303154817,0.00045751025078114645
436000,0.001043670600732599,0.0004555120563887535
436250,0.0010413889700995169,0.0004535225891906504
436500,0.0010391123274748242,0.00045154181107023866
436750,0.0010368406619653875,0.00044956968407800196
437000,0.0010345739626779003,0.0004476061704294288
437250,0.0010323122187360304,0.00044565123250560123
437500,0.0010300554193346599,0.00044370483285178955
437750,0.0010278035536794735,0.0004417669341765195
438000,0.0010255566109210507,0.00043983749935148225
438250,0.0010233145803704299,0.000437916491410648
438500,0.00102107745126342,0.00043600387354916434
438750,0.001018845212837324,0.0004340996091229363
439000,0.0010166178544748351,0.0004322036616481563
439250,0.0010143953654639013,0.00043031599480006206
439500,0.0010121777351716397,0.0004284365724123615
439750,0.001009964952965739,0.0004265653584778207
440000,0.001007757008275953,0.00042470231714510125
440250,0.0010055538904968175,0.000422847412720362
440500,0.0010033555890667342,0.0004210006096649532
440750,0.0010011620934967627,0.00041916187259624497
441000,0.0009989733932445155,0.00041733116628547926
441250,0.0009967894778425718,0.00041550845565806996
441500,0.0009946103368377807,0.00041369370579244903
441750,0.00099243595978567,0.0004118868819199682
442000,0.0009902663362714192,0.0004100879494229848
442250,0.0009881014558670363,0.00040829687383616526
442500,0.000985941308257769,0.0004065136208436722
442750,0.000983785883074034,0.00040473815628036335
443000,0.0009816351699966429,0.0004029704461296986
443250,0.0009794891587343103,0.00040121045652445836
443500,0.0009773478389741277,0.00039945815374404587
443750,0.0009752112004967026,0.0003977135042167376
444000,0.0009730792330493837,0.00039597647451617384
444250,0.0009709519264252077,0.000394247031362445
444500,0.0009688292704136708,0.0003925251416214251
444750,0.0009667112548992933,0.0003908107723028467
445000,0.0009645978696711516,0.00038910389056103
445250,0.000962489104649177,0.00038740446369368674
445500,0.0009603849497491492,0.00038571245914171897
445750,0.0009582853948444561,0.00038402784448742037
446000,0.0009561904299199458,0.0003823505874553036
446250,0.0009541000449144412,0.0003806806559105066
446500,0.0009520142297955486,0.00037901801785911567
446750,0.0009499329746436061,0.00037736264144581076
447000,0.0009478562694464883,0.0003757144949556608
447250,0.0009457841042387208,0.00037407354681138187
447500,0.0009437164691092016,0.0003724397655741891
447750,0.0009416533541707219,0.0003708131199420264
448000,0.0009395947495266212,0.0003691935787497435
448250,0.0009375406453373678,0.0003675811109692388
448500,0.0009354910317609677,0.0003659756857060677
448750,0.0009334458989363012,0.00036437727220223437
449000,0.0009314052370857842,0.0003627858398336992
449250,0.000929369036464174,0.00036120135811002293
449500,0.0009273372873086603,0.00035962379667363
449750,0.0009253099798843553,0.0003580531253003132
450000,0.0009232871044720819,0.00035648931389742014
450250,0.0009212686513955677,0.00035493233250353254
450500,0.0009192546109704677,0.0003533821512882827
450750,0.0009172449735412257,0.00035183874055189453
451000,0.0009152397295471353,0.0003503020707237181
451250,0.0009132388692990529,0.00034877211236285764
451500,0.0009112423832700661,0.00034724883615645726
451750,0.000909250261869305,0.0003457322129200592
452000,0.000907262495577435,0.0003442222135968459
452250,0.0009052790748351024,0.00034271880925591385
452500,0.0009032999901855306,0.0003412219710940428
452750,0.0009013252321441914,0.00033973167043294637
453000,0.0008993547912020472,0.0003382478787196921
453250,0.000897388657978242,0.00033677056752635844
453500,0.0008954268230556161,0.00033529970854912183
453750,0.000893469276992766,0.0003338352736074192
454000,0.0008915160104366011,0.000332377234644322
454250,0.0008895670140377394,0.00033092556372466193
454500,0.0008876222784797205,0.0003294802330361647
454750,0.0008856817943821662,0.00032804121488745104
455000,0.0008837455525115474,0.000326608481708237
455250,0.0008818135435656352,0.0003251820060489569
455500,0.0008798857583233314,0.0003237617605792811
455750,0.0008779621875205652,0.00032234771808878153
456000,0.0008760428219532209,0.0003209398514852959
456250,0.0008741276524187629,0.00031953813379613776
456500,0.0008722166697457079,0.000318142538165271
456750,0.0008703098647864134,0.0003167530378541393
457000,0.000868407228408035,0.00031536960624148005
457250,0.0008665087515023396,0.0003139922168219617
457500,0.0008646144249519843,0.00031262084320614694
457750,0.0008627242397254042,0.0003112554591195071
458000,0.000860838186731298,0.000309896038402687
458250,0.0008589562569754486,0.0003085425550106181
458500,0.0008570784414116793,0.0003071949830113845
458750,0.0008552047310378328,0.000305853296587208
459000,0.000853335116879153,0.00030451747003216453
459250,0.0008514695900234461,0.00030318747775340147
459500,0.0008496081414997613,0.0003018632942693149
459750,0.0008477507624046932,0.00030054489420962516
460000,0.0008458974438355548,0.0002992322523154167
460250,0.0008440481769094689,0.00029792534343710194
460500,0.0008422029527757741,0.0002966241425358387
460750,0.000840361762585877,0.00029532862468182117
461000,0.0008385245975435502,0.0002940387650539715
461250,0.0008366914488449942,0.0002927545389400078
461500,0.000834862307688042,0.0002914759217350859
461750,0.0008330371653378198,0.0002902028889422091
462000,0.0008312160130553993,0.000288935416171022
462250,0.0008293988420804152,0.000287673479138169
462500,0.0008275856437228421,0.0002864170536659301
462750,0.0008257764093353119,0.0002851661156824962
463000,0.0008239711302030778,0.0002839206412208786
463250,0.0008221697976994882,0.0002826806064189493
463500,0.0008203724031934385,0.0002814459875188355
463750,0.0008185789381061139,0.0002802167608663122
464000,0.0008167893937850932,0.0002789929029107293
464250,0.0008150037617117231,0.000277774390203732
464500,0.0008132220333102501,0.00027656119939994435
464750,0.0008114442000694452,0.0002753533072556733
465000,0.0008096702534159221,0.0002741506906289922
465250,0.0008079001849280551,0.0002729533264786095
465500,0.000806133986073976,0.0002717611918641706
465750,0.0008043716484236723,0.00027057426394576584
466000,0.0008026131635162239,0.0002693925199824218
466250,0.0008008585229661353,0.0002682159373335884
466500,0.0007991077182984327,0.0002670444934565236
466750,0.0007973607411948152,0.0002658781659076315
467000,0.0007956175832544015,0.0002647169323412585
467250,0.0007938782361357589,0.00026356077050906435
467500,0.0007921426914952093,0.00026240965826006664
467750,0.0007904109410573622,0.00026126357354002626
468000,0.0007886829765022941,0.00026012249439104134
468250,0.0007869587895463186,0.0002589863989510835
468500,0.0007852383719094098,0.00025785526545357094
468750,0.0007835217154130059,0.00025672907222703157
469000,0.0007818088118029559,0.0002556077976947183
469250,0.0007800996528623589,0.0002544914203738335
469500,0.0007783942304366259,0.00025337991887578186
469750,0.0007766925363149229,0.0002522732719051399
470000,0.0007749945623674555,0.000251171458259525
470250,0.0007733003004661691,0.00025007445682931746
470500,0.0007716097424980998,0.00024898224659695734
470750,0.0007699228803387958,0.0002478948066365623
471000,0.0007682397059448441,0.0002468121161138843
471250,0.0007665602112534809,0.0002457341542855459
471500,0.0007648843881929263,0.00024466090049875456
471750,0.0007632122287454264,0.00024359233419098827
472000,0.0007615437249147192,0.00024252843488949995
472250,0.0007598788686637711,0.00024146918221095405
472500,0.0007582176521135099,0.00024041455586102826
472750,0.0007565600672192503,0.00023936453563386834
473000,0.0007549061060636141,0.00023831910141241562
473250,0.0007532557607331363,0.0002372782331667825
473500,0.0007516090233301672,0.00023624191095518373
473750,0.0007499658859719849,0.0002352101149223381
474000,0.0007483263407447506,0.00023418282530006637
474250,0.0007466903798295703,0.00023316002240654808
474500,0.0007450579954049872,0.0002321416866455879
474750,0.000743429179612161,0.00023112779850722358
475000,0.0007418039246714019,0.00023011833856577017
475250,0.0007401822228256881,0.00022911328748126926
475500,0.0007385640662521772,0.00022811262599773232
475750,0.0007369494472355743,0.00022711633494340607
476000,0.0007353383580413133,0.0002261243952302441
476250,0.0007337307909308362,0.00022513678785361898
476500,0.0007321267382405998,0.00022415349389174824
476750,0.0007305261922393284,0.0002231744945059236
477000,0.000728929145290871,0.00022219977093915978
477250,0.0007273355897677174,0.00022122930451672965
477500,0.0007257455179978886,0.00022026307664542612
477750,0.0007241589223662353,0.0002193010688130825
478000,0.000722575795285996,0.00021834326258860805
478250,0.0007209961291977043,0.0002173896396212314
478500,0.0007194199164883493,0.00021644018164046797
478750,0.0007178471496434328,0.00021549487045556423
479000,0.0007162778211219173,0.0002145536879552604
479250,0.0007147119233909276,0.00021361661610732764
479500,0.0007131494489813435,0.0002126836369582451
479750,0.0007115903903563895,0.00021175473263309702
480000,0.0007100347400929059,0.0002108298853349048
480250,0.0007084824907686364,0.000209909077344409
480500,0.0007069336348865028,0.000208992291019866
480750,0.0007053881650511421,0.00020807950879634697
481000,0.0007038460738249851,0.00020717071318579513
481250,0.0007023073539052193,0.0002062658867765594
481500,0.0007007719978478315,0.00020536501223315006
481750,0.0006992399983499457,0.00020446807229537747
482000,0.0006977113480078274,0.00020357504977880472
482250,0.0006961860395672052,0.0002026859275738681
482500,0.000694664065676849,0.00020180068864600906
482750,0.0006931454190656152,0.00020091931603462103
483000,0.0006916300924769409,0.00020004179285361217
483250,0.0006901180786320635,0.00019916810229024092
483500,0.0006886093702739823,0.000198298227605457
483750,0.0006871039602104202,0.0001974321521333507
484000,0.0006856018411824479,0.00019656985928065613
484250,0.0006841030060586755,0.00019571133252657648
484500,0.0006826074476222718,0.000194856555422583
484750,0.0006811151587119103,0.00019400551159187853
485000,0.0006796261321777563,0.000193158184729378
485250,0.000678140360893125,0.00019231455860100013
485500,0.0006766578377568398,0.00019147461704345972
485750,0.0006751785556515873,0.0001906383439644846
486000,0.0006737025074850406,0.00018980572334180822
486250,0.0006722296861950822,0.00018897673922300967
486500,0.0006707600847091295,0.00018815137572577797
486750,0.0006692936960334635,0.00018732961703674033
487000,0.0006678305131229417,0.00018651144741177315
487250,0.0006663705289398079,0.0001856968511754452
487500,0.0006649137365384436,0.00018488581272086473
487750,0.0006634601288928242,0.0001840783165093788
488000,0.00066200969910314,0.000183274347069974
488250,0.0006605624401326738,0.0001824738889993677
488500,0.0006591183451397555,0.00018167692696161448
488750,0.0006576774071413794,0.0001808834456874836
489000,0.0006562396193063724,0.0001800934299747231
489250,0.0006548049746686143,0.00017930686468737217
489500,0.0006533734664295571,0.00017852373475537206
489750,0.0006519450876786295,0.00017774402517494709
490000,0.0006505198315644828,0.00017696772100732772
490250,0.0006490976913122963,0.00017619480737933452
490500,0.000647678660071037,0.0001754252694825924
490750,0.0006462627310751477,0.0001746590925735956
491000,0.0006448498975285223,0.0001738962619729807
491250,0.000643440152649556,0.00017313676306568622
491500,0.0006420334896950524,0.00017238058130034762
491750,0.000640629901956,0.00017162770218920667
492000,0.0006392293826580144,0.0001708781113078491
492250,0.000637831925124949,0.00017013179429473484
492500,0.000636437522651491,0.00016938873685119925
492750,0.0006350461685562691,0.00016864892474084838
493000,0.0006336578562233775,0.0001679123437895639
493250,0.0006322725789344742,0.0001671789798852283
493500,0.0006308903300772742,0.00016644881897729554
493750,0.0006295111030493398,0.00016572184707624378
494000,0.0006281348912289013,0.00016499805025427193
494250,0.0006267616880524333,0.00016427741464395518
494500,0.0006253914868698885,0.0001635599264386045
494750,0.0006240242811939541,0.00016284557189181367
495000,0.0006226600644358431,0.000162134337317202
495250,0.0006212988300767033,0.0001614262090881089
495500,0.0006199405715879067,0.0001607211736374846
495750,0.0006185852824964637,0.0001600192174575644
496000,0.0006172329562595021,0.00015932032709944398
496250,0.000615883586438758,0.00015862448917302097
496500,0.0006145371665428258,0.00015793169034668996
496750,0.0006131936901420822,0.00015724191734705278
497000,0.0006118531507951271,0.00015655515695866133
497250,0.0006105155420665192,0.00015587139602380706
497500,0.0006091808575826307,0.0001551906214423417
497750,0.0006078490909074848,0.00015451282017127303
498000,0.0006065202357186655,0.000153837979224372
498250,0.0006051942856079823,0.00015316608567241487
498500,0.0006038712342263743,0.0001524971266425499
498750,0.0006025510752715635,0.00015183108931814365
499000,0.0006012338023722413,0.00015116796093843327
499250,0.0005999194092409982,0.00015050772879859252
499500,0.0005986078895966648,0.00014985038024913568
499750,0.0005972992371431335,0.00014919590269585388
500000,0.0005959934456023934,0.00014854428359947533
500250,0.0005946905087327965,0.0001478955104758322
500500,0.0005933904203049614,0.00014724957089478095
500750,0.0005920931740650828,0.00014660645248078773
501000,0.0005907987638060754,0.00014596614291235188
501250,0.0005895071833395755,0.0001453286299216197
501500,0.0005882184264861885,0.00014469390129446928
501750,0.0005869324870610557,0.00014406194487005502
502000,0.0005856493588690966,0.0001434327485406603
502250,0.000584369035843907,0.00014280630025164276
502500,0.0005830915118016012,0.00014218258800061828
502750,0.0005818167806074975,0.00014156159983790353
503000,0.0005805448361996303,0.0001409433238659487
503250,0.0005792756724637746,0.00014032774823904303
503500,0.0005780092832978307,0.0001397148611634868
503750,0.0005767456627040891,0.00013910465089680016
504000,0.0005754848045696212,0.00013849710574798598
504250,0.0005742267028468395,0.00013789221407695942
504500,0.0005729713515723089,0.00013728996429467646
504750,0.00057171874469477,0.00013669034486248332
505000,0.0005704688761737305,0.00013609334429220922
505250,0.0005692217400948754,0.00013549895114589483
505500,0.0005679773304412552,0.00013490715403555458
505750,0.00056673564128997,0.00013431794162276038
506000,0.000565496666657385,0.00013373130261893588
506250,0.0005642604006359858,0.0001331472257845315
506500,0.0005630268372596471,0.00013256569992908118
506750,0.0005617959706642487,0.0001319867139112018
507000,0.0005605677949545932,0.00013141025663795954
507250,0.0005593423041861125,0.00013083631706501243
507500,0.0005581194925850015,0.0001302648841963023
507750,0.0005568993542076577,0.0001296959470835617
508000,0.000555681883269185,0.00012912949482640727
508250,0.0005544670739299153,0.00012856551657230487
508500,0.0005532549203412086,0.0001280040015158415
508750,0.0005520454167113782,0.0001274449388990023
509000,0.000550838557248532,0.00012688831801052774
509250,0.0005496343361970268,0.00012633412818612683
509500,0.0005484327477236632,0.00012578235880810463
509750,0.0005472337861611057,0.0001252329993049701
510000,0.0005460374456917473,0.0001246860391514841
510250,0.0005448437206115468,0.00012414146786844825
510500,0.0005436526052192618,0.00012359927502237315
510750,0.0005424640937801616,0.0001230594502253549
511000,0.00054127818063762,0.0001225219831348079
511250,0.0005400948600755428,0.00012198686345332114
511500,0.0005389141264360868,0.00012145408092857843
511750,0.0005377359740750181,0.00012092362535279627
512000,0.000536560397363182,0.0001203954865631945
512250,0.0005353873906376578,0.00011986965444088451
512500,0.0005342169482799275,0.00011934611891153961
512750,0.0005330490647091434,0.0001188248699445856
513000,0.0005318837342992579,0.00011830589755340023
513250,0.000530720951487605,0.0001177891917950353
513500,0.0005295607107372247,0.00011727474276981122
513750,0.0005284030064388265,0.00011676254062134636
514000,0.0005272478330622071,0.00011625257553629814
514250,0.0005260951850945564,0.00011574483774431146
514500,0.0005249450569698131,0.00011523931751744816
514750,0.0005237974432395048,0.00011473600517056533
515000,0.0005226523383548863,0.00011423489106051443
515250,0.0005215097368848555,0.00011373596558642583
515500,0.0005203696332892751,0.00011323921918946441
515750,0.0005192320221567783,0.00011274464235229496
516000,0.0005180968980256926,0.000112252225599291
516250,0.0005169642554493324,0.00011176195949629833
516500,0.0005158340890163334,0.00011127383465015882
516750,0.0005147063933006682,0.00011078784170886848
517000,0.0005135811629240654,0.0001103039713612772
517250,0.0005124583924601531,0.00010982221433688368
517500,0.000511338076572766,0.0001093425614056365
517750,0.0005102202098628996,0.00010886500337785314
518000,0.0005091047869944903,0.00010838953110380618
518250,0.0005079918026029171,0.00010791613547411881
518500,0.0005068812513810719,0.0001074448074188532
518750,0.0005057731280167364,0.00010697553790783297
519000,0.0005046674271564128,0.00010650831795013072
519250,0.0005035641435525189,0.00010604313859445013
519500,0.0005024632719077552,0.00010557999092822736
519750,0.0005013648069280611,0.00010511886607810739
520000,0.0005002687433773032,0.00010465975520915917
520250,0.0004991750760266409,0.00010420264952550553
520500,0.0004980837995702694,0.00010374754026918045
520750,0.000496994908806064,0.00010329441872090385
521000,0.0004959083985731129,0.00010284327619909367
521250,0.0004948242635841349,0.00010239410406038072
521500,0.0004937424987307997,0.00010194689369907239
521750,0.0004926630987431758,0.00010150163654694629
522000,0.0004915860585417595,0.00010105832407336362
522250,0.000490511372889602,0.0001006169477847575
522500,0.0004894390366710291,0.00010017749922477667
522750,0.000488369044759816,9.973996997403657e-05
523000,0.00048730139202217973,9.930435164994134e-05
523250,0.0004862360733517749,9.887063590629216e-05
523500,0.0004851730836359121,9.843881443368723e-05
523750,0.00048411241777326474,9.800887895856382e-05
524000,0.00048305407070753777,9.758082124393786e-05
524250,0.000481998037356748,9.715463308862528e-05
524500,0.0004809443126713531,9.673030632716134e-05
524750,0.0004798928915582248,9.630783282985209e-05
525000,0.0004788437690705251,9.588720450251373e-05
525250,0.0004777969401091744,9.546841328629152e-05
525500,0.0004767523996661844,9.505145115755802e-05
525750,0.00047571014275827,9.463631012761298e-05
526000,0.00047467016443285525,9.422298224277965e-05
526250,0.0004736324596280379,9.381145958409122e-05
526500,0.0004725970234183881,9.340173426719815e-05
526750,0.00047156385084187003,9.299379844203819e-05
527000,0.00047053293694893604,9.258764429298958e-05
527250,0.00046950427677885063,9.218326403844201e-05
527500,0.0004684778654498487,9.178064993091428e-05
527750,0.00046745369799724626,9.13797942567627e-05
528000,0.00046643176954764176,9.098068933575155e-05
528250,0.00046541207521040985,9.058332752150347e-05
528500,0.00046439461006353775,9.018770120103424e-05
528750,0.0004633793692850855,8.979380279434584e-05
529000,0.00046236634796651684,8.940162475478913e-05
529250,0.00046135554124295864,8.901115956853775e-05
529500,0.00046034694437398145,8.862239975472541e-05
529750,0.0004593405524224781,8.823533786490543e-05
530000,0.0004583363606019693,8.784996648354674e-05
530250,0.00045733436409470685,8.746627822709595e-05
530500,0.0004563345581333918,8.708426574453235e-05
530750,0.0004553369379315715,8.670392171684823e-05
531000,0.00045434149862188156,8.632523885696994e-05
531250,0.00045334823554455083,8.594820990965052e-05
531500,0.0004523571438922693,8.557282765150964e-05
531750,0.0004513682189245815,8.519908489035144e-05
532000,0.00045038145591011215,8.482697446573719e-05
532250,0.0004493968501124187,8.445648924830497e-05
532500,0.0004484143968039325,8.408762214000875e-05
532750,0.0004474340913294651,8.372036607358214e-05
533000,0.000446455928927754,8.335471401279595e-05
533250,0.0004454799049440331,8.299065895202449e-05
533500,0.0004445060147370094,8.262819391635728e-05
533750,0.00044353425358542364,8.226731196133945e-05
534000,0.00044256461685919225,8.190800617271917e-05
534250,0.00044159709991726804,8.155026966654549e-05
534500,0.00044063169811480666,8.119409558896556e-05
534750,0.00043966840685119715,8.083947711594055e-05
535000,0.0004387072214721589,8.048640745333972e-05
535250,0.0004377481374235365,8.01348798367167e-05
535500,0.0004367911500818016,7.978488753102362e-05
535750,0.0004358362548626663,7.943642383078399e-05
536000,0.0004348834471842226,7.908948205974439e-05
536250,0.00043393272252595366,7.874405557084913e-05
536500,0.0004329840762813286,7.840013774598227e-05
536750,0.00043203750393478867,7.80577219960397e-05
537000,0.0004310930009348511,7.771680176062848e-05
537250,0.00043015056277555366,7.737737050806328e-05
537500,0.00042921018492392943,7.703942173512397e-05
537750,0.0004282718629217818,7.67029489669903e-05
538000,0.000427335592210739,7.636794575721683e-05
538250,0.00042640136835486926,7.603440568739187e-05
538500,0.00042546918686433357,7.570232236720925e-05
538750,0.0004245390432516654,7.537168943429102e-05
539000,0.00042361093310737836,7.504250055394635e-05
539250,0.00042268485193867504,7.471474941930513e-05
539500,0.0004217607953375046,7.438842975085045e-05
539750,0.0004208387588660711,7.406353529668922e-05
540000,0.0004199187381222389,7.374005983211685e-05
540250,0.00041900072869675733,7.341799715959665e-05
540500,0.0004180847261874819,7.309734110876307e-05
540750,0.000417170726193876,7.277808553604896e-05
541000,0.0004162587243581041,7.246022432489462e-05
541250,0.00041534871629650205,7.214375138535979e-05
541500,0.00041444069765666364,7.182866065410772e-05
541750,0.00041353466409166747,7.151494609421573e-05
542000,0.0004126306112684707,7.120260169533334e-05
542250,0.00041172853484032116,7.089162147314669e-05
542500,0.0004108284304910232,7.05819994695456e-05
542750,0.00040993029391776033,7.027372975248711e-05
543000,0.00040903412084075105,6.99668064157745e-05
543250,0.0004081399069274321,6.966122357907753e-05
543500,0.00040724764789445305,6.935697538769672e-05
543750,0.00040635733948744975,6.905405601248246e-05
544000,0.0004054689774222811,6.875245964982616e-05
544250,0.00040458255748096364,6.845218052139516e-05
544500,0.00040369807537641667,6.815321287413954e-05
544750,0.0004028155269068334,6.785555098005752e-05
545000,0.00040193490782647085,6.755918913625311e-05
545250,0.0004010562139373738,6.72641216647021e-05
545500,0.0004001794409890314,6.697034291218765e-05
545750,0.00039930458479135267,6.667784725019075e-05
546000,0.00039843164122875166,6.638662907470362e-05
546250,0.0003975606059957952,6.609668280630848e-05
546500,0.0003966914749977248,6.580800288990166e-05
546750,0.00039582424408614043,6.552058379457488e-05
547000,0.00039495890906441147,6.523442001376475e-05
547250,0.0003940954658041257,6.4949506064713e-05
547500,0.0003932339101796612,6.466583648880078e-05
547750,0.0003923742380409863,6.43834058510865e-05
548000,0.00039151644528039324,6.410220874057608e-05
548250,0.0003906605277883903,6.382223976972805e-05
548500,0.0003898064814882182,6.354349357460249e-05
548750,0.0003889543022393702,6.326596481467928e-05
549000,0.0003881039860319215,6.298964817276609e-05
549250,0.00038725552871610234,6.271453835486489e-05
549500,0.00038640892628521447,6.244063009016976e-05
549750,0.0003855641746305003,6.216791813080091e-05
550000,0.00038472126978084483,6.189639725187033e-05
550250,0.00038388020763825605,6.162606225126566e-05
550500,0.0003830409841835164,6.13569079496574e-05
550750,0.00038220359539858104,6.108892919024801e-05
551000,0.00038136803728604495,6.082212083884997e-05
551250,0.0003805343058504905,6.0556477783626e-05
551500,0.0003797023970766804,6.0291994935129166e-05
551750,0.0003788723070056623,6.002866722607787e-05
552000,0.00037804403162766226,5.976648961137764e-05
552250,0.00037721756698903683,5.950545706792506e-05
552500,0.0003763929091298879,5.9245564594631985e-05
552750,0.00037557005410592643,5.898680721212485e-05
553000,0.0003747489979805434,5.872917996284056e-05
553250,0.00037392973682295,5.8472677910967865e-05
553500,0.0003731122666837179,5.82172961420891e-05
553750,0.0003722965836710991,5.79630297633427e-05
554000,0.00037148268386391566,5.7709873903181386e-05
554250,0.0003706705633993313,5.74578237114525e-05
554500,0.00036986021834661283,5.7206874359028296e-05
554750,0.00036905164481510774,5.695702103801089e-05
555000,0.00036824483897375076,5.670825896134768e-05
555250,0.0003674397969359578,5.6460583363098345e-05
555500,0.0003666365148617191,5.6213989497923335e-05
555750,0.00036583498888390965,5.5968472641408647e-05
556000,0.0003650352151424555,5.572402808957318e-05
556250,0.00036423718988412454,5.5480651159199576e-05
556500,0.00036344090921745125,5.5238337187292074e-05
556750,0.0003626463693233526,5.499708153140348e-05
557000,0.00036185356642551053,5.4756879569269824e-05
557250,0.00036106249672174386,5.4517726698857644e-05
557500,0.0003602731564546254,5.427961833820802e-05
557750,0.00035948554179831833,5.404254992539389e-05
558000,0.00035869964897143245,5.3806516918399835e-05
558250,0.00035791547423997633,5.3571514795033275e-05
558500,0.00035713301385259034,5.333753905285103e-05
558750,0.0003563522640493125,5.3104585209150147e-05
559000,0.00035557322108115195,5.287264880071679e-05
559250,0.0003547958812080524,5.2641725383843784e-05
559500,0.00035402024074940747,5.241181053426402e-05
559750,0.00035324629596177726,5.2182899847039204e-05
560000,0.00035247404312022053,5.195498893644046e-05
560250,0.0003517034785753941,5.1728073435880197e-05
560500,0.00035093459858460073,5.150214899788912e-05
560750,0.0003501673995137311,5.127721129396394e-05
561000,0.0003494018776622947,5.105325601445617e-05
561250,0.00034863802933208783,5.083027886865665e-05
561500,0.00034787585090418667,5.060827558448718e-05
561750,0.0003471153387308558,5.038724190855653e-05
562000,0.00034635648917140014,5.016717360610446e-05
562250,0.0003455992985617075,4.9948066460799195e-05
562500,0.0003448437633002214,4.972991627474061e-05
562750,0.00034408987974224846,4.951271886838745e-05
563000,0.0003433376443034488,4.92964700804385e-05
563250,0.0003425870533711535,4.908116576773975e-05
563500,0.00034183810335521617,4.8866801805267644e-05
563750,0.0003410907906620979,4.8653374086031896e-05
564000,0.0003403451117023561,4.8440878520911716e-05
564250,0.00033960106293305924,4.8229311038708185e-05
564500,0.0003388586407862596,4.8018667585974565e-05
564750,0.00033811784165294924,4.780894412700655e-05
565000,0.00033737866205752555,4.760013664363513e-05
565250,0.0003366410984110865,4.7392241135345106e-05
565500,0.0003359051471953762,4.718525361904071e-05
565750,0.00033517080489729045,4.697917012899997e-05
566000,0.0003344380679813617,4.677398671690376e-05
566250,0.00033370693292067427,4.656969945159915e-05
566500,0.00033297739628844377,4.636630441912303e-05
566750,0.00033224945451151394,4.616379772262004e-05
567000,0.0003315231041050238,4.5962175482262833e-05
567250,0.0003307983416865178,4.576143383508653e-05
567500,0.0003300751636723383,4.5561568935166976e-05
567750,0.0003293535666357843,4.536257695320802e-05
568000,0.0003286335471372353,4.516445407672475e-05
568250,0.00032791510170207154,4.4967196509832615e-05
568500,0.0003271982269104711,4.4770800473317296e-05
568750,0.00032648291933277127,4.457526220437012e-05
569000,0.0003257691755202169,4.438057795664945e-05
569250,0.00032505699207372547,4.4186744000234135e-05
569500,0.0003243463655542208,4.3993756621376186e-05
569750,0.00032363729259384346,4.3801612122664564e-05
570000,0.00032292976979150735,4.361030682275842e-05
570250,0.00032222379374427637,4.341983705642345e-05
570500,0.000321519361062282,4.3230199174448904e-05
570750,0.0003208164683620159,4.304138954354823e-05
571000,0.0003201151123300752,4.2853404546263294e-05
571250,0.0003194152895570248,4.266624058104218e-05
571500,0.00031871699673107986,4.247989406189574e-05
571750,0.00031802023045989934,4.229436141872366e-05
572000,0.0003173249874603219,4.210963909678818e-05
572250,0.00031663126431527827,4.192572355701913e-05
572500,0.000315939057824857,4.1742611275756305e-05
572750,0.0003152483645747247,4.1560298744720865e-05
573000,0.00031455918130027087,4.1378782470986634e-05
573250,0.00031387150468082704,4.1198058976893614e-05
573500,0.0003131853314238272,4.101812479990757e-05
573750,0.0003125006582777067,4.083897649264116e-05
574000,0.00031181748193130675,4.066061062282175e-05
574250,0.000311135799108499,4.048302377309902e-05
574500,0.00031045560657096664,4.030621254106904e-05
574750,0.000309776901010064,4.0130173539201215e-05
575000,0.0003090996792193118,3.995490339473566e-05
575250,0.0003084239379682491,3.97803987496741e-05
575500,0.0003077496739630095,3.9606656260660926e-05
575750,0.0003070768840228695,3.943367259892687e-05
576000,0.0003064055649032724,3.92614444503036e-05
576250,0.000305735713400824,3.908996851501677e-05
576500,0.000305067326285977,3.891924150778029e-05
576750,0.00030440040040932096,3.87492601575731e-05
577000,0.00030373493249150757,3.85800212077717e-05
577250,0.00030307091941837115,3.841152141587873e-05
577500,0.00030240835799026275,3.824375755358013e-05
577750,0.00030174724503224547,3.807672640668136e-05
578000,0.00030108757733778377,3.7910424775045644e-05
578250,0.00030042935179586534,3.774484947243718e-05
578500,0.00029977256525920193,3.7579997326626267e-05
578750,0.0002991172145443184,3.741586517917762e-05
579000,0.0002984632965392367,3.7252449885473264e-05
579250,0.00029781080810760175,3.70897483146292e-05
579500,0.00029715974610686733,3.692775734944069e-05
579750,0.0002965101074496597,3.676647388628306e-05
580000,0.00029586188898279706,3.660589483514556e-05
580250,0.00029521508763401933,3.6446017119437876e-05
580500,0.00029456970030379966,3.628683767609295e-05
580750,0.0002939257238744648,3.612835345535974e-05
581000,0.0002932831552959791,3.59705614208001e-05
581250,0.00029264199148273815,3.581345854931091e-05
581500,0.000292002229337882,3.5657041830917407e-05
581750,0.0002913638658265952,3.550130826881046e-05
582000,0.00029072689786522314,3.534625487929535e-05
582250,0.00029009132244680425,3.51918786916945e-05
582500,0.00028945713647362577,3.5038176748288754e-05
582750,0.00028882433693934445,3.488514610428359e-05
583000,0.00028819292080216997,3.4732783827800164e-05
583250,0.00028756288506252484,3.4581086999621625e-05
583500,0.00028693422667701437,3.443005271346415e-05
583750,0.0002863069426107503,3.4279678075601786e-05
584000,0.00028568102989597803,3.412996020502342e-05
584250,0.00028505648553472793,3.3980896233256564e-05
584500,0.00028443330654373257,3.383248330435143e-05
584750,0.0002838114898959857,3.3684718574900664e-05
585000,0.0002831910326387066,3.353759921383158e-05
585250,0.00028257193181837633,3.3391122402465814e-05
585500,0.00028195418444953437,3.3245285334465254e-05
585750,0.0002813377875599516,3.3100085215713234e-05
586000,0.00028072273821660684,3.295551926431617e-05
586250,0.0002801090334590101,3.2811584710511855e-05
586500,0.0002794966703707353,3.2668278796647355e-05
586750,0.00027888564601052555,3.252559877713361e-05
587000,0.0002782759574445646,3.2383541918319075e-05
587250,0.00027766760175598526,3.2242105498542994e-05
587500,0.0002770605760437493,3.2101286808015546e-05
587750,0.0002764548773622046,3.196108314875396e-05
588000,0.0002758505028308684,3.1821491834625455e-05
588250,0.0002752474495863999,3.1682510191165464e-05
588500,0.0002746457146833952,3.154413555560674e-05
588750,0.0002740452953036998,3.1406365276844725e-05
589000,0.00027344618850409254,3.1269196715273196e-05
589250,0.00027284839146482417,3.113262724291847e-05
589500,0.00027225190129085157,3.099665424322542e-05
589750,0.0002716567151523123,3.086127511106674e-05
590000,0.00027106283018908705,3.072648725270427e-05
590250,0.000270470243542005,3.059228808572647e-05
590500,0.00026987895240142946,3.0458675038999333e-05
590750,0.0002692889538972514,3.0325645552627036e-05
591000,0.00026870024522938907,3.019319707785192e-05
591250,0.0002681128235658716,3.0061327077128818e-05
591500,0.00026752668610678404,2.993003302392301e-05
591750,0.00026694183003753114,2.979931240276771e-05
592000,0.00026635825255990963,2.9669162709175062e-05
592250,0.0002657759508842131,2.953958144958887e-05
592500,0.000265194922208461,2.9410566141384188e-05
592750,0.00026461516375262095,2.9282114312699723e-05
593000,0.0002640366727316029,2.915422350253691e-05
593250,0.0002634594464030341,2.9026891260625726e-05
593500,0.00026288348196161883,2.890011514737862e-05
593750,0.0002623087766880131,2.877389273391579e-05
594000,0.0002617353278112332,2.8648221601907062e-05
594250,0.0002611631325576384,2.8523099343621594e-05
594500,0.0002605921882548457,2.8398523561806097e-05
594750,0.0002600224920945099,2.8274491869724195e-05
595000,0.00025945404141447683,2.8151001891056348e-05
595250,0.0002588868334293861,2.802805125981022e-05
595500,0.00025832086545327153,2.790563762039134e-05
595750,0.0002577561347964549,2.7783758627461257e-05
596000,0.0002571926386930523,2.766241194593077e-05
596250,0.0002566303745185845,2.7541595250893165e-05
596500,0.00025606933951736425,2.7421306227629558e-05
596750,0.0002555095310459998,2.7301542571488672e-05
597000,0.00025495094640596254,2.7182301987939113e-05
597250,0.0002543935829191936,2.7063582192428112e-05
597500,0.00025383743790546783,2.6945380910399607e-05
597750,0.0002532825087430774,2.682769587720399e-05
598000,0.00025272879271183625,2.6710524838125366e-05
598250,0.0002521762872013593,2.65938655482618e-05
598500,0.00025162498953349924,2.6477715772521797e-05
598750,0.00025107489712871073,2.636207328560506e-05
599000,0.000250526007300473,2.624693587189191e-05
599250,0.0002499783174296427,2.6132301325439098e-05
599500,0.00024943182490605367,2.6018167449990388e-05
599750,0.000248886527104501,2.5904532058816728e-05
600000,0.00024834242138909856,2.579139297479017e-05
600250,0.000247799505184959,2.567874803024656e-05
600500,0.00024725777590685913,2.556659506702029e-05
600750,0.00024671723090910193,2.545493193637335e-05
601000,0.00024617786763214596,2.5343756498932082e-05
601250,0.0002456396834947058,2.5233066624666183e-05
601500,0.00024510267590629185,2.512286019288775e-05
601750,0.0002445668423009908,2.50131350921065e-05
602000,0.0002440321801186462,2.4903889220116508e-05
602250,0.0002434986868018967,2.4795120483867023e-05
602500,0.00024296635979316402,2.4686826799431322e-05
602750,0.0002424351965181145,2.4579006092016085e-05
603000,0.0002419051944604801,2.4471656295872696e-05
603250,0.0002413763510330388,2.4364775354273057e-05
603500,0.0002408486638065096,2.425836121947469e-05
603750,0.00024032213013458145,2.4152411852687014e-05
604000,0.00023979674758832102,2.404692522401432e-05
604250,0.0002392725135944563,2.3941899312434485e-05
604500,0.00023874942567642406,2.3837332105723238e-05
604750,0.00023822748128689365,2.3733221600507975e-05
605000,0.00023770667793944535,2.3629565802082978e-05
605250,0.0002371870131831413,2.3526362724534322e-05
605500,0.0002366684844981828,2.3423610390557183e-05
605750,0.00023615108938893295,2.3321306831544187e-05
606000,0.00023563482538655034,2.3219450087408474e-05
606250,0.0002351196900215009,2.3118038206709817e-05
606500,0.00023460568081148684,2.3017069246483778e-05
606750,0.0002340927953388481,2.2916541272231326e-05
607000,0.0002335810310974706,2.2816452357950712e-05
607250,0.00023307038563529517,2.271680058600956e-05
607500,0.00023256085656538967,2.2617584047188525e-05
607750,0.00023205244137857928,2.2518800840589912e-05
608000,0.00023154513769305888,2.2420449073610043e-05
608250,0.00023103894303200457,2.2322526861925568e-05
608500,0.00023053385500558253,2.222503232944278e-05
608750,0.00023002987117643213,2.2127963608228668e-05
609000,0.00022952698913359228,2.2031318838559392e-05
609250,0.00022902520645668592,2.1935096168787827e-05
609500,0.00022852452078962407,2.1839293755407147e-05
609750,0.00022802492968372563,2.1743909762914012e-05
610000,0.00022752643077448642,2.164894236383704e-05
610250,0.00022702902164800355,2.155438973869074e-05
610500,0.0002265326999308544,2.1460250075917258e-05
610750,0.00022603746326732644,2.1366521571917985e-05
611000,0.000225543309280003,2.127320243091684e-05
611250,0.00022505023558826777,2.1180290865016145e-05
611500,0.00022455823982281303,2.1087785094106086e-05
611750,0.00022406731964679026,2.0995683345861502e-05
612000,0.00022357747267788135,2.09039838557026e-05
612250,0.00022308869662243487,2.081268486677189e-05
612500,0.00022260098910059878,2.0721784629808653e-05
612750,0.00022211434778034525,2.0631281403292232e-05
613000,0.00022162877032704453,2.0541173453250375e-05
613250,0.0002211442544558013,2.045145905330371e-05
613500,0.00022066079779143477,2.0362136484607835e-05
613750,0.00022017839802155136,2.0273204035802868e-05
614000,0.0002196970528944463,2.018466000304624e-05
614250,0.00021921676002884064,2.0096502689916635e-05
614500,0.00021873751718468556,2.0008730407386326e-05
614750,0.0002182593220422058,1.992134147381519e-05
615000,0.00021778217228902717,1.983433421492482e-05
615250,0.00021730606568000336,1.9747706963737015e-05
615500,0.0002168309999176428,1.9661458060550685e-05
615750,0.0002163569727223685,1.9575585852902704e-05
616000,0.0002158839818137682,1.949008869557254e-05
616250,0.0002154120249468095,1.9404964950515233e-05
616500,0.00021494109985314665,1.932021298682833e-05
616750,0.00021447120427063558,1.9235831180743984e-05
617000,0.00021400233596712874,1.91518179155809e-05
617250,0.00021353449268948636,1.9068171581744748e-05
617500,0.00021306767216772344,1.898489057661801e-05
617750,0.0002126018722130425,1.8901973304634233e-05
618000,0.00021213709056596382,1.881941817716111e-05
618250,0.00021167332500270425,1.8737223612524863e-05
618500,0.00021121057330143815,1.865538803594646e-05
618750,0.00021074883325105935,1.85739098795329e-05
619000,0.0002102881026432867,1.8492787582243802e-05
619250,0.00020982837926028936,1.8412019589853437e-05
619500,0.00020936966090811198,1.8331604354894123e-05
619750,0.00020891194538041332,1.8251540336718147e-05
620000,0.00020845523050034176,1.8171826001347764e-05
620250,0.00020799951408762625,1.809245982154092e-05
620500,0.00020754479391303925,1.8013440276715312e-05
620750,0.0002070910678599019,1.793476585292433e-05
621000,0.00020663833369317754,1.7856435042834415e-05
621250,0.00020618658929026965,1.7778446345710387e-05
621500,0.00020573583246039792,1.770079826734198e-05
621750,0.0002052860610853482,1.7623489320078648e-05
622000,0.00020483727295861543,1.7546518022745787e-05
622250,0.0002043894659525979,1.7469882900649138e-05
622500,0.00020394263794097802,1.7393582485526647e-05
622750,0.00020349678676441718,1.7317615315529252e-05
623000,0.00020305191027481976,1.7241979935198826e-05
623250,0.0002026080063970368,1.7166674895424673e-05
623500,0.00020216507291252397,1.7091698753435683e-05
623750,0.00020172310777874747,1.7017050072765693e-05
624000,0.00020128210882995224,1.6942727423197095e-05
624250,0.00020084207400083496,1.6868729380795238e-05
624500,0.00020040300116577953,1.67950545278018e-05
624750,0.00019996488817518584,1.672170145269576e-05
625000,0.00019952773298961238,1.6648668750086318e-05
625250,0.00019909153349368457,1.6575955020744842e-05
625500,0.00019865628760419522,1.6503558871534657e-05
625750,0.00019822199324220577,1.643147891540618e-05
626000,0.00019778864828402698,1.635971377139062e-05
626250,0.00019735625071049223,1.628826206451052e-05
626500,0.0001969247984380765,1.6217122425844745e-05
626750,0.00019649428935911183,1.6146293492395057e-05
627000,0.00019606472144188754,1.6075773907165706e-05
627250,0.0001956360926950432,1.6005562319050207e-05
627500,0.0001952084009216861,1.5935657382870696e-05
627750,0.0001947816441571489,1.5866057759305063e-05
628000,0.00019435582037337354,1.5796762114894544e-05
628250,0.00019393092752690363,1.572776912198972e-05
628500,0.00019350696353833273,1.565907745874656e-05
628750,0.00019308392640169584,1.5590685809106202e-05
629000,0.00019266181408778753,1.5522592862740344e-05
629250,0.0001922406245955392,1.5454797315048824e-05
629500,0.00019182035589478274,1.538729786714914e-05
629750,0.00019140100595586734,1.5320093225788765e-05
630000,0.0001909825727816404,1.5253182103389938e-05
630250,0.00019056505437480242,1.5186563218017754e-05
630500,0.00019014844871617452,1.5120235293300214e-05
630750,0.0001897327538561399,1.5054197058451093e-05
631000,0.0001893179677564053,1.4988447248254434e-05
631250,0.00018890408842600463,1.492298460298797e-05
631500,0.00018849111391359562,1.4857807868455723e-05
631750,0.00018807904222686313,1.4792915795927389e-05
632000,0.00018766787140016275,1.4728307142130953e-05
632250,0.00018725759946366157,1.4663980669221922e-05
632500,0.00018684822445262796,1.4599935144776358e-05
632750,0.00018643974437877254,1.4536169341718299e-05
633000,0.0001860321573236381,1.4472682038371826e-05
633250,0.0001856254613152423,1.4409472018375916e-05
633500,0.00018521965440534537,1.4346538070674103e-05
633750,0.0001848147346498621,1.4283878989519665e-05
634000,0.0001844107001219336,1.4221493574420735e-05
634250,0.00018400754886741083,1.4159380630122706e-05
634500,0.00018360527897572188,1.4097538966602145e-05
634750,0.00018320388851369215,1.4035967399037315e-05
635000,0.00018280337556082638,1.3974664747763915e-05
635250,0.00018240373819181164,1.3913629838274738e-05
635500,0.00018200497448733784,1.3852861501202884e-05
635750,0.0001816070825304545,1.379235857229129e-05
636000,0.00018121006044135467,1.3732119892358094e-05
636250,0.0001808139062972206,1.3672144307267315e-05
636500,0.00018041861820833945,1.3612430667955163e-05
636750,0.0001800241943034147,1.355297783036324e-05
637000,0.00017963063265141963,1.349378465542384e-05
637250,0.0001792379314123402,1.3434850009057739e-05
637500,0.00017884608866738393,1.3376172762121392e-05
637750,0.00017845510255422715,1.3317751790418064e-05
638000,0.00017806497119275487,1.3259585974656548e-05
638250,0.00017767569273622865,1.3201674200425466e-05
638500,0.00017728726527525024,1.3144015358202223e-05
638750,0.00017689968697685366,1.3086608343285926e-05
639000,0.0001765129560235776,1.3029452055805129e-05
639250,0.00017612707050157817,1.2972545400709735e-05
639500,0.000175742028601343,1.2915887287714184e-05
639750,0.00017535782846096772,1.2859476631308091e-05
640000,0.00017497446822910734,1.2803312350712116e-05
640250,0.00017459194610631158,1.274739336985674e-05
640500,0.0001742102602124052,1.2691718617401804e-05
640750,0.00017382940877230213,1.26362870266584e-05
641000,0.0001734493899206611,1.2581097535619125e-05
641250,0.0001730702018474277,1.2526149086889591e-05
641500,0.00017269184273530246,1.2471440627730844e-05
641750,0.0001723143107968723,1.2416971109951592e-05
642000,0.0001719376041863436,1.2362739489989325e-05
642250,0.00017156172111364363,1.230874472879447e-05
642500,0.00017118665978703364,1.2254985791895633e-05
642750,0.00017081241840264985,1.2201461649309692e-05
643000,0.0001704389951663204,1.2148171275564742e-05
643250,0.00017006638832404474,1.2095113649669562e-05
643500,0.000169694596016278,1.2042287755077878e-05
643750,0.00016932361652005783,1.1989692579710038e-05
644000,0.0001689534480651113,1.1937327115885712e-05
644250,0.00016858408882737305,1.1885190360319793e-05
644500,0.00016821553709753457,1.1833281314138474e-05
644750,0.00016784779105624524,1.178159898279235e-05
645000,0.00016748084897747544,1.1730142376102947e-05
645250,0.00016711470911036803,1.1678910508213743e-05
645500,0.00016674936964050955,1.1627902397557748e-05
645750,0.00016638482888818723,1.1577117066884736e-05
646000,0.00016602108507996036,1.1526553543170833e-05
646250,0.00016565813647251095,1.1476210857686466e-05
646500,0.00016529598131280048,1.1426088045893286e-05
646750,0.0001649346179134845,1.1376184147500218e-05
647000,0.0001645740445070723,1.1326498206386332e-05
647250,0.0001642142593284766,1.1277029270620142e-05
647500,0.00016385526071586743,1.1227776392409499e-05
647750,0.00016349704696048728,1.117873862812826e-05
648000,0.00016313961629199272,1.1129915038247645e-05
648250,0.00016278296706158014,1.1081304687355262e-05
648500,0.00016242709748675533,1.1032906644127274e-05
648750,0.00016207200591097123,1.0984719981292586e-05
649000,0.00016171769060024555,1.093674377564544e-05
649250,0.0001613641498911306,1.0888977108000627e-05
649500,0.0001610113821014017,1.0841419063195945e-05
649750,0.00016065938549722435,1.0794068730064348e-05
650000,0.00016030815842833855,1.0746925201414354e-05
650250,0.00015995769919733551,1.0699987574013849e-05
650500,0.0001596080061158304,1.0653254948589824e-05
650750,0.0001592590775063058,1.0606726429781872e-05
651000,0.0001589109117334211,1.056040112615327e-05
651250,0.0001585635070943782,1.0514278150141555e-05
651500,0.00015821686193560953,1.0468356618083502e-05
651750,0.0001578709746113972,1.0422635650161114e-05
652000,0.0001575258434443673,1.0377114370399062e-05
652250,0.00015718146679132686,1.0331791906662265e-05
652500,0.00015683784300060994,1.0286667390598275e-05
652750,0.00015649497042891832,1.0241739957674943e-05
653000,0.00015615284742246714,1.0197008747114845e-05
653250,0.00015581147236109233,1.01524729019124e-05
653500,0.00015547084358842744,1.0108131568807534e-05
653750,0.0001551309594949681,1.0063983898253816e-05
654000,0.00015479181841804513,1.0020029044417896e-05
654250,0.00015445341879187686,9.976266165175697e-06
654500,0.0001541157589445999,9.932694422069727e-06
654750,0.0001537788372814364,9.889312980299128e-06
655000,0.0001534426521747928,9.846121008716587e-06
655250,0.00015310720204996002,9.803117679806322e-06
655500,0.00015277248523354157,9.760302169662193e-06
655750,0.00015243850018666216,9.71767365797667e-06
656000,0.0001521052452793118,9.67523132802598e-06
656250,0.00015177271892047968,9.63297436665404e-06
656500,0.0001514409194955961,9.590901964263458e-06
656750,0.00015110984548047274,9.549013314775358e-06
657000,0.00015077949520572555,9.507307615646418e-06
657250,0.00015044986715225097,9.465784067833402e-06
657500,0.00015012095971678226,9.424441875784205e-06
657750,0.0001497927713123985,9.383280247422875e-06
658000,0.00014946530038713622,9.342298394124559e-06
658250,0.0001491385453736225,9.301495530712878e-06
658500,0.0001488125046991394,9.260870875448512e-06
658750,0.00014848717681316566,9.220423649991996e-06
659000,0.0001481625601022883,9.180153079421997e-06
659250,0.00014783865310960371,9.14005839218359e-06
659500,0.00014751545417731568,9.1001388201055e-06
659750,0.00014719296182098444,9.060393598360254e-06
660000,0.00014687117451866525,9.020821965464619e-06
660250,0.0001465500906555584,8.981423163262439e-06
660500,0.00014622970875252336,8.942196436918196e-06
660750,0.00014591002723794472,8.903141034876768e-06
661000,0.00014559104461157928,8.864256208865328e-06
661250,0.0001452727593685567,8.825541213896779e-06
661500,0.00014495516990113805,8.786995308220797e-06
661750,0.00014463827474199027,8.748617753337775e-06
662000,0.0001443220723576675,8.710407813967525e-06
662250,0.00014400656126160513,8.672364758039614e-06
662500,0.00014369173991376615,8.634487856689365e-06
662750,0.00014337760683667822,8.596776384224358e-06
663000,0.000143064160471335,8.55922961813079e-06
663250,0.0001427513993574987,8.521846839048108e-06
663500,0.00014243932200724965,8.48462733074892e-06
663750,0.00014212792690577178,8.447570380150242e-06
664000,0.00014181721255151494,8.410675277270374e-06
664250,0.00014150717746509153,8.373941315238134e-06
664500,0.00014119782018985925,8.33736779025346e-06
664750,0.00014088913918632598,8.300954001610994e-06
665000,0.0001405811330121877,8.264699251653112e-06
665250,0.000140273800209829,8.228602845770999e-06
665500,0.00013996713928626184,8.192664092392187e-06
665750,0.00013966114876328122,8.15688230296375e-06
666000,0.00013935582720401665,8.12125679193348e-06
666250,0.0001390511731050275,8.085786876755525e-06
666500,0.00013874718500707776,8.050471877854233e-06
666750,0.00013844386149208224,8.015311118632007e-06
667000,0.00013814120110215955,7.98030392543395e-06
667250,0.00013783920238190093,7.945449627562392e-06
667500,0.00013753786385809193,7.910747557233578e-06
667750,0.00013723718413686742,7.876197049587834e-06
668000,0.0001369371617213839,7.841797442675302e-06
668250,0.00013663779521635397,7.807548077431148e-06
668500,0.0001363390831645401,7.773448297659084e-06
668750,0.0001360410241575529,7.739497450044571e-06
669000,0.00013574361675019184,7.705694884126863e-06
669250,0.00013544685952471185,7.672039952263806e-06
669500,0.00013515075105415805,7.638532009670083e-06
669750,0.0001348552899158011,7.605170414365521e-06
670000,0.00013456047470294642,7.57195452716637e-06
670250,0.00013426630403767345,7.5388837116871155e-06
670500,0.00013397277642905115,7.505957334322719e-06
670750,0.00013367989055421194,7.473174764237087e-06
671000,0.0001333876449753069,7.440535373339387e-06
671250,0.00013309603824917716,7.4080385362915226e-06
671500,0.00013280506906510615,7.375683630480476e-06
671750,0.00013251473596315698,7.3434700360287434e-06
672000,0.00013222503759983517,7.311397135740282e-06
672250,0.00013193597253094238,7.279464315131479e-06
672500,0.00013164753943828428,7.247670962401589e-06
672750,0.00013135973688454337,7.2160164684137045e-06
673000,0.0001310725635095732,7.184500226701142e-06
673250,0.0001307860179506083,7.153121633438023e-06
673500,0.00013050009882447706,7.1218800874434495e-06
673750,0.00013021480476968643,7.090774990153986e-06
674000,0.0001299301344216627,7.059805745627437e-06
674250,0.00012964608639329337,7.028971760516351e-06
674500,0.00012936265933759496,6.998272444075927e-06
674750,0.00012907985189430097,6.967707208134803e-06
675000,0.00012879766271450252,6.937275467086251e-06
675250,0.00012851609045890573,6.906976637888028e-06
675500,0.00012823513376284258,6.876810140045352e-06
675750,0.0001279547912722979,6.846775395593234e-06
676000,0.00012767506167001043,6.816871829094586e-06
676250,0.00012739594358943853,6.787098867622282e-06
676500,0.00012711743571107223,6.7574559407567764e-06
676750,0.00012683953668788316,6.7279424805598044e-06
677000,0.00012656224520439201,6.698557921588061e-06
677250,0.0001262855599274073,6.669301700861641e-06
677500,0.0001260094795096183,6.6401732578449444e-06
677750,0.00012573400266538198,6.611172034479573e-06
678000,0.00012545912804260106,6.582297475120016e-06
678250,0.00012518485435798022,6.553549026560643e-06
678500,0.00012491118028125903,6.524926138004281e-06
678750,0.00012463810449679506,6.496428261061141e-06
679000,0.0001243656256708958,6.468054849739303e-06
679250,0.00012409374256221696,6.439805360431719e-06
679500,0.0001238224538146461,6.411679251901489e-06
679750,0.00012355175816751603,6.38367598528275e-06
680000,0.00012328165428764608,6.355795024055718e-06
680250,0.00012301214088610056,6.328035834044871e-06
680500,0.00012274321669962664,6.300397883413399e-06
680750,0.00012247488041312556,6.272880642637739e-06
681000,0.000122207130770363,6.245483584516378e-06
681250,0.00012193996645984205,6.218206184147569e-06
681500,0.00012167338621682408,6.191047918921549e-06
681750,0.00012140738874856583,6.164008268511427e-06
682000,0.00012114197282641399,6.137086714855235e-06
682250,0.00012087713710812656,6.110282742167841e-06
682500,0.0001206128803825418,6.083595836904498e-06
682750,0.00012034920135980941,6.057025487776926e-06
683000,0.00012008609878115651,6.030571185713959e-06
683250,0.00011982357138700976,6.0042324238784626e-06
683500,0.00011956161791620276,5.97800869763942e-06
683750,0.00011930023713612122,5.951899504584887e-06
684000,0.00011903942776165843,5.925904344474954e-06
684250,0.00011877918854631446,5.90002271926973e-06
684500,0.00011851951828167212,5.87425413310168e-06
684750,0.00011826041566094059,5.8485980922693985e-06
685000,0.0001180018795284268,5.823054105229418e-06
685250,0.00011774390856683407,5.797621682575622e-06
685500,0.00011748650157243148,5.772300337045692e-06
685750,0.00011722965732339024,5.747089583513431e-06
686000,0.00011697337455042569,5.721988938959273e-06
686250,0.00011671765207643864,5.6969979224790155e-06
686500,0.0001164624886549508,5.672116055264681e-06
686750,0.000116207883051438,5.647342860603352e-06
687000,0.00011595383406262857,5.622677863869984e-06
687250,0.00011570034045927562,5.598120592494199e-06
687500,0.00011544740103497107,5.573670575990471e-06
687750,0.0001151950145740661,5.549327345915592e-06
688000,0.00011494317986732484,5.525090435877515e-06
688250,0.0001146918957072993,5.500959381512057e-06
688500,0.00011444116092938005,5.476933720499646e-06
688750,0.00011419097426004764,5.453012992523446e-06
689000,0.00011394133454475245,5.429196739289808e-06
689250,0.00011369224059364785,5.405484504497823e-06
689500,0.0001134436911835991,5.381875833846087e-06
689750,0.00011319568516227162,5.35837027501174e-06
690000,0.00011294822131968757,5.334967377644733e-06
690250,0.00011270129847198395,5.311666693375597e-06
690500,0.00011245491542520484,5.288467775778944e-06
690750,0.00011220907102578684,5.265370180384858e-06
691000,0.00011196376407138511,5.242373464668498e-06
691250,0.00011171899337397537,5.219477188030026e-06
691500,0.00011147475782104166,5.196680911804583e-06
691750,0.00011123105618314263,5.173984199223409e-06
692000,0.00011098788735779412,5.151386615449982e-06
692250,0.00011074525009332033,5.1288877275300954e-06
692500,0.00011050314331245931,5.1064871044089746e-06
692750,0.00011026156577312915,5.0841843169058795e-06
693000,0.0001100205163803648,5.061978937725466e-06
693250,0.00010977999396512335,5.039870541428878e-06
693500,0.00010953999734725355,5.01785870443796e-06
693750,0.00010930052542963066,4.995943005032821e-06
694000,0.00010906157701251136,4.974123023326195e-06
694250,0.00010882315099739475,4.9523983412641684e-06
694500,0.0001085852462124118,4.9307685426233975e-06
694750,0.00010834786150311877,4.9092332129942576e-06
695000,0.0001081109957781681,4.88779193978541e-06
695250,0.00010787464788871455,4.866444312199654e-06
695500,0.00010763881666011597,4.8451899212316135e-06
695750,0.00010740350101947865,4.8240283596679236e-06
696000,0.00010716869979247673,4.802959222077205e-06
696250,0.00010693441190365957,4.781982104790846e-06
696500,0.00010670063621750665,4.761096605904999e-06
696750,0.00010646737154141056,4.740302325276994e-06
697000,0.00010623461689509086,4.719598864501729e-06
697250,0.00010600237104461915,4.698985826923832e-06
697500,0.00010577063295139553,4.678462817616276e-06
697750,0.00010553940144628104,4.658029443375432e-06
698000,0.00010530867545359815,4.6376853127165235e-06
698250,0.0001050784538712774,4.617430035865538e-06
698500,0.00010484873559822938,4.597263224751674e-06
698750,0.000104619519500509,4.577184492993742e-06
699000,0.00010439080452008354,4.557193455903089e-06
699250,0.00010416258955620062,4.537289730467663e-06
699500,0.00010393487350362498,4.517472935355966e-06
699750,0.00010370765525321542,4.497742690889722e-06
700000,0.00010348093374364757,4.478098619060186e-06
700250,0.00010325470790741315,4.458540343501951e-06
700500,0.00010302897661614583,4.4390674894991545e-06
700750,0.00010280373883207161,4.419679683965992e-06
701000,0.00010257899343714824,4.4003765554563915e-06
701250,0.00010235473937418832,4.381157734130622e-06
701500,0.00010213097555085158,4.362022851783162e-06
701750,0.00010190770092513861,4.3429715418000546e-06
702000,0.00010168491442214438,4.32400343917836e-06
702250,0.00010146261494704026,4.305118180507306e-06
702500,0.0001012408014694585,4.286315403961909e-06
702750,0.00010101947290951315,4.267594749297332e-06
703000,0.00010079862822726392,4.248955857846142e-06
703250,0.0001005782663147263,4.230398372499348e-06
703500,0.00010035838614066407,4.2119219377159916e-06
703750,0.00010013898668571182,4.193526199505457e-06
704000,9.992006687313242e-05,4.175210805416448e-06
704250,9.970162565391115e-05,4.156975404550087e-06
704500,9.948366196624413e-05,4.138819647527779e-06
704750,9.926617479243287e-05,4.1207431865038135e-06
705000,9.904916307679532e-05,4.102745675147946e-06
705250,9.883262578941872e-05,4.084826768647283e-06
705500,9.861656188081213e-05,4.066986123688863e-06
705750,9.840097034232423e-05,4.0492233984647675e-06
706000,9.818585009964734e-05,4.031538252656083e-06
706250,9.79712001356417e-05,4.013930347431606e-06
706500,9.775701945216525e-05,3.99639934543958e-06
706750,9.754330696943194e-05,3.978944910806006e-06
707000,9.73300617470495e-05,3.961566709112819e-06
707250,9.711728268340209e-05,3.944264407415619e-06
707500,9.690496878028747e-05,3.92703767421427e-06
707750,9.669311903443388e-05,3.909886179462602e-06
708000,9.64817324376175e-05,3.892809594555586e-06
708250,9.627080795514526e-05,3.875807592316317e-06
708500,9.60603446078903e-05,3.858879847004312e-06
708750,9.585034133434422e-05,3.8420260343017775e-06
709000,9.564079717946244e-05,3.825245831301548e-06
709250,9.54317111409841e-05,3.808538916512288e-06
709500,9.522308217490943e-05,3.7919049698442748e-06
709750,9.501490929469107e-05,3.7753436726045928e-06
710000,9.480719151822283e-05,3.758854707497956e-06
710250,9.459992787226584e-05,3.742437758607803e-06
710500,9.439311732363836e-05,3.726092511400304e-06
710750,9.418675886900897e-05,3.7098186527176575e-06
711000,9.398085159058882e-05,3.6936158707664812e-06
711250,9.377539444192171e-05,3.677483855117361e-06
711500,9.357038641623457e-05,3.6614222966923065e-06
711750,9.33658266159023e-05,3.6454308877672088e-06
712000,9.316171401631375e-05,3.6295093219666183e-06
712250,9.295804762791013e-05,3.6136572942408213e-06
712500,9.275482650039056e-05,3.5978745008842877e-06
712750,9.255204961061949e-05,3.5821606395104502e-06
713000,9.234971605140783e-05,3.566515409058006e-06
713250,9.214782483580297e-05,3.550938509777787e-06
713500,9.194637496419971e-05,3.5354296432309432e-06
713750,9.174536550098586e-05,3.5199885122820065e-06
714000,9.154479547113645e-05,3.5046148210903786e-06
714250,9.134466395106222e-05,3.4893082751151747e-06
714500,9.114496992422113e-05,3.4740685810915687e-06
714750,9.094571246064127e-05,3.458895447045091e-06
715000,9.074689059191996e-05,3.4437885822721676e-06
715250,9.054850337661491e-05,3.4287476973349105e-06
715500,9.035054988672112e-05,3.4137725040676526e-06
715750,9.015302917023973e-05,3.3988627155600926e-06
716000,8.995594023841684e-05,3.384018046151234e-06
716250,8.975928219974027e-05,3.3692382114320733e-06
716500,8.956305406516658e-05,3.3545229282357716e-06
716750,8.936725492710104e-05,3.3398719146274184e-06
717000,8.917188385592308e-05,3.3252848899110685e-06
717250,8.897693986370331e-05,3.3107615746112066e-06
717500,8.878242204965318e-05,3.296301690472917e-06
717750,8.858832949820934e-05,3.2819049604591156e-06
718000,8.839466127012096e-05,3.2675711087442075e-06
718250,8.820141641308361e-05,3.2532998606997193e-06
718500,8.800859402883396e-05,3.2390909429060754e-06
718750,8.781619316657508e-05,3.2249440831293917e-06
719000,8.762421296149832e-05,3.2108590103332895e-06
719250,8.743265241814399e-05,3.1968354546558793e-06
719500,8.724151068732946e-05,3.1828731474232113e-06
719750,8.705078680749677e-05,3.1689718211264983e-06
720000,8.686047988181539e-05,3.1551312094307668e-06
720250,8.667058901738113e-05,3.1413510471623725e-06
720500,8.64811132629735e-05,3.127631070307459e-06
720750,8.629205173354001e-05,3.1139710160014675e-06
721000,8.610340353021952e-05,3.1003706225315394e-06
721250,8.59151677074774e-05,3.0868296293255216e-06
721500,8.572734343386461e-05,3.073347776952975e-06
721750,8.553992977568501e-05,3.0599248071095667e-06
722000,8.535292582468465e-05,3.0465604626281166e-06
722250,8.51663306997452e-05,3.0332544874563873e-06
722500,8.498014349279313e-05,3.0200066266656455e-06
722750,8.47943633426603e-05,3.0068166264401443e-06
723000,8.460898929162128e-05,2.9936842340689866e-06
723250,8.442402053507103e-05,2.980609197949999e-06
723500,8.423945614725273e-05,2.9675912675750354e-06
723750,8.405529525832543e-05,2.9546301935342874e-06
724000,8.387153693543041e-05,2.941725727506259e-06
724250,8.36881803804685e-05,2.928877622250551e-06
724500,8.350522464988976e-05,2.916085631610478e-06
724750,8.332266890153976e-05,2.9033495105029805e-06
725000,8.31405122199336e-05,2.890669014916563e-06
725250,8.295875377995752e-05,2.878043901903249e-06
725500,8.277739270676452e-05,2.8654739295787853e-06
725750,8.259642809560654e-05,2.8529588571127644e-06
726000,8.241585910122587e-05,2.840498444728032e-06
726250,8.223568487976498e-05,2.828092453695822e-06
726500,8.205590453865424e-05,2.81574064632621e-06
726750,8.187651721374007e-05,2.803442785973086e-06
727000,8.16975220749223e-05,2.7911986370165405e-06
727250,8.1518918232478e-05,2.779007964874414e-06
727500,8.134070486088409e-05,2.7668705359810315e-06
727750,8.116288107901104e-05,2.754786117796812e-06
728000,8.098544607853084e-05,2.7427544787945907e-06
728250,8.080839894730026e-05,2.7307753884578533e-06
728500,8.063173887589156e-05,2.71884861727835e-06
728750,8.04554650197289e-05,2.706973936752885e-06
729000,8.027957650838062e-05,2.695151119370422e-06
729250,8.010407254380406e-05,2.6833799386182103e-06
729500,7.992895223968044e-05,2.671660168971602e-06
729750,7.975421479303481e-05,2.659991585886954e-06
730000,7.957985932892042e-05,2.648373965809945e-06
730250,7.940588507575728e-05,2.6368070861532994e-06
730500,7.92322911078242e-05,2.625290725308563e-06
730750,7.905907665021961e-05,2.613824662632797e-06
731000,7.888624089867991e-05,2.6024086784466995e-06
731250,7.871378295629531e-05,2.59104255402894e-06
731500,7.854170207361152e-05,2.579726071616497e-06
731750,7.836999736207228e-05,2.5684590143957192e-06
732000,7.819866803528105e-05,2.557241166499447e-06
732250,7.802771327269722e-05,2.5460723130051685e-06
732500,7.785713221213082e-05,2.534952239926465e-06
732750,7.768692408581274e-05,2.5238807342131214e-06
733000,7.751708806032025e-05,2.5128575837454975e-06
733250,7.734762333522178e-05,2.5018825773307388e-06
733500,7.7178529075828e-05,2.4909555046959103e-06
733750,7.700980447195832e-05,2.4800761564904567e-06
734000,7.684144875166534e-05,2.4692443242764655e-06
734250,7.667346106283813e-05,2.4584598005243076e-06
734500,7.65058406397844e-05,2.4477223786121367e-06
734750,7.633858665123845e-05,2.437031852820042e-06
735000,7.617169830353305e-05,2.4263880183297856e-06
735250,7.600517479443129e-05,2.415790671214459e-06
735500,7.583901534029562e-05,2.4052396084380714e-06
735750,7.567321914251614e-05,2.3947346278519e-06
736000,7.550778538601517e-05,2.384275528190334e-06
736250,7.534271331643328e-05,2.373862109067489e-06
736500,7.517800210822813e-05,2.3634941709691447e-06
736750,7.501365098463964e-05,2.3531715152583885e-06
737000,7.484965916703641e-05,2.34289394415944e-06
737250,7.468602586588025e-05,2.3326612607660267e-06
737500,7.452275027577474e-05,2.322473269027667e-06
737750,7.435983164158071e-05,2.3123297737538587e-06
738000,7.419726916481336e-05,2.302230580601615e-06
738250,7.403506209114564e-05,2.2921754960825246e-06
738500,7.38732096157804e-05,2.2821643275461675e-06
738750,7.371171098515816e-05,2.2721968831930746e-06
739000,7.355056538947668e-05,2.2622729720531807e-06
739250,7.338977213021034e-05,2.252392403991661e-06
739500,7.322933035840394e-05,2.2425549897089954e-06
739750,7.30692393494692e-05,2.2327605407288016e-06
740000,7.290949832379965e-05,2.223008869398082e-06
740250,7.275010650967092e-05,2.2132997888823556e-06
740500,7.259106315549712e-05,2.2036331131652118e-06
740750,7.243236752180425e-05,2.1940086570446137e-06
741000,7.227401877801573e-05,2.1844262361216865e-06
741250,7.211601623627178e-05,2.1748856668075896e-06
741500,7.195835908115688e-05,2.165386766312174e-06
741750,7.180104663939058e-05,2.1559293526468873e-06
742000,7.16440780764476e-05,2.146513244613439e-06
742250,7.148745268209363e-05,2.1371382618114004e-06
742500,7.133116968831293e-05,2.1278042246228274e-06
742750,7.117522835811337e-05,2.118510954217172e-06
743000,7.101962793529094e-05,2.109258272543061e-06
743250,7.08643676932744e-05,2.1000460023279534e-06
743500,7.070944688690528e-05,2.09087396707262e-06
743750,7.055486471574446e-05,2.081741991050571e-06
744000,7.040062052273438e-05,2.0726498992993462e-06
744250,7.024671350964201e-05,2.0635975176235774e-06
744500,7.009314297519521e-05,2.0545846725899297e-06
744750,6.99399081740094e-05,2.045611191518408e-06
745000,6.978700836415342e-05,2.036676902485018e-06
745250,6.96344428015751e-05,2.027781634317895e-06
745500,6.94822107852501e-05,2.018925216592354e-06
745750,6.933031158494703e-05,2.0101074796269998e-06
746000,6.917874446340774e-05,2.0013282544810393e-06
746250,6.902750866629333e-05,1.992587372954352e-06
746500,6.887660352225784e-05,1.98388466757764e-06
746750,6.872602825784262e-05,1.975219971616897e-06
747000,6.857578217133817e-05,1.9665931190637397e-06
747250,6.842586456985891e-05,1.9580039446355975e-06
747500,6.827627469389547e-05,1.9494522837717533e-06
747750,6.812701184766318e-05,1.9409379726285184e-06
748000,6.797807532530133e-05,1.9324608480837953e-06
748250,6.782946437426807e-05,1.924020747719968e-06
748500,6.768117834720955e-05,1.9156175098325527e-06
748750,6.75332164858666e-05,1.9072509734253915e-06
749000,6.738557809240394e-05,1.8989209782006922e-06
749250,6.723826245331414e-05,1.8906273645657364e-06
749500,6.709126886552248e-05,1.882369973621363e-06
749750,6.694459665411376e-05,1.8741486471630157e-06
750000,6.679824506901317e-05,1.8659632276783312e-06
750250,6.665221342479941e-05,1.857813558342009e-06
750500,6.650650103019521e-05,1.8496994830136688e-06
750750,6.636110720341552e-05,1.8416208462353205e-06
751000,6.62160312284141e-05,1.833577493226416e-06
751250,6.607127241465705e-05,1.8255692698869197e-06
751500,6.592683005872692e-05,1.8175960227825004e-06
751750,6.578270345696714e-05,1.8096575991560955e-06
752000,6.563889197168123e-05,1.801753846914001e-06
752250,6.549539486741921e-05,1.7938846146264937e-06
752500,6.535221146571445e-05,1.7860497515275803e-06
752750,6.520934109456044e-05,1.7782491075070762e-06
753000,6.506678306291649e-05,1.7704825331124645e-06
753250,6.492453668560154e-05,1.7627498795447234e-06
753500,6.478260128670222e-05,1.755050998651591e-06
753750,6.464097617863183e-05,1.7473857429284846e-06
754000,6.44996606561291e-05,1.7397539655191497e-06
754250,6.435865410437803e-05,1.7321555202033806e-06
754500,6.421795581405793e-05,1.724590261402855e-06
754750,6.40775650926172e-05,1.7170580441734144e-06
755000,6.393748132135421e-05,1.7095587242069205e-06
755250,6.379770376130162e-05,1.7020921578197701e-06
755500,6.365823178339505e-05,1.6946582019628344e-06
755750,6.351906475230904e-05,1.687256714204794e-06
756000,6.338020190832524e-05,1.679887552743213e-06
756250,6.324164267877326e-05,1.6725505763892622e-06
756500,6.31033863151186e-05,1.6652456445750254e-06
756750,6.296543225335026e-05,1.657972617343093e-06
757000,6.282777974175952e-05,1.6507313553502334e-06
757250,6.269042819733992e-05,1.6435217198597576e-06
757500,6.255337690303521e-05,1.6363435727416474e-06
757750,6.241662524249646e-05,1.629196776469447e-06
758000,6.228017251861694e-05,1.622081194116522e-06
758250,6.214401812746269e-05,1.614996689356653e-06
758500,6.200816135176847e-05,1.6079431264549325e-06
758750,6.187260161699624e-05,1.6009203702724128e-06
759000,6.173733823171492e-05,1.593928286259907e-06
759250,6.160237053326784e-05,1.5869667404543039e-06
759500,6.146769792492918e-05,1.5800355994801743e-06
759750,6.133331972277707e-05,1.57313473054294e-06
760000,6.119923528293355e-05,1.5662640014271895e-06
760250,6.106544399114113e-05,1.5594232804968551e-06
760500,6.093194516402859e-05,1.5526124366900176e-06
760750,6.0798738213656446e-05,1.5458313395169594e-06
761000,6.0665822444736185e-05,1.5390798590584215e-06
761250,6.0533197259316464e-05,1.5323578659615659e-06
761500,6.0400862028897446e-05,1.525665231439678e-06
761750,6.026881611876846e-05,1.5190018272680395e-06
762000,6.013705884581822e-05,1.5123675257818755e-06
762250,6.0005589628218665e-05,1.5057621998735546e-06
762500,5.987440782049366e-05,1.4991857229914394e-06
762750,5.974351280557519e-05,1.4926379691360173e-06
763000,5.9612903947416395e-05,1.4861188128588454e-06
763250,5.948258060726711e-05,1.4796281292581645e-06
763500,5.9352542198410806e-05,1.4731657939789336e-06
763750,5.922278806665041e-05,1.4667316832088899e-06
764000,5.909331759743424e-05,1.4603256736757028e-06
764250,5.896413015212405e-05,1.4539476426464619e-06
764500,5.883522514039219e-05,1.447597467923742e-06
764750,5.8706601946089365e-05,1.4412750278442515e-06
765000,5.857825995464209e-05,1.4349802012760922e-06
765250,5.845019850027565e-05,1.4287128676157177e-06
765500,5.8322417032470116e-05,1.4224729067855808e-06
765750,5.819491491788972e-05,1.4162601992365674e-06
766000,5.806769153924113e-05,1.410074625936101e-06
766250,5.79407462797545e-05,1.4039160683756967e-06
766500,5.7814078555573964e-05,1.3977844085624705e-06
766750,5.768768773920429e-05,1.3916795290207984e-06
767000,5.7561573254692996e-05,1.3856013127854753e-06
767250,5.74357344514293e-05,1.379549643402767e-06
767500,5.731017075526199e-05,1.3735244049294502e-06
767750,5.718488159348899e-05,1.3675254819273876e-06
768000,5.7059866307359945e-05,1.361552759462675e-06
768250,5.693512432016809e-05,1.3556061231030143e-06
768500,5.681065505308902e-05,1.3496854589165046e-06
768750,5.6686457865070706e-05,1.3437906534685287e-06
769000,5.656253221504235e-05,1.3379215938194224e-06
769250,5.6438877494346144e-05,1.3320781675244578e-06
769500,5.631549310891335e-05,1.3262602626283072e-06
769750,5.6192378435234437e-05,1.3204677676654005e-06
770000,5.606953290821483e-05,1.3147005716574193e-06
770250,5.594695594658207e-05,1.3089585641089593e-06
770500,5.5824646976579474e-05,1.3032416350098603e-06
770750,5.570260538668698e-05,1.2975496748277814e-06
771000,5.558083058633027e-05,1.2918825745105317e-06
771250,5.545932200222915e-05,1.286240225480966e-06
771500,5.533807909105287e-05,1.2806225196383206e-06
771750,5.5217101207507425e-05,1.2750293493508801e-06
772000,5.509638780519557e-05,1.2694606074595618e-06
772250,5.497593829997945e-05,1.2639161872721987e-06
772500,5.485575212433903e-05,1.2583959825621393e-06
772750,5.4735828670732806e-05,1.252899887567883e-06
773000,5.461616741018838e-05,1.247427796989612e-06
773250,5.449676774541911e-05,1.2419796059863732e-06
773500,5.437762912342323e-05,1.2365552101761247e-06
773750,5.425875091039877e-05,1.2311545056330307e-06
774000,5.4140132613383904e-05,1.225777388883525e-06
774250,5.402177366160708e-05,1.2204237569077127e-06
774500,5.3903673421866e-05,1.215093507133926e-06
774750,5.378583139311543e-05,1.2097865374401692e-06
775000,5.3668246977305044e-05,1.2045027461498404e-06
775250,5.355091960786942e-05,1.1992420320307449e-06
775500,5.343384875064402e-05,1.1940042942915376e-06
775750,5.33170338176066e-05,1.188789432581446e-06
776000,5.320047425027375e-05,1.183597346990161e-06
776250,5.3084169535068135e-05,1.1784279380408333e-06
776500,5.2968119053314514e-05,1.1732811066930232e-06
776750,5.285232227261958e-05,1.1681567543374077e-06
777000,5.273677866731196e-05,1.1630547827965422e-06
777250,5.2621487633752655e-05,1.1579750943218406e-06
777500,5.250644867127295e-05,1.1529175915894807e-06
777750,5.239166118891972e-05,1.1478821777044581e-06
778000,5.227712464354161e-05,1.142868756190823e-06
778250,5.216283848649693e-05,1.137877230997512e-06
778500,5.204880221454281e-05,1.1329075064912663e-06
778750,5.193501521109434e-05,1.127959487456013e-06
779000,5.182147696332889e-05,1.1230330790923985e-06
779250,5.170818696710019e-05,1.118128187015926e-06
779500,5.159514461122912e-05,1.1132447172517142e-06
779750,5.1482349379432164e-05,1.1083825762385265e-06
780000,5.136980071736266e-05,1.103541670820992e-06
780250,5.125749814304651e-05,1.0987219082529162e-06
780500,5.1145441039612043e-05,1.09392319619024e-06
780750,5.103362895220138e-05,1.089145442696137e-06
781000,5.092206128749029e-05,1.0843885562320592e-06
781250,5.081073753438568e-05,1.0796524456607623e-06
781500,5.0699657132667146e-05,1.0749370202422528e-06
781750,5.058881959234783e-05,1.0702421896338665e-06
782000,5.0478224345882346e-05,1.06556786388683e-06
782250,5.036787088962894e-05,1.0609139534451291e-06
782500,5.0257758693414825e-05,1.0562803691439342e-06
782750,5.014788719521499e-05,1.0516670222080015e-06
783000,5.003825590836635e-05,1.0470738242513204e-06
783250,4.992886428211067e-05,1.0425006872695325e-06
783500,4.981971182110555e-05,1.037947523648191e-06
783750,4.9710797956194966e-05,1.0334142461515684e-06
784000,4.960212223806556e-05,1.0289007679267831e-06
784250,4.949368405731653e-05,1.0244070024990181e-06
784500,4.938548297100717e-05,1.0199328637723868e-06
784750,4.9277518409134464e-05,1.0154782660260213e-06
785000,4.916978987483767e-05,1.0110431239143852e-06
785250,4.906229687307006e-05,1.0066273524642085e-06
785500,4.89550388394243e-05,1.002230867072759e-06
785750,4.884801531092757e-05,9.978535835080346e-07
786000,4.874122575161927e-05,9.934954179053623e-07
786250,4.863466964609564e-05,9.891562867662002e-07
786500,4.852834649008818e-05,9.84836106955819e-07
786750,4.842225578008491e-05,9.805347957045943e-07
787000,4.831639698273219e-05,9.762522706032869e-07
787250,4.821076961884291e-05,9.719884496016902e-07
787500,4.8105373161508944e-05,9.6774325100995e-07
787750,4.8000207155148546e-05,9.635165934936325e-07
788000,4.789527103903282e-05,9.593083960737076e-07
788250,4.779056431675505e-05,9.55118578125023e-07
788500,4.768608652760836e-05,9.509470593738902e-07
788750,4.758183710487812e-05,9.467937598989472e-07
789000,4.747781560229044e-05,9.426586001267999e-07
789250,4.737402153535368e-05,9.385415008301807e-07
789500,4.727045435346251e-05,9.344423831304344e-07
789750,4.716711359183449e-05,9.303611684918955e-07
790000,4.7063998735995876e-05,9.262977787218397e-07
790250,4.6961109327029214e-05,9.222521359702842e-07
790500,4.685844484286925e-05,9.182241627257435e-07
790750,4.675600481009522e-05,9.142137818161073e-07
791000,4.665378871320791e-05,9.102209164060379e-07
791250,4.655179606209197e-05,9.062454899954512e-07
791500,4.645002638808191e-05,9.022874264207847e-07
791750,4.634847922316077e-05,8.983466498467073e-07
792000,4.6247154043446164e-05,8.944230847726021e-07
792250,4.614605038776573e-05,8.905166560267852e-07
792500,4.6045167760157115e-05,8.866272887653795e-07
792750,4.5944505650826216e-05,8.827549084716069e-07
793000,4.584406361843618e-05,8.7889944095412e-07
793250,4.5743841179297745e-05,8.750608123463423e-07
793500,4.564383782627172e-05,8.712389491027718e-07
793750,4.5544053133284735e-05,8.674337780004648e-07
794000,4.5444486548260354e-05,8.636452261357197e-07
794250,4.5345137642758086e-05,8.598732209237069e-07
794500,4.524600592129889e-05,8.561176900955723e-07
794750,4.514709093115822e-05,8.523785616997427e-07
795000,4.504839215237023e-05,8.486557640964799e-07
795250,4.494990918619813e-05,8.449492259614609e-07
795500,4.4851641510245114e-05,8.412588762810186e-07
795750,4.475358867202981e-05,8.375846443507477e-07
796000,4.465575015591248e-05,8.339264597762615e-07
796250,4.455812556651514e-05,8.302842524696871e-07
796500,4.4460714389602844e-05,8.266579526501155e-07
796750,4.4363516177120756e-05,8.230474908397069e-07
797000,4.4266530431238435e-05,8.194527978667501e-07
797250,4.416975670950174e-05,8.158738048600523e-07
797500,4.4073194580267924e-05,8.123104432489063e-07
797750,4.397684354819184e-05,8.0876264476284e-07
798000,4.3880703129836256e-05,8.052303414283949e-07
798250,4.378477289737621e-05,8.017134655710597e-07
798500,4.3689052400713944e-05,7.982119498102573e-07
798750,4.359354114762282e-05,7.947257270603779e-07
799000,4.349823871316191e-05,7.912547305282668e-07
799250,4.3403144603909926e-05,7.877988937124128e-07
799500,4.33082584088647e-05,7.843581504030502e-07
799750,4.321357963648769e-05,7.809324346782154e-07
800000,4.311910784540205e-05,7.775216809049065e-07
800250,4.302484258664427e-05,7.741258237352308e-07
800500,4.2930783405863906e-05,7.707447981076585e-07
800750,4.283692986497811e-05,7.673785392457293e-07
801000,4.2743281487612794e-05,7.640269826546445e-07
801250,4.264983784156126e-05,7.60690064121405e-07
801500,4.2556598497215326e-05,7.573677197139402e-07
801750,4.2463562967001124e-05,7.540598857792423e-07
802000,4.237073082815243e-05,7.507664989418344e-07
802250,4.227810165663986e-05,7.474874961037823e-07
802500,4.218567498016041e-05,7.442228144428204e-07
802750,4.209345034204002e-05,7.40972391409237e-07
803000,4.2001427333104984e-05,7.377361647294328e-07
803250,4.190960551029651e-05,7.345140723993679e-07
803500,4.181798440143156e-05,7.313060526866822e-07
803750,4.172656362897818e-05,7.281120441295601e-07
804000,4.163534271490223e-05,7.249319855325187e-07
804250,4.154432119843565e-05,7.217658159697082e-07
804500,4.145349867314416e-05,7.186134747789905e-07
804750,4.1362874682494485e-05,7.154749015652671e-07
805000,4.1272448859219115e-05,7.123500361962679e-07
805250,4.118222068393331e-05,7.092388188021589e-07
805500,4.109218977280755e-05,7.0614118977498e-07
805750,4.100235567023263e-05,7.030570897668389e-07
806000,4.0912717986196244e-05,6.999864596893706e-07
806250,4.082327624927469e-05,6.96929240711983e-07
806500,4.0734030042411436e-05,6.938853742614803e-07
806750,4.0644978927786766e-05,6.908548020197965e-07
807000,4.0556122546555913e-05,6.878374659241496e-07
807250,4.0467460345327305e-05,6.848333081648663e-07
807500,4.0378992041074585e-05,6.81842271185752e-07
807750,4.0290717099111166e-05,6.78864297680476e-07
808000,4.020263516394167e-05,6.758993305938681e-07
808250,4.0114745786960104e-05,6.729473131204841e-07
808500,4.002704853303687e-05,6.700081887018986e-07
808750,3.993954301888828e-05,6.670819010272529e-07
809000,3.985222880823504e-05,6.641683940312936e-07
809250,3.9765105439173515e-05,6.612676118942479e-07
809500,3.967817259689727e-05,6.583794990397789e-07
809750,3.959142976363702e-05,6.555040001344453e-07
810000,3.950487657763088e-05,6.5264106008604e-07
810250,3.9418512596912055e-05,6.497906240427256e-07
810500,3.933233744875333e-05,6.469526373937067e-07
810750,3.9246350660039956e-05,6.441270457651451e-07
811000,3.916055188117124e-05,6.413137950215861e-07
811250,3.907494064699557e-05,6.38512831263683e-07
811500,3.898951659485373e-05,6.357241008272435e-07
811750,3.890427928764365e-05,6.32947550283553e-07
812000,3.8819228306989154e-05,6.301831264352512e-07
812250,3.873436328855375e-05,6.274307763192638e-07
812500,3.864968378138322e-05,6.246904472029744e-07
812750,3.856518940533741e-05,6.219620865843639e-07
813000,3.8480879729581836e-05,6.192456421898542e-07
813250,3.8396754387739285e-05,6.165410619759395e-07
813500,3.8312812943692054e-05,6.138482941245357e-07
813750,3.822905502667995e-05,6.11167287044735e-07
814000,3.8145480216461656e-05,6.084979893708613e-07
814250,3.806208808044645e-05,6.058403499623513e-07
814500,3.7978878289753264e-05,6.031943179005405e-07
814750,3.789585037970016e-05,6.005598424893514e-07
815000,3.7813003998606254e-05,5.979368732558229e-07
815250,3.773033873322213e-05,5.953253599458937e-07
815500,3.764785420638683e-05,5.927252525252688e-07
815750,3.756554998033732e-05,5.901365011780137e-07
816000,3.748342567058578e-05,5.875590563063188e-07
816250,3.740148090353182e-05,5.849928685283571e-07
816500,3.731971531953184e-05,5.824378886787784e-07
816750,3.723812847097187e-05,5.798940678064884e-07
817000,3.7156719947953137e-05,5.773613571738461e-07
817250,3.707548943151586e-05,5.748397082565319e-07
817500,3.699443648953065e-05,5.723290727421617e-07
817750,3.6913560751365586e-05,5.698294025291665e-07
818000,3.683286178314551e-05,5.673406497262297e-07
818250,3.6752339268631726e-05,5.648627666512653e-07
818500,3.6671992808160364e-05,5.623957058301727e-07
818750,3.659182196908302e-05,5.599394199960705e-07
819000,3.651182638990102e-05,5.574938620891811e-07
819250,3.64320057179658e-05,5.550589852545264e-07
819500,3.635235952723051e-05,5.526347428423784e-07
819750,3.627288746117295e-05,5.5022108840633e-07
820000,3.6193589136131505e-05,5.478179757029601e-07
820250,3.6114464166235016e-05,5.454253586905386e-07
820500,3.603551218604394e-05,5.430431915293619e-07
820750,3.595673281223255e-05,5.40671428578767e-07
821000,3.5878125636129854e-05,5.383100243982333e-07
821250,3.579969032922222e-05,5.359589337451392e-07
821500,3.5721426491424275e-05,5.336181115749635e-07
821750,3.564333374177516e-05,5.31287513039636e-07
822000,3.556541172104425e-05,5.289670934869807e-07
822250,3.548766006320605e-05,5.266568084598718e-07
822500,3.541007836231863e-05,5.243566136955925e-07
822750,3.5332666270214625e-05,5.220664651239225e-07
823000,3.5255423414410935e-05,5.197863188682652e-07
823250,3.5178349439904754e-05,5.175161312432976e-07
823500,3.510144394108109e-05,5.152558587536189e-07
823750,3.502470657043561e-05,5.130054580951129e-07
824000,3.4948136970657945e-05,5.107648861515147e-07
824250,3.4871734757471336e-05,5.085340999959316e-07
824500,3.479549957538006e-05,5.06313056888609e-07
824750,3.4719431062859565e-05,5.04101714276295e-07
825000,3.4643528852326806e-05,5.01900029791515e-07
825250,3.456779255080672e-05,4.997079612524276e-07
825500,3.449222182964728e-05,4.975254666603799e-07
825750,3.441681632100978e-05,4.953525042013784e-07
826000,3.4341575660712765e-05,4.931890322429434e-07
826250,3.4266499504595875e-05,4.910350093350281e-07
826500,3.4191587466536116e-05,4.888903942088081e-07
826750,3.4116839203513616e-05,4.867551457754336e-07
827000,3.404225432258605e-05,4.84629223125259e-07
827250,3.396783251402279e-05,4.825125855276202e-07
827500,3.389357341340262e-05,4.80405192429713e-07
827750,3.381947664640051e-05,4.783070034559045e-07
828000,3.374554187743668e-05,4.7621797840651354e-07
828250,3.3671768738535085e-05,4.7413807725813456e-07
828500,3.359815687218466e-05,4.720672601613511e-07
828750,3.3524705927379004e-05,4.700054874416823e-07
829000,3.3451415540924196e-05,4.6795271959671986e-07
829250,3.337828542094651e-05,4.6590891729792066e-07
829500,3.3305315184112276e-05,4.638740413879362e-07
829750,3.3232504424142555e-05,4.61848052880138e-07
830000,3.315985285847533e-05,4.598309129584617e-07
830250,3.3087360124618396e-05,4.5782258297653915e-07
830500,3.301502586590551e-05,4.5582302445638953e-07
830750,3.294284976224045e-05,4.538321990883096e-07
831000,3.287083142828148e-05,4.518500687300702e-07
831250,3.279897053500669e-05,4.498765954057572e-07
831500,3.272726673992569e-05,4.4791174130545184e-07
831750,3.2655719702799694e-05,4.459554687843249e-07
832000,3.258432910060128e-05,4.440077403620211e-07
832250,3.251309455195706e-05,4.420685187217618e-07
832500,3.244201570722679e-05,4.4013776671000813e-07
832750,3.2371092302746696e-05,4.3821544733478635e-07
833000,3.230032392891779e-05,4.36301523767248e-07
833250,3.222971028202914e-05,4.343959593373985e-07
833500,3.215925095213934e-05,4.3249871753689013e-07
833750,3.2088945688592094e-05,4.306097620161064e-07
834000,3.201879413774248e-05,4.2872905658424184e-07
834250,3.1948795946084595e-05,4.268565652093055e-07
834500,3.18789507553317e-05,4.249922520153848e-07
834750,3.180925830236998e-05,4.231360812843071e-07
835000,3.173971817727779e-05,4.2128801745329984e-07
835250,3.167033009614222e-05,4.194480251151654e-07
835500,3.160109367366985e-05,4.176160690178851e-07
835750,3.153200863475725e-05,4.1579211406222387e-07
836000,3.146307462451156e-05,4.139761253030744e-07
836250,3.1394291321094985e-05,4.1216806794772075e-07
836500,3.132565839749773e-05,4.1036790735556195e-07
836750,3.1257175491960233e-05,4.0857560903699213e-07
837000,3.1188842332726776e-05,4.0679113865330905e-07
837250,3.112065852645245e-05,4.0501446201571557e-07
837500,3.105262380961371e-05,4.03245545084846e-07
837750,3.09847378031636e-05,4.014843539693733e-07
838000,3.0917000225891614e-05,3.997308549273837e-07
838250,3.0849410735484546e-05,3.9798501436217726e-07
838500,3.078196896271312e-05,3.9624679882609387e-07
838750,3.0714674672994336e-05,3.945161750163006e-07
839000,3.064752750275567e-05,3.9279310977538657e-07
839250,3.058052710856501e-05,3.9107757009103064e-07
839500,3.051367318700968e-05,3.89369523095257e-07
839750,3.0446965417375128e-05,3.876689360634135e-07
840000,3.0380403488080228e-05,3.8597577641353456e-07
840250,3.0313987073031437e-05,3.842900117064632e-07
840500,3.0247715876962453e-05,3.8261160964446017e-07
840750,3.018158952286377e-05,3.8094053807091213e-07
841000,3.0115607739685652e-05,3.792767649695375e-07
841250,3.0049770224681496e-05,3.7762025846421836e-07
841500,2.998407661617974e-05,3.759709868173294e-07
841750,2.9918526643009977e-05,3.7432891843058855e-07
842000,2.9853119977805746e-05,3.726940218435305e-07
842250,2.9787856279102204e-05,3.710662657330534e-07
842500,2.9722735269764583e-05,3.694456189125447e-07
842750,2.9657756614624056e-05,3.678320503324083e-07
843000,2.9592920021757678e-05,3.66225529077873e-07
843250,2.9528225170129113e-05,3.646260243691603e-07
843500,2.946367177790521e-05,3.630335055616825e-07
843750,2.9399259462971288e-05,3.614479421438964e-07
844000,2.9334987977557188e-05,3.5986930373838675e-07
844250,2.9270857018035507e-05,3.5829756009905157e-07
844500,2.920686622472068e-05,3.56732681113694e-07
844750,2.914301537897543e-05,3.5517463679967963e-07
845000,2.9079304095832263e-05,3.536233973070085e-07
845250,2.9015732103446292e-05,3.520789329150874e-07
845500,2.8952299039483893e-05,3.5054121403330234e-07
845750,2.888900471496087e-05,3.4901021120077365e-07
846000,2.8825848726166484e-05,3.4748589508435943e-07
846250,2.876283081874815e-05,3.45968236479854e-07
846500,2.8699950680703293e-05,3.4445720631016756e-07
846750,2.8637207999615985e-05,3.429527756256576e-07
847000,2.8574602485790893e-05,3.414549156023221e-07
847250,2.851213384738942e-05,3.3996359754297094e-07
847500,2.844980176072078e-05,3.384787928751025e-07
847750,2.8387605956387936e-05,3.3700047315132687e-07
848000,2.8325546128676483e-05,3.3552861004820324e-07
848250,2.8263621954252277e-05,3.3406317536659553e-07
848500,2.8201833157858974e-05,3.3260414102946297e-07
848750,2.8140179451262882e-05,3.3115147908359587e-07
849000,2.807866052268308e-05,3.297051616969282e-07
849250,2.8017276085351598e-05,3.2826516115963255e-07
849500,2.7956025838209737e-05,3.2683144988239804e-07
849750,2.789490950242174e-05,3.254040003968287e-07
850000,2.7833926763772186e-05,3.2398278535422506e-07
850250,2.777307736574732e-05,3.225677775255847e-07
850500,2.771236097946337e-05,3.2115894980011965e-07
850750,2.7651777341296404e-05,3.197562751864784e-07
851000,2.759132614826441e-05,3.183597268104368e-07
851250,2.7531007083353765e-05,3.1696927791581126e-07
851500,2.747081991317577e-05,3.155849018623737e-07
851750,2.741076431923329e-05,3.142065721268283e-07
852000,2.735084000104562e-05,3.128342623020793e-07
852250,2.729104669563354e-05,3.1146794609558654e-07
852500,2.7231384106450816e-05,3.1010759732995563e-07
852750,2.71718519462771e-05,3.087531899420886e-07
853000,2.711244994687735e-05,3.074046979830153e-07
853250,2.7053177803074896e-05,3.060620956165064e-07
853500,2.6994035231403077e-05,3.0472535711987665e-07
853750,2.6935021963708195e-05,3.0339445688239973e-07
854000,2.6876137708181238e-05,3.0206936940509514e-07
854250,2.6817382169706316e-05,3.007500693004746e-07
854500,2.6758755089108844e-05,2.9943653129205617e-07
854750,2.6700256191270392e-05,2.9812873021374435e-07
855000,2.6641885155568662e-05,2.9682664100893015e-07
855250,2.658364172738109e-05,2.955302387314321e-07
855500,2.6525525639407e-05,2.9423949854269194e-07
855750,2.6467536612761874e-05,2.92954395713566e-07
856000,2.6409674353063788e-05,2.9167490562275214e-07
856250,2.635193858130085e-05,2.904010037562387e-07
856500,2.6294329031281055e-05,2.891326657072581e-07
856750,2.623684543715073e-05,2.878698671756816e-07
857000,2.617948749055793e-05,2.8661258396733973e-07
857250,2.6122254953695446e-05,2.853607919940498e-07
857500,2.606514754047023e-05,2.841144672723961e-07
857750,2.6008164965827903e-05,2.828735859240548e-07
858000,2.5951306942760118e-05,2.816381241747799e-07
858250,2.5894573257859578e-05,2.804080583543977e-07
858500,2.5837963563471898e-05,2.791833648956567e-07
858750,2.5781477651901602e-05,2.7796402033503627e-07
859000,2.572511524275199e-05,2.767500013108057e-07
859250,2.5668876021338436e-05,2.7554128456318717e-07
859500,2.561275975896987e-05,2.7433784693464435e-07
859750,2.555676616757586e-05,2.7313966536820816e-07
860000,2.5500895002886598e-05,2.7194671690804054e-07
860250,2.5445145980471493e-05,2.7075897869813517e-07
860500,2.5389518803334976e-05,2.6957642798253537e-07
860750,2.533401327889892e-05,2.6839904210467153e-07
861000,2.5278629073611976e-05,2.6722679850682123e-07
861250,2.5223365956333588e-05,2.6605967472995444e-07
861500,2.5168223660707085e-05,2.648976484132056e-07
861750,2.5113201891692564e-05,2.6374069729285793e-07
862000,2.5058300419330667e-05,2.6258879920323693e-07
862250,2.5003518982459165e-05,2.6144193207463436e-07
862500,2.494885728893913e-05,2.6030007393414014e-07
862750,2.4894315108296345e-05,2.5916320290516357e-07
863000,2.483989213173751e-05,2.580312972060347e-07
863250,2.4785588179396932e-05,2.569043351505342e-07
863500,2.4731402919848494e-05,2.557822951470236e-07
863750,2.467733612932082e-05,2.546651556983592e-07
864000,2.462338753035196e-05,2.5355289540093776e-07
864250,2.45695568828839e-05,2.524454929452187e-07
864500,2.4515843900677307e-05,2.513429271140709e-07
864750,2.4462248344005707e-05,2.5024517678351096e-07
865000,2.4408769962617475e-05,2.4915222092165537e-07
865250,2.4355408494918555e-05,2.480640385884566e-07
865500,2.4302163692117683e-05,2.4698060893527243e-07
865750,2.4249035273385993e-05,2.4590191120468694e-07
866000,2.41960230155998e-05,2.448279247296137e-07
866250,2.414312663286112e-05,2.4375862893364726e-07
866500,2.409034589926865e-05,2.426940033300616e-07
866750,2.4037680572118047e-05,2.4163402752150984e-07
867000,2.3985130351315525e-05,2.4057868120007795e-07
867250,2.393269502871095e-05,2.395279441457953e-07
867500,2.3880374322938292e-05,2.384817962279846e-07
867750,2.3828168009236172e-05,2.3744021740313745e-07
868000,2.3776075827186704e-05,2.3640318771558272e-07
868250,2.3724097531784693e-05,2.3537068729690554e-07
868500,2.3672232856931775e-05,2.3434269636517375e-07
868750,2.3620481587425958e-05,2.3331919522529196e-07
869000,2.3568843434714755e-05,2.323001642677046e-07
869250,2.3517318182527562e-05,2.312855839687435e-07
869500,2.34659055763423e-05,2.3027543488992085e-07
869750,2.3414605351956235e-05,2.292696976778589e-07
870000,2.336341729494217e-05,2.2826835306347792e-07
870250,2.331234113253105e-05,2.2727138186176891e-07
870500,2.326137661067926e-05,2.2627876497202216e-07
870750,2.3210523541818706e-05,2.2529048337626956e-07
871000,2.315978161938451e-05,2.2430651814014578e-07
871250,2.310915064540056e-05,2.2332685041168767e-07
871500,2.3058630365227016e-05,2.223514614212813e-07
871750,2.3008220507023242e-05,2.213803324816791e-07
872000,2.295792087096627e-05,2.2041344498662517e-07
872250,2.2907731159518536e-05,2.1945078041153632e-07
872500,2.2857651214851163e-05,2.184923203126501e-07
872750,2.280768074395515e-05,2.175380463266732e-07
873000,2.275781950336647e-05,2.1658794017073956e-07
873250,2.2708067273191395e-05,2.156419836414035e-07
873500,2.265842380826335e-05,2.1470015861544323e-07
873750,2.2608888873998316e-05,2.1376244704804586e-07
874000,2.255946223435997e-05,2.12828830973502e-07
874250,2.251014364841841e-05,2.118992925047047e-07
874500,2.2460932874259044e-05,2.1097381383261812e-07
874750,2.2411829685513838e-05,2.1005237722566673e-07
875000,2.236283385106987e-05,2.091349650300846e-07
875250,2.231394515073231e-05,2.082215596692375e-07
875500,2.2265163292189935e-05,2.0731214364290464e-07
875750,2.2216488089302254e-05,2.0640669952756563e-07
876000,2.2167919309330276e-05,2.0550520997582929e-07
876250,2.211945666985001e-05,2.046076577159317e-07
876500,2.2071100014569234e-05,2.0371402555168755e-07
876750,2.2022849065983534e-05,2.028242963615961e-07
877000,2.197470360736502e-05,2.0193845309958005e-07
877250,2.1926663397241576e-05,2.0105647879359736e-07
877500,2.1878728209296306e-05,2.0017835654573978e-07
877750,2.1830897807793837e-05,1.993040695321498e-07
878000,2.178317198465997e-05,1.9843360100213407e-07
878250,2.173555047661419e-05,1.9756693427838255e-07
878500,2.168803309291535e-05,1.9670405275646854e-07
878750,2.16406195809104e-05,1.9584493990414442e-07
879000,2.1593309750239548e-05,1.9498957926172453e-07
879250,2.154610331843639e-05,1.9413795444130248e-07
879500,2.1499000091993445e-05,1.9329004912656377e-07
879750,2.145199984072817e-05,1.924458470722658e-07
880000,2.1405102346053957e-05,1.9160533210440477e-07
880250,2.1358307375736708e-05,1.9076848811935706e-07
880500,2.1311614712085667e-05,1.8993529908396456e-07
880750,2.1265024097013255e-05,1.8910574903524593e-07
881000,2.121853535506415e-05,1.8827982207959596e-07
881250,2.1172148263413943e-05,1.8745750239319325e-07
881500,2.112586257045325e-05,1.8663877422094437e-07
881750,2.10796780492211e-05,1.8582362187698725e-07
882000,2.1033594527942448e-05,1.8501202974354515e-07
882250,2.098761170858064e-05,1.8420398227140655e-07
882500,2.094172944644227e-05,1.8339946397905815e-07
882750,2.0895947470049932e-05,1.8259845945258088e-07
883000,2.0850265578469097e-05,1.8180095334559258e-07
883250,2.0804683583605044e-05,1.8100693037852757e-07
883500,2.0759201221790297e-05,1.802163753386843e-07
883750,2.0713818303901948e-05,1.7942927307982417e-07
884000,2.0668534595264405e-05,1.7864560852161073e-07
884250,2.062334986141891e-05,1.7786536664982694e-07
884500,2.057826392206586e-05,1.7708853251575093e-07
884750,2.0533276529978506e-05,1.7631509123596248e-07
885000,2.048838752674104e-05,1.755450279920654e-07
885250,2.0443596643348077e-05,1.7477832803028448e-07
885500,2.0398903671610564e-05,1.740149766613759e-07
885750,2.0354308412916193e-05,1.7325495926024667e-07
886000,2.03098106591421e-05,1.7249826126551485e-07
886250,2.0265410170178543e-05,1.7174486817988426e-07
886500,2.0221106698843644e-05,1.7099476556860202e-07
886750,2.0176900160123295e-05,1.7024793906074242e-07
887000,2.01327902317629e-05,1.6950437434759097e-07
887250,2.008877672477962e-05,1.6876405718327144e-07
887500,2.004485948295309e-05,1.6802697338379177e-07
887750,2.0001038216781363e-05,1.6729310882756234e-07
888000,1.9957312734814257e-05,1.6656244945405854e-07
888250,1.9913682860148825e-05,1.6583498126481025e-07
888500,1.987014836555327e-05,1.6511069032212908e-07
888750,1.9826709056322828e-05,1.64389562749133e-07
889000,1.9783364695446172e-05,1.636715847299015e-07
889250,1.974011511374699e-05,1.629567425084617e-07
889500,1.9696960070668652e-05,1.6224502238917726e-07
889750,1.9653899337585444e-05,1.6153641073600146e-07
890000,1.961093279712069e-05,1.608308939726928e-07
890250,1.9568060173151245e-05,1.6012845858228736e-07
890500,1.952528126445908e-05,1.5942909110657057e-07
890750,1.94825958758248e-05,1.587327781464634e-07
891000,1.944000381592816e-05,1.5803950636110167e-07
891250,1.939750485281719e-05,1.5734926246812587e-07
891500,1.935509880500734e-05,1.5666203324315822e-07
891750,1.9312785487996428e-05,1.5597780551934708e-07
892000,1.927056464046582e-05,1.5529656618754644e-07
892250,1.9228436112794996e-05,1.5461830219602653e-07
892500,1.9186399676863473e-05,1.53943000549662e-07
892750,1.9144455158946386e-05,1.532706483104539e-07
893000,1.9102602306165034e-05,1.526012325964555e-07
893250,1.906084094964576e-05,1.519347405826746e-07
893500,1.9019170908424432e-05,1.5127115949938895e-07
893750,1.8977591982435594e-05,1.506104766332136e-07
894000,1.8936103942554338e-05,1.4995267932596223e-07
894250,1.8894706568641312e-05,1.4929775497487007e-07
894500,1.885339972431714e-05,1.486456910321741e-07
894750,1.8812183194265153e-05,1.4799647500495186e-07
895000,1.8771056744385334e-05,1.4735009445477742e-07
895250,1.8730020231607343e-05,1.4670653699768168e-07
895500,1.868907340804959e-05,1.460657903035787e-07
895750,1.8648216115952697e-05,1.4542784209646065e-07
896000,1.860744812554617e-05,1.4479268015371808e-07
896250,1.856676927029556e-05,1.4416029230625767e-07
896500,1.8526179353522253e-05,1.4353066643810963e-07
896750,1.848567815449954e-05,1.4290379048634416e-07
897000,1.844526552673011e-05,1.4227965244043112e-07
897250,1.840494121467165e-05,1.4165824034246207e-07
897500,1.8364705106431314e-05,1.4103954228681817e-07
897750,1.8324556899055438e-05,1.4042354641968723e-07
898000,1.828449650146098e-05,1.3981024093933585e-07
898250,1.824452366888839e-05,1.3919961409528785e-07
898500,1.8204638228887326e-05,1.3859165418854524e-07
898750,1.8164839967874448e-05,1.379863495709748e-07
899000,1.8125128740072226e-05,1.373836886457375e-07
899250,1.8085504297232222e-05,1.3678365986629053e-07
899500,1.804596649871504e-05,1.3618625173665946e-07
899750,1.8006515143089983e-05,1.3559145281099184e-07
900000,1.7967150016581232e-05,1.3499925169355398e-07
900250,1.792787097430207e-05,1.3440963703829984e-07
900500,1.7888677770032117e-05,1.338225975486481e-07
900750,1.784957026252003e-05,1.332381219775654e-07
901000,1.7810548255979045e-05,1.3265619912700002e-07
901250,1.7771611555715367e-05,1.3207681784794652e-07
901500,1.773275998042948e-05,1.314999670398602e-07
901750,1.7693993336103112e-05,1.3092563565081887e-07
902000,1.7655311435444473e-05,1.3035381267727215e-07
902250,1.761671410970961e-05,1.2978448716344672e-07
902500,1.7578201155772303e-05,1.292176482017608e-07
902750,1.7539772381992382e-05,1.2865328493187225e-07
903000,1.7501427638179568e-05,1.2809138654137468e-07
903250,1.7463166736289674e-05,1.2753194226461792e-07
903500,1.742498945240789e-05,1.2697494138304549e-07
903750,1.738689563594075e-05,1.2642037322541576e-07
904000,1.7348885122299982e-05,1.2586822716642226e-07
904250,1.731095770388288e-05,1.253184926275075e-07
904500,1.7273113167079334e-05,1.2477115907629066e-07
904750,1.7235351392847535e-05,1.24226216026285e-07
905000,1.719767215960845e-05,1.236836530369705e-07
905250,1.7160075288854203e-05,1.2314345971330897e-07
905500,1.7122560616912413e-05,1.2260562570568286e-07
905750,1.708512795807229e-05,1.2207014070963866e-07
906000,1.7047777187791392e-05,1.2153699446586276e-07
906250,1.701050800013863e-05,1.2100617675974482e-07
906500,1.6973320300542377e-05,1.204776774213647e-07
906750,1.693621390805573e-05,1.1995148632491827e-07
907000,1.689918865659877e-05,1.1942759338932804e-07
907250,1.6862244326003726e-05,1.189059885771016e-07
907500,1.6825380747639714e-05,1.1838666189487689e-07
907750,1.6788597788004728e-05,1.1786960339283612e-07
908000,1.675189524703555e-05,1.1735480316457993e-07
908250,1.6715272927205496e-05,1.1684225134688317e-07
908500,1.6678730661985802e-05,1.1633193811988629e-07
908750,1.664226829026362e-05,1.1582385370643784e-07
909000,1.6605885652548127e-05,1.1531798837201673e-07
909250,1.6569582519461314e-05,1.14814332424702e-07
909500,1.6533358758411324e-05,1.1431287621512931e-07
909750,1.649721417576279e-05,1.1381361013563457e-07
910000,1.6461148647674424e-05,1.1331652462080887e-07
910250,1.6425161952356713e-05,1.1282161014694067e-07
910500,1.6389253933120884e-05,1.1232885723181965e-07
910750,1.6353424386795485e-05,1.11838256434917e-07
911000,1.6317673217843783e-05,1.1134979835672898e-07
911250,1.6282000155225148e-05,1.1086347363876862e-07
911500,1.6246405105735896e-05,1.1037927296352848e-07
911750,1.621088787088585e-05,1.0989718705420116e-07
912000,1.6175448293681216e-05,1.0941720667452136e-07
912250,1.6140086179644727e-05,1.0893932262836956e-07
912500,1.6104801381834733e-05,1.0846352575993831e-07
912750,1.6069593689399442e-05,1.0798980695354361e-07
913000,1.603446299440822e-05,1.0751815713302152e-07
913250,1.599940911321412e-05,1.0704856726198986e-07
913500,1.5964431833945618e-05,1.0658102834359605e-07
913750,1.5929531032501032e-05,1.0611553142022734e-07
914000,1.589470653118088e-05,1.0565206757339718e-07
914250,1.585995816766686e-05,1.0519062792352431e-07
914500,1.5825285773225703e-05,1.047312036298412e-07
914750,1.5790689174893114e-05,1.0427378589018671e-07
915000,1.5756168197432022e-05,1.0381836594093641e-07
915250,1.5721722699619245e-05,1.0336493505657955e-07
915500,1.5687352487764824e-05,1.029134845498265e-07
915750,1.565305744793088e-05,1.024640057712896e-07
916000,1.5618837354020485e-05,1.020164901093616e-07
916250,1.558469209125014e-05,1.0157092899004801e-07
916500,1.555062146233523e-05,1.011273138768424e-07
916750,1.5516625308215613e-05,1.0068563627041774e-07
917000,1.548270350443586e-05,1.0024588770882078e-07
917250,1.5448855835878673e-05,9.980805976660076e-08
917500,1.54150821596647e-05,9.937214405559112e-08
917750,1.5381382337586247e-05,9.89381322239025e-08
918000,1.5347756179404653e-05,9.850601595637455e-08
918250,1.5314203546199538e-05,9.807578697397205e-08
918500,1.528072422605911e-05,9.764743703391635e-08
918750,1.5247318127185544e-05,9.722095792944605e-08
919000,1.5213985063406814e-05,9.67963414895533e-08
919250,1.5180724866789268e-05,9.637357957905791e-08
919500,1.5147537373999674e-05,9.595266409817713e-08
919750,1.511442243649868e-05,9.55335869825637e-08
920000,1.5081379901502677e-05,9.511634020308559e-08
920250,1.5048409586442051e-05,9.470091576567554e-08
920500,1.5015511355661339e-05,9.428730571109072e-08
920750,1.4982685051427052e-05,9.387550211514982e-08
921000,1.4949930516585417e-05,9.346549708790427e-08
921250,1.49172475787781e-05,9.305728277420475e-08
921500,1.4884636089295418e-05,9.265085135277819e-08
921750,1.4852095897206277e-05,9.22461950369617e-08
922000,1.4819626861914331e-05,9.184330607382797e-08
922250,1.4787228766110074e-05,9.144217674444001e-08
922500,1.475490153107771e-05,9.104279936350254e-08
922750,1.4722644951488097e-05,9.064516627936639e-08
923000,1.4690458920497351e-05,9.024926987363961e-08
923250,1.465834320328791e-05,8.985510256139329e-08
923500,1.4626297734028062e-05,8.946265679073758e-08
923750,1.45943223197372e-05,8.907192504275475e-08
924000,1.4562416781945564e-05,8.868289983135723e-08
924250,1.4530581023213149e-05,8.829557370320428e-08
924500,1.4498814855721465e-05,8.790993923743322e-08
924750,1.4467118129579478e-05,8.75259890457474e-08
925000,1.4435490706271845e-05,8.71437157718879e-08
925250,1.4403932413835709e-05,8.676311209186974e-08
925500,1.4372443126466252e-05,8.638417071375194e-08
925750,1.434102264631571e-05,8.600688437736342e-08
926000,1.4309670895455663e-05,8.563124585415824e-08
926250,1.4278387656898863e-05,8.525724794732204e-08
926500,1.4247172828211155e-05,8.488488349130376e-08
926750,1.421602623154536e-05,8.4514145352111e-08
927000,1.4184947735348926e-05,8.414502642657578e-08
927250,1.4153937166369397e-05,8.377751964282331e-08
927500,1.4122994391392599e-05,8.341161795966107e-08
927750,1.409211927098617e-05,8.30473143668011e-08
928000,1.406131165347033e-05,8.268460188452919e-08
928250,1.4030571379170814e-05,8.23234735635572e-08
928500,1.3999898306863261e-05,8.196392248501791e-08
928750,1.3969292282497387e-05,8.160594176032929e-08
929000,1.3938753187049158e-05,8.124952453076866e-08
929250,1.3908280844890029e-05,8.089466396781505e-08
929500,1.3877875124674852e-05,8.054135327255007e-08
929750,1.3847535873108706e-05,8.018958567605965e-08
930000,1.3817262959151517e-05,7.983935443855331e-08
930250,1.3787056221345928e-05,7.949065285012396e-08
930500,1.3756915491890367e-05,7.914347422985299e-08
930750,1.3726840673783262e-05,7.879781192619407e-08
931000,1.3696831606541874e-05,7.845365931653856e-08
931250,1.3666888163653069e-05,7.811100980717355e-08
931500,1.3637010146597453e-05,7.776985683335284e-08
931750,1.3607197483139324e-05,7.743019385884393e-08
932000,1.3577449966327094e-05,7.709201437600705e-08
932250,1.354776748685357e-05,7.675531190557231e-08
932500,1.3518149900797988e-05,7.642007999680526e-08
932750,1.3488597057154524e-05,7.60863122268345e-08
933000,1.3459108849703596e-05,7.575400220103079e-08
933250,1.3429685077915639e-05,7.542314355262508e-08
933500,1.3400325663826895e-05,7.509372994262155e-08
933750,1.3371030395821752e-05,7.476575505974499e-08
934000,1.3341799198859767e-05,7.443921262040616e-08
934250,1.3312631876351446e-05,7.411409636825943e-08
934500,1.3283528333708e-05,7.379040007435976e-08
934750,1.3254488427671448e-05,7.346811753709255e-08
935000,1.3225512007756511e-05,7.314724258178544e-08
935250,1.3196598924329021e-05,7.282776906068054e-08
935500,1.3167749045116454e-05,7.250969085303549e-08
935750,1.3138962238235945e-05,7.219300186469719e-08
936000,1.3110238356570526e-05,7.187769602826278e-08
936250,1.3081577302054159e-05,7.156376730274501e-08
936500,1.3052978892501373e-05,7.125120967356555e-08
936750,1.3024442975080319e-05,7.094001715237178e-08
937000,1.2995969479846842e-05,7.063018377700699e-08
937250,1.2967558198419238e-05,7.03217036113631e-08
937500,1.2939209051481859e-05,7.001457074519566e-08
937750,1.291092188011555e-05,6.9708779294203e-08
938000,1.2882696532091043e-05,6.940432339963323e-08
938250,1.2854532912463762e-05,6.910119722844904e-08
938500,1.2826430825473018e-05,6.879939497298547e-08
938750,1.2798390204990195e-05,6.849891085094469e-08
939000,1.2770410864673162e-05,6.819973910541642e-08
939250,1.2742492724050757e-05,6.790187400450788e-08
939500,1.2714635606037297e-05,6.76053098413561e-08
939750,1.2686839377310495e-05,6.731004093413598e-08
940000,1.265910391748287e-05,6.701606162573263e-08
940250,1.2631429106332012e-05,6.672336628373925e-08
940500,1.2603814771897055e-05,6.643194930040767e-08
940750,1.2576260831427601e-05,6.614180509243024e-08
941000,1.2548767104281449e-05,6.585292810094639e-08
941250,1.2521333501951721e-05,6.55653127913505e-08
941500,1.2493959876215347e-05,6.52789536531888e-08
941750,1.2466646075866824e-05,6.499384520011528e-08
942000,1.2439391985760517e-05,6.470998196959505e-08
942250,1.2412197496437696e-05,6.442735852313172e-08
942500,1.2385062468637689e-05,6.414596944593078e-08
942750,1.2357986728880641e-05,6.386580934684353e-08
943000,1.2330970199626384e-05,6.358687285824126e-08
943250,1.23040127253886e-05,6.330915463594232e-08
943500,1.2277114198475994e-05,6.303264935913817e-08
943750,1.2250274464457668e-05,6.275735173021126e-08
944000,1.2223493401117626e-05,6.24832564747648e-08
944250,1.2196770876677887e-05,6.22103583413229e-08
944500,1.2170106802658145e-05,6.193865210147066e-08
944750,1.2143501010149162e-05,6.166813254951879e-08
945000,1.2116953382254157e-05,6.139879450259215e-08
945250,1.2090463775469213e-05,6.113063280043717e-08
945500,1.2064032082859407e-05,6.086364230528008e-08
945750,1.2037658206336335e-05,6.059781790181469e-08
946000,1.2011341937705256e-05,6.033315449710258e-08
946250,1.1985083229401332e-05,6.006964702044933e-08
946500,1.1958881935786858e-05,5.980729042327432e-08
946750,1.1932737916696272e-05,5.954607967909038e-08
947000,1.1906651024323556e-05,5.9286009783328114e-08
947250,1.1880621188601505e-05,5.90270757532875e-08
947500,1.1854648255255216e-05,5.876927262804147e-08
947750,1.1828732090836759e-05,5.851259546825157e-08
948000,1.1802872606607016e-05,5.82570393562939e-08
948250,1.1777069641418452e-05,5.800259939592723e-08
948500,1.17513230868955e-05,5.774927071230493e-08
948750,1.1725632808822352e-05,5.749704845185555e-08
949000,1.1699998712839612e-05,5.724592778229083e-08
949250,1.1674420639731545e-05,5.699590389234904e-08
949500,1.1648898493828408e-05,5.6746971991767875e-08
949750,1.1623432130437665e-05,5.649912731128183e-08
950000,1.1598021448770684e-05,5.6252365102358095e-08
950250,1.1572666338113066e-05,5.6006680637308705e-08
950500,1.1547366635203268e-05,5.576206920905729e-08
950750,1.1522122251643342e-05,5.5518526130995746e-08
951000,1.1496933051460843e-05,5.5276046737152365e-08
951250,1.1471798915947999e-05,5.5034626381818705e-08
951500,1.1446719736885434e-05,5.4794260439569426e-08
951750,1.1421695362380125e-05,5.4554944305216745e-08
952000,1.1396725716439356e-05,5.431667339367095e-08
952250,1.1371810672701919e-05,5.407944313993619e-08
952500,1.1346950067034448e-05,5.384324899885758e-08
952750,1.1322143838596015e-05,5.3608086445189585e-08
953000,1.1297391792370684e-05,5.33739509733952e-08
953250,1.1272693911048674e-05,5.314083809767431e-08
953500,1.1248049984416388e-05,5.2908743351812364e-08
953750,1.1223459967768542e-05,5.267766228909841e-08
954000,1.1198923690766922e-05,5.244759048217629e-08
954250,1.117444105010028e-05,5.2218523523136875e-08
954500,1.1150011939533451e-05,5.1990457023245676e-08
954750,1.1125636221873842e-05,5.1763386612919184e-08
955000,1.1101313810886415e-05,5.153730794178683e-08
955250,1.1077044570306514e-05,5.131221667828207e-08
955500,1.1052828371709349e-05,5.10881085099019e-08
955750,1.1028665123320107e-05,5.086497914298596e-08
956000,1.1004554693085216e-05,5.0642824302516006e-08
956250,1.0980496975908578e-05,5.0421639732244975e-08
956500,1.0956491878987527e-05,5.0201421194493084e-08
956750,1.0932539232524985e-05,4.998216447004111e-08
957000,1.0908638942554353e-05,4.976386535810584e-08
957250,1.0884790931765948e-05,4.954651967634063e-08
957500,1.0860995034294812e-05,4.933012326056963e-08
957750,1.0837251167768344e-05,4.911467196480986e-08
958000,1.081355919900235e-05,4.890016166126646e-08
958250,1.078991904156943e-05,4.868658824010732e-08
958500,1.076633053698561e-05,4.847394760941528e-08
958750,1.0742793648470368e-05,4.826223569526779e-08
959000,1.0719308177578266e-05,4.8051448441384927e-08
959250,1.0695874049138554e-05,4.784158180925671e-08
959500,1.0672491173461267e-05,4.763263177813131e-08
959750,1.0649159394335327e-05,4.742459434463021e-08
960000,1.0625878612695071e-05,4.721746552297476e-08
960250,1.0602648751674568e-05,4.7011241344795274e-08
960500,1.0579469677595834e-05,4.680591785898209e-08
960750,1.0556341278827266e-05,4.660149113172144e-08
961000,1.053326340929914e-05,4.639795724643852e-08
961250,1.0510236003093368e-05,4.619531230356889e-08
961500,1.0487258970327614e-05,4.5993552420651223e-08
961750,1.046433212187778e-05,4.579267373211128e-08
962000,1.0441455426339096e-05,4.5592672389312e-08
962250,1.0418628752163643e-05,4.539354456041119e-08
962500,1.0395851978261825e-05,4.519528643029928e-08
962750,1.0373124965328814e-05,4.4997894200560325e-08
963000,1.0350447653705546e-05,4.48013640892551e-08
963250,1.032781992609274e-05,4.460569233112493e-08
963500,1.0305241669285179e-05,4.4410875177263015e-08
963750,1.0282712741468705e-05,4.421690889517745e-08
964000,1.0260233105520106e-05,4.4023789768571207e-08
964250,1.0237802583642263e-05,4.3831514097527277e-08
964500,1.0215421116103763e-05,4.3640078198212834e-08
964750,1.0193088593657113e-05,4.344947840288661e-08
965000,1.0170804861072939e-05,4.325971105982407e-08
965250,1.0148569882224732e-05,4.307077253321808e-08
965500,1.0126383462378983e-05,4.2882659203235115e-08
965750,1.0104245578403933e-05,4.269536746580337e-08
966000,1.0082156070134805e-05,4.25088937325305e-08
966250,1.0060114866335899e-05,4.2323234430782563e-08
966500,1.0038121841753344e-05,4.2138386003483774e-08
966750,1.0016176919499565e-05,4.195434490912608e-08
967000,9.994279945694082e-06,4.177110762170335e-08
967250,9.972430870808462e-06,4.1588670630437415e-08
967500,9.950629535784508e-06,4.1407030440026685e-08
967750,9.928875868404516e-06,4.122618357048422e-08
968000,9.907169757824048e-06,4.104612655693247e-08
968250,9.88551111184485e-06,4.086685594958331e-08
968500,9.863899813401336e-06,4.068836831381396e-08
968750,9.842335735284129e-06,4.051066022996652e-08
969000,9.820818821279756e-06,4.033372829328848e-08
969250,9.799348941435009e-06,4.0157569114006386e-08
969500,9.777926012049492e-06,3.9982179317000705e-08
969750,9.756549885878095e-06,3.980755554194957e-08
970000,9.735220512505192e-06,3.963369444327302e-08
970250,9.713937771275838e-06,3.9460592689962077e-08
970500,9.69270154426703e-06,3.9288246965480446e-08
970750,9.67151176823097e-06,3.911665396785118e-08
971000,9.65036828916088e-06,3.894581040954078e-08
971250,9.629271043572378e-06,3.877571301738517e-08
971500,9.608219914262832e-06,3.860635853239499e-08
971750,9.587214823582432e-06,3.843774370991367e-08
972000,9.566255629598276e-06,3.826986531943382e-08
972250,9.545342275959306e-06,3.8102720144561754e-08
972500,9.524474614425185e-06,3.793630498297048e-08
972750,9.503652602818706e-06,3.777061664629864e-08
973000,9.48287611009145e-06,3.760565196008809e-08
973250,9.462145011650147e-06,3.744140776380694e-08
973500,9.441459266429864e-06,3.727788091061649e-08
973750,9.420818714849128e-06,3.7115068267509205e-08
974000,9.400223317295604e-06,3.6952966715208564e-08
974250,9.379672914343987e-06,3.6791573147886006e-08
974500,9.359167448702446e-06,3.663088447347544e-08
974750,9.338706815545418e-06,3.647089761332793e-08
975000,9.318290904594018e-06,3.6311609502170404e-08
975250,9.297919641033538e-06,3.6153017088257294e-08
975500,9.277592901033356e-06,3.5995117333139765e-08
975750,9.257310596379938e-06,3.583790721149352e-08
976000,9.23707266079349e-06,3.5681383711373375e-08
976250,9.216878939722526e-06,3.552554383393304e-08
976500,9.196729343940646e-06,3.537038459340254e-08
976750,9.17662384769205e-06,3.5215903017105024e-08
977000,9.156562273852414e-06,3.5062096145267035e-08
977250,9.136544569330444e-06,3.49089610311551e-08
977500,9.116570631184613e-06,3.4756494740816474e-08
977750,9.096640354688797e-06,3.4604694353133204e-08
978000,9.07675362715745e-06,3.4453556959687776e-08
978250,9.056910386008468e-06,3.430307966491475e-08
978500,9.037110550891255e-06,3.415325958578124e-08
978750,9.017353972436872e-06,3.4004093851818754e-08
979000,8.997640603844843e-06,3.385557960521791e-08
979250,8.977970313171856e-06,3.370771400056193e-08
979500,8.958343038564754e-06,3.356049420485303e-08
979750,8.938758689713921e-06,3.341391739752027e-08
980000,8.919217119633411e-06,3.3267980770335455e-08
980250,8.899718287738019e-06,3.3122681527166326e-08
980500,8.880262086062066e-06,3.2978016884329e-08
980750,8.860848411465776e-06,3.283398407012565e-08
981000,8.841477184071612e-06,3.269058032498995e-08
981250,8.822148300118406e-06,3.254780290149894e-08
981500,8.802861660399378e-06,3.240564906412965e-08
981750,8.783617213093413e-06,3.226411608935004e-08
982000,8.764414833882573e-06,3.212320126555444e-08
982250,8.745254405988541e-06,3.198290189288457e-08
982500,8.72613588981305e-06,3.184321528337205e-08
982750,8.707059171291142e-06,3.170413876073933e-08
983000,8.688024146357638e-06,3.156566966037673e-08
983250,8.669030729662028e-06,3.1427805329395955e-08
983500,8.650078850337087e-06,3.1290543126438774e-08
983750,8.631168396205296e-06,3.115388042164398e-08
984000,8.612299281777537e-06,3.101781459671788e-08
984250,8.593471417536312e-06,3.0882343044739326e-08
984500,8.574684717003502e-06,3.0747463170196483e-08
984750,8.555939083223197e-06,3.0613172388910916e-08
985000,8.537234420937687e-06,3.047946812800224e-08
985250,8.518570671101383e-06,3.034634782584862e-08
985500,8.49994773171509e-06,3.0213808931956676e-08
985750,8.481365470662359e-06,3.008184890701737e-08
986000,8.462823871785099e-06,2.9950465222771484e-08
986250,8.444322781768805e-06,2.9819655362073045e-08
986500,8.425862130156708e-06,2.9689416818674743e-08
986750,8.40744185157754e-06,2.9559747097363238e-08
987000,8.38906184244851e-06,2.9430643713749986e-08
987250,8.37072201038118e-06,2.9302104194357477e-08
987500,8.352422291115798e-06,2.9174126076509972e-08
987750,8.33416255684458e-06,2.904670690820569e-08
988000,8.315942738757447e-06,2.891984424824329e-08
988250,8.297762781339008e-06,2.879353566605799e-08
988500,8.279622524090499e-06,2.8667778741688096e-08
988750,8.26152194360274e-06,2.854257106571458e-08
989000,8.24346094300093e-06,2.8417910239322646e-08
989250,8.225439421555685e-06,2.8293793874053204e-08
989500,8.207457287298464e-06,2.8170219592049468e-08
989750,8.189514488567249e-06,2.804718502563652e-08
990000,8.171610904515533e-06,2.792468781767217e-08
990250,8.153746458082008e-06,2.780272562116119e-08
990500,8.135921051657714e-06,2.768129609945134e-08
990750,8.118134637613891e-06,2.7560396926063094e-08
991000,8.10038709221784e-06,2.7440025784655887e-08
991250,8.082678352634307e-06,2.732018036903885e-08
991500,8.065008333722543e-06,2.7200858383113817e-08
991750,8.04737694438163e-06,2.7082057540721692e-08
992000,8.029784090433886e-06,2.696377556582502e-08
992250,8.012229682254067e-06,2.6846010192207582e-08
992500,7.994713676648455e-06,2.6728759163546147e-08
992750,7.977235945159762e-06,2.661202023349297e-08
993000,7.959796446369438e-06,2.649579116541042e-08
993250,7.942395064743939e-06,2.638006973244181e-08
993500,7.92503172176608e-06,2.6264853717497287e-08
993750,7.907706345395736e-06,2.6150140913108046e-08
994000,7.890418805085418e-06,2.6035929121521176e-08
994250,7.873169111094539e-06,2.5922216154493034e-08
994500,7.855957095863543e-06,2.5808999833441734e-08
994750,7.838782719998975e-06,2.569627798919697e-08
995000,7.821645892762375e-06,2.558404846214539e-08
995250,7.804546508121769e-06,2.5472309102076533e-08
995500,7.787484545019326e-06,2.5361057768156858e-08
995750,7.770459858165965e-06,2.5250292328871823e-08
996000,7.75347237628326e-06,2.514001066211021e-08
996250,7.736522070095517e-06,2.5030210654965534e-08
996500,7.719608782461788e-06,2.492089020376427e-08
996750,7.702732488986346e-06,2.4812047214017574e-08
997000,7.68589308145298e-06,2.4703679600389163e-08
997250,7.669090498379035e-06,2.459578528669506e-08
997500,7.652324633557399e-06,2.4488362205741014e-08
997750,7.635595440723556e-06,2.438140829940232e-08
998000,7.61890279913291e-06,2.4274921518545727e-08
998250,7.602246672583872e-06,2.4168899822998967e-08
998500,7.585626942766246e-06,2.4063341181483848e-08
998750,7.569043553211677e-06,2.3958243571543137e-08
999000,7.552496414124874e-06,2.3853604979661167e-08
999250,7.535985445101159e-06,2.3749423401006833e-08
999500,7.5195105771196005e-06,2.364569683958694e-08
999750,7.503071722269575e-06,2.354242330808079e-08
1000000,7.486668803059317e-06,2.343960082788984e-08
1000250,7.470301748808774e-06,2.3337227429023265e-08
1000500,7.453970493028015e-06,2.323530115006266e-08
1000750,7.437674918304065e-06,2.3133820038256957e-08
1001000,7.421414990130799e-06,2.3032782149247627e-08
1001250,7.405190576259317e-06,2.2932185547291323e-08
1001500,7.389001645455651e-06,2.283202830504946e-08
1001750,7.372848100911959e-06,2.2732308503584417e-08
1002000,7.356729874454946e-06,2.263302423236394e-08
1002250,7.340646903277901e-06,2.253417358917721e-08
1002500,7.324599073092842e-06,2.2435754680139787e-08
1002750,7.308586328693919e-06,2.2337765619647666e-08
1003000,7.292608578089603e-06,2.224020453030019e-08
1003250,7.2766657864939425e-06,2.2143069542964915e-08
1003500,7.260757830361867e-06,2.2046358796578648e-08
1003750,7.2448846660727796e-06,2.1950070438231382e-08
1004000,7.229046185503295e-06,2.185420262318455e-08
1004250,7.213242322486434e-06,2.175875351465871e-08
1004500,7.1974730290386e-06,2.1663721283936563e-08
1004750,7.1817382053715635e-06,2.1569104110318666e-08
1005000,7.166037775494143e-06,2.1474900181016764e-08
1005250,7.150371661895892e-06,2.1381107691142028e-08
1005500,7.134739819955116e-06,2.128772484373427e-08
1005750,7.1191421404367346e-06,2.1194749849649377e-08
1006000,7.103578560556843e-06,2.1102180927628854e-08
1006250,7.088048993370758e-06,2.1010016304067933e-08
1006500,7.072553413269091e-06,2.091825421319326e-08
1006750,7.057091662955345e-06,2.082689289694503e-08
1007000,7.041663732082901e-06,2.073593060493822e-08
1007250,7.026269526975981e-06,2.0645365594382803e-08
1007500,7.010908961543344e-06,2.0555196130144294e-08
1007750,6.995582009139321e-06,2.046542048469239e-08
1008000,6.980288548246786e-06,2.0376036937960318e-08
1008250,6.965028528178448e-06,2.0287043777466123e-08
1008500,6.949801856066445e-06,2.0198439298191945e-08
1008750,6.934608489519718e-06,2.011022180250318e-08
1009000,6.9194483357404075e-06,2.0022389600294063e-08
1009250,6.9043213089369556e-06,1.9934941008738105e-08
1009500,6.889227353048702e-06,1.9847874352449866e-08
1009750,6.874166407244063e-06,1.976118796327614e-08
1010000,6.859138381455343e-06,1.967488018036586e-08
1010250,6.844143200038138e-06,1.9588949350191182e-08
1010500,6.829180821656185e-06,1.9503393826337552e-08
1010750,6.8142511341943366e-06,1.9418211969702628e-08
1011000,6.799354084726377e-06,1.9333402148231706e-08
1011250,6.784489627528488e-06,1.9248962737066028e-08
1011500,6.769657639805611e-06,1.9164892118418563e-08
1011750,6.7548580990639985e-06,1.908118868160056e-08
1012000,6.740090880835042e-06,1.8997850822882904e-08
1012250,6.725355972940052e-06,1.891487694559697e-08
1012500,6.710653270953466e-06,1.8832265460065784e-08
1012750,6.695982701864284e-06,1.8750014783516693e-08
1013000,6.681344226772343e-06,1.8668123340109955e-08
1013250,6.666737741410862e-06,1.858658956085622e-08
1013500,6.652163188960005e-06,1.850541188370438e-08
1013750,6.637620495699188e-06,1.842458875330405e-08
1014000,6.623109601950481e-06,1.8344118621167006e-08
1014250,6.608630432572301e-06,1.826399994556578e-08
1014500,6.594182887284444e-06,1.8184231191492524e-08
1014750,6.5797669733191676e-06,1.8104810830660573e-08
1015000,6.56538254529488e-06,1.802573734144399e-08
1015250,6.551029573891916e-06,1.7947009208858107e-08
1015500,6.536707971602738e-06,1.786862492457957e-08
1015750,6.522417675812747e-06,1.7790582986793932e-08
1016000,6.508158645254118e-06,1.7712881900321037e-08
1016250,6.493930751054321e-06,1.7635520176469047e-08
1016500,6.479733980508729e-06,1.7558496333061038e-08
1016750,6.465568258382485e-06,1.748180889436521e-08
1017000,6.4514334870239446e-06,1.740545639112474e-08
1017250,6.437329619506027e-06,1.7329437360504236e-08
1017500,6.423256602563849e-06,1.7253750346082677e-08
1017750,6.4092143279960425e-06,1.717839389770887e-08
1018000,6.3952027522611886e-06,1.7103366571672094e-08
1018250,6.381221847571177e-06,1.702866693051709e-08
1018500,6.367271466090853e-06,1.6954293543017002e-08
1018750,6.353351586632138e-06,1.6880244984287292e-08
1019000,6.339462148877004e-06,1.6806519835596863e-08
1019250,6.325603076896563e-06,1.6733116684467455e-08
1019500,6.311774293699982e-06,1.6660034124570647e-08
1019750,6.297975739745734e-06,1.6587270755679817e-08
1020000,6.284207384325147e-06,1.6514825183714577e-08
1020250,6.270469097985207e-06,1.644269602069381e-08
1020500,6.256760841778187e-06,1.637088188470648e-08
1020750,6.243082570924708e-06,1.6299381399831872e-08
1021000,6.229434192828044e-06,1.6228193196184577e-08
1021250,6.21581563788115e-06,1.6157315909902292e-08
1021500,6.2022268847676755e-06,1.6086748182993e-08
1021750,6.188667827828848e-06,1.6016488663496137e-08
1022000,6.175138390364683e-06,1.594653600524424e-08
1022250,6.16163857031107e-06,1.5876888868050073e-08
1022500,6.148168219624579e-06,1.5807545917536058e-08
1022750,6.13472734678057e-06,1.573850582514419e-08
1023000,6.1213158649508285e-06,1.5669767268140097e-08
1023250,6.107933693812457e-06,1.5601328929527746e-08
1023500,6.094580773014492e-06,1.553318949810838e-08
1023750,6.0812570522981295e-06,1.5465347668380892e-08
1024000,6.067962434573192e-06,1.539780214058851e-08
1024250,6.0546969145015395e-06,1.5330551620606276e-08
1024500,6.0414603722380725e-06,1.5263594819957493e-08
1024750,6.028252780182915e-06,1.5196930455836592e-08
1025000,6.015074053770758e-06,1.5130557251027302e-08
1025250,6.001924154473093e-06,1.5064473933833727e-08
1025500,5.988802994153276e-06,1.4998679238176977e-08
1025750,5.975710496628131e-06,1.4933171903509776e-08
1026000,5.962646649269751e-06,1.4867950674723637e-08
1026250,5.949611336554984e-06,1.4803014302300224e-08
1026500,5.936604544333557e-06,1.4738361542105813e-08
1026750,5.923626185226746e-06,1.4673991155409774e-08
1027000,5.9106761870893265e-06,1.4609901908983936e-08
1027250,5.897754511887475e-06,1.4546092574916854e-08
1027500,5.884861069507425e-06,1.4482561930685806e-08
1027750,5.8719958139103595e-06,1.4419308759089039e-08
1028000,5.859158696584052e-06,1.4356331848257002e-08
1028250,5.846349648994453e-06,1.4293629991623379e-08
1028500,5.83356857756019e-06,1.4231201987864542e-08
1028750,5.820815485739957e-06,1.4169046640925076e-08
1029000,5.8080902563921014e-06,1.4107162759948921e-08
1029250,5.795392835672463e-06,1.4045549159335143e-08
1029500,5.782723185372942e-06,1.3984204658575836e-08
1029750,5.770081214188551e-06,1.3923128082399504e-08
1030000,5.757466902114479e-06,1.3862318260610646e-08
1030250,5.744880167150346e-06,1.3801774028166985e-08
1030500,5.732320924845645e-06,1.3741494225078532e-08
1030750,5.719789167713846e-06,1.368147769648225e-08
1031000,5.707284797178231e-06,1.362172329245845e-08
1031250,5.694807764513613e-06,1.3562229868230221e-08
1031500,5.6823580096815715e-06,1.3502996283908724e-08
1031750,5.669935452020584e-06,1.3444021404636512e-08
1032000,5.657540070368344e-06,1.3385304100526824e-08
1032250,5.645171789203092e-06,1.332684324660756e-08
1032500,5.632830541657793e-06,1.3268637722822838e-08
1032750,5.6205162760099035e-06,1.3210686413988398e-08
1033000,5.608228937512138e-06,1.3152988209831283e-08
1033250,5.595968440791449e-06,1.3095542004891769e-08
1033500,5.583734742489926e-06,1.3038346698561778e-08
1033750,5.571527812804521e-06,1.2981401195039061e-08
1034000,5.559347576718467e-06,1.2924704403268073e-08
1034250,5.547193952636141e-06,1.2868255237034453e-08
1034500,5.535066908728313e-06,1.2812052614794659e-08
1034750,5.522966362845552e-06,1.275609545976225e-08
1035000,5.51089227781426e-06,1.2700382699856667e-08
1035250,5.498844593750178e-06,1.2644913267686422e-08
1035500,5.486823217923503e-06,1.2589686100467049e-08
1035750,5.474828154044862e-06,1.2534700140121423e-08
1036000,5.462859305851822e-06,1.2479954333167756e-08
1036250,5.4509166094636e-06,1.2425447630714274e-08
1036500,5.439000049669961e-06,1.2371178988492097e-08
1036750,5.427109524911034e-06,1.2317147366756193e-08
1037000,5.415245000477082e-06,1.2263351730295844e-08
1037250,5.403406410578281e-06,1.2209791048436675e-08
1037500,5.391593682449276e-06,1.2156464294996739e-08
1037750,5.379806820718339e-06,1.2103370448315085e-08
1038000,5.3680457049474e-06,1.2050508491114615e-08
1038250,5.356310278066983e-06,1.1997877410650794e-08
1038500,5.344600532098664e-06,1.1945476198554353e-08
1038750,5.332916393668562e-06,1.1893303850844779e-08
1039000,5.321257780983017e-06,1.1841359367974737e-08
1039250,5.30962467470786e-06,1.1789641754701791e-08
1039500,5.298016994972601e-06,1.1738150020182857e-08
1039750,5.286434690878685e-06,1.1686883177877483e-08
1040000,5.274877670786469e-06,1.1635840245572548e-08
1040250,5.2633459390257345e-06,1.158502024531928e-08
1040500,5.251839429602775e-06,1.1534422203478397e-08
1040750,5.240358080026606e-06,1.1484045150614288e-08
1041000,5.22890181368236e-06,1.1433888121560305e-08
1041250,5.217470601450388e-06,1.1383950155351555e-08
1041500,5.206064395537147e-06,1.1334230295207474e-08
1041750,5.1946830916430795e-06,1.1284727588536862e-08
1042000,5.1833266859648986e-06,1.1235441086935393e-08
1042250,5.1719951103022875e-06,1.1186369846111794e-08
1042500,5.1606882988910085e-06,1.1137512925911256e-08
1042750,5.1494062067863626e-06,1.1088869390250809e-08
1043000,5.1381487827354585e-06,1.1040438307207017e-08
1043250,5.126915979592423e-06,1.0992218748858388e-08
1043500,5.11570771355704e-06,1.0944209791365302e-08
1043750,5.104523965043446e-06,1.0896410514921558e-08
1044000,5.093364654376867e-06,1.0848820003734312e-08
1044250,5.082229759739431e-06,1.0801437346033465e-08
1044500,5.071119178511836e-06,1.0754261633995147e-08
1044750,5.060032902277038e-06,1.0707291963775726e-08
1045000,5.048970862544218e-06,1.0660527435467978e-08
1045250,5.037933007124356e-06,1.0613967153117083e-08
1045500,5.026919274485718e-06,1.0567610224668407e-08
1045750,5.015929624427738e-06,1.0521455761986487e-08
1046000,5.0049639980703795e-06,1.0475502880767785e-08
1046250,4.994022366515893e-06,1.042975070059677e-08
1046500,4.983104624154508e-06,1.0384198344917164e-08
1046750,4.972210759300795e-06,1.0338844940971817e-08
1047000,4.961340720852153e-06,1.0293689619848476e-08
1047250,4.950494423277107e-06,1.024873151641826e-08
1047500,4.939671861892104e-06,1.0203969769302959e-08
1047750,4.928872952827177e-06,1.0159403520909073e-08
1048000,4.918097631639864e-06,1.0115031917405384e-08
1048250,4.907345899834862e-06,1.0070854108667688e-08
1048500,4.896617643961652e-06,1.002686924826105e-08
1048750,4.885912866164304e-06,9.983076493513778e-09
1049000,4.875231481735365e-06,9.939475005375241e-09
1049250,4.864573453061194e-06,9.896063948496456e-09
1049500,4.853938723165376e-06,9.852842491154227e-09
1049750,4.8433272175939884e-06,9.809809805261073e-09
1050000,4.8327389373523534e-06,9.76696506636601e-09
1050250,4.822173807077183e-06,9.724307453572708e-09
1050500,4.811631763924851e-06,9.681836149618425e-09
1050750,4.80111275461488e-06,9.63955034078549e-09
1051000,4.790616765303982e-06,9.597449216942145e-09
1051250,4.780143706451269e-06,9.555531971447475e-09
1051500,4.769693560402285e-06,9.513797801217279e-09
1051750,4.7592662357827016e-06,9.47224590663059e-09
1052000,4.748861739189279e-06,9.430875491623107e-09
1052250,4.7384799399146116e-06,9.38968576355722e-09
1052500,4.728120896418489e-06,9.348675933294427e-09
1052750,4.717784444755581e-06,9.307845215112499e-09
1053000,4.7074706184473835e-06,9.267192826722081e-09
1053250,4.69717933545241e-06,9.226717989276134e-09
1053500,4.686910558758605e-06,9.186419927303217e-09
1053750,4.676664219286519e-06,9.146297868737e-09
1054000,4.666440288831592e-06,9.106351044886263e-09
1054250,4.656238712055939e-06,9.066578690382835e-09
1054500,4.6460594183648055e-06,9.026980043246285e-09
1054750,4.635902378652445e-06,8.987554344801628e-09
1055000,4.625767575472495e-06,8.94830083966439e-09
1055250,4.615654892014801e-06,8.909218775789844e-09
1055500,4.605564345500119e-06,8.870307404385758e-09
1055750,4.595495834012702e-06,8.831565979980993e-09
1056000,4.585449359510197e-06,8.792993760293747e-09
1056250,4.575424824264218e-06,8.754590006328378e-09
1056500,4.565422221592653e-06,8.716353982308364e-09
1056750,4.555441478341645e-06,8.678284955646405e-09
1057000,4.545482557134391e-06,8.640382196990743e-09
1057250,4.5355453917962856e-06,8.602644980166178e-09
1057500,4.525629994337572e-06,8.565072582146105e-09
1057750,4.515736224729941e-06,8.527664283085089e-09
1058000,4.505864121911751e-06,8.490419366280733e-09
1058250,4.496013563324224e-06,8.453337118153145e-09
1058500,4.486184561482021e-06,8.416416828232754e-09
1058750,4.476377043098152e-06,8.379657789160979e-09
1059000,4.466590978528808e-06,8.343059296672257e-09
1059250,4.456826306991962e-06,8.306620649566935e-09
1059500,4.4470829566412655e-06,8.270341149723738e-09
1059750,4.437360929317556e-06,8.2342201020384e-09
1060000,4.427660138831488e-06,8.198256814481548e-09
1060250,4.417980573042399e-06,8.162450598031949e-09
1060500,4.40832216169654e-06,8.126800766659413e-09
1060750,4.3986848575812e-06,8.091306637388222e-09
1061000,4.389068651583697e-06,8.0559675301438e-09
1061250,4.379473437890396e-06,8.020782767867416e-09
1061500,4.36989920488016e-06,7.985751676443678e-09
1061750,4.360345897754675e-06,7.950873584731601e-09
1062000,4.350813492252319e-06,7.916147824482876e-09
1062250,4.3413019230304345e-06,7.881573730394314e-09
1062500,4.331811134155439e-06,7.847150640042911e-09
1062750,4.322341111792715e-06,7.81287789391905e-09
1063000,4.312891770193119e-06,7.77875483540462e-09
1063250,4.303463103721243e-06,7.74478081072342e-09
1063500,4.294055067925844e-06,7.71095516896003e-09
1063750,4.284667554014586e-06,7.677277262027423e-09
1064000,4.275300588623205e-06,7.643746444728282e-09
1064250,4.265954095326675e-06,7.610362074599488e-09
1064500,4.256628060672143e-06,7.57712351205951e-09
1064750,4.247322384767771e-06,7.544030120269246e-09
1065000,4.238037048907662e-06,7.511081265187377e-09
1065250,4.22877202937388e-06,7.478276315589945e-09
1065500,4.21952725729831e-06,7.445614642914523e-09
1065750,4.210302701775176e-06,7.413095621414741e-09
1066000,4.201098293847836e-06,7.380718628039021e-09
1066250,4.191914024552631e-06,7.348483042472925e-09
1066500,4.182749841775093e-06,7.31638824712021e-09
1066750,4.173605680618849e-06,7.284433627082522e-09
1067000,4.164481498174186e-06,7.252618570140455e-09
1067250,4.1553772929345385e-06,7.2209424667334325e-09
1067500,4.1462929620932694e-06,7.189404709984049e-09
1067750,4.1372285198392154e-06,7.15800469564329e-09
1068000,4.128183882043184e-06,7.126741822136936e-09
1068250,4.1191589848893e-06,7.095615490495918e-09
1068500,4.110153863606268e-06,7.064625104337996e-09
1068750,4.101168426205364e-06,7.0337700699514556e-09
1069000,4.092202605261685e-06,7.00304979615332e-09
1069250,4.083256395605037e-06,6.972463694382104e-09
1069500,4.074329739485326e-06,6.942011178660744e-09
1069750,4.065422601223766e-06,6.911691665531168e-09
1070000,4.056534925922274e-06,6.881504574083789e-09
1070250,4.047666714089521e-06,6.851449325964835e-09
1070500,4.038817860623429e-06,6.8215253453699805e-09
1070750,4.0299883728471195e-06,6.7917320589437865e-09
1071000,4.021178173288145e-06,6.762068895901767e-09
1071250,4.012387224645346e-06,6.732535287918365e-09
1071500,4.003615501755482e-06,6.703130669153355e-09
1071750,3.994862962076436e-06,6.673854476234632e-09
1072000,3.986129543373395e-06,6.644706148280147e-09
1072250,3.9774152275868775e-06,6.615685126804473e-09
1072500,3.968719992435426e-06,6.586790855822887e-09
1072750,3.960043722386248e-06,6.558022781723637e-09
1073000,3.9513864284916775e-06,6.529380353349504e-09
1073250,3.942748077730522e-06,6.500863021920693e-09
1073500,3.934128605552873e-06,6.472470241085789e-09
1073750,3.925527956208692e-06,6.444201466864974e-09
1074000,3.916946118096092e-06,6.416056157647953e-09
1074250,3.908383074491093e-06,6.388033774201864e-09
1074500,3.899838701065664e-06,6.3601337796413654e-09
1074750,3.891313030123828e-06,6.332355639429509e-09
1075000,3.882806010252892e-06,6.30469882136792e-09
1075250,3.874317566829758e-06,6.277162795567511e-09
1075500,3.8658476933414835e-06,6.249747034467742e-09
1075750,3.857396327504519e-06,6.222451012809029e-09
1076000,3.848963440821792e-06,6.1952742076226835e-09
1076250,3.840548984137853e-06,6.168216098222629e-09
1076500,3.832152945810242e-06,6.1412761662014255e-09
1076750,3.8237752494175915e-06,6.114453895421929e-09
1077000,3.81541586517818e-06,6.087748771991942e-09
1077250,3.8070747493534683e-06,6.061160284244548e-09
1077500,3.7987518729136308e-06,6.034687922791104e-09
1077750,3.790447195528846e-06,6.0083311804408715e-09
1078000,3.7821606774177663e-06,5.982089552221756e-09
1078250,3.7738922699546466e-06,5.955962535374799e-09
1078500,3.7656419238031233e-06,5.929949629323827e-09
1078750,3.7574096445728294e-06,5.904050335671106e-09
1079000,3.749195347609497e-06,5.878264158247824e-09
1079250,3.7409990198416875e-06,5.8525906029688105e-09
1079500,3.732820602576237e-06,5.827029177992043e-09
1079750,3.724660042200847e-06,5.8015793935531515e-09
1080000,3.7165173452826774e-06,5.776240762081583e-09
1080250,3.7083924462967676e-06,5.751012798088606e-09
1080500,3.7002853110258037e-06,5.725895018250833e-09
1080750,3.69219588803039e-06,5.700886941325879e-09
1081000,3.684124169819625e-06,5.675988088188121e-09
1081250,3.6760700901772454e-06,5.651197981789841e-09
1081500,3.6680335925796977e-06,5.626516147179532e-09
1081750,3.660014693669686e-06,5.601942111459422e-09
1082000,3.6520133203044956e-06,5.577475403832794e-09
1082250,3.644029427724421e-06,5.5531155555441414e-09
1082500,3.6360629863033975e-06,5.5288620998726325e-09
1082750,3.6281139852098764e-06,5.5047145721275135e-09
1083000,3.6201823326959358e-06,5.4806725096987334e-09
1083250,3.612268049256693e-06,5.45673545193898e-09
1083500,3.6043710624812536e-06,5.432902940241551e-09
1083750,3.5964913184425424e-06,5.409174517996253e-09
1084000,3.588628811424117e-06,5.38554973059302e-09
1084250,3.580783510963895e-06,5.36202812538936e-09
1084500,3.5729553337193482e-06,5.338609251743171e-09
1084750,3.5651442906623115e-06,5.315292660979776e-09
1085000,3.5573503257279665e-06,5.292077906358981e-09
1085250,3.54957337402225e-06,5.26896454311431e-09
1085500,3.5418134297163227e-06,5.245952128405135e-09
1085750,3.534070464938413e-06,5.223040221353032e-09
1086000,3.526344425840301e-06,5.2002283829694e-09
1086250,3.518635297358288e-06,5.177516176217058e-09
1086500,3.5109429887406204e-06,5.154903165927125e-09
1086750,3.5032675040264688e-06,5.1323889188648274e-09
1087000,3.4956087972067524e-06,5.109973003684477e-09
1087250,3.4879668538905906e-06,5.087654990925851e-09
1087500,3.4803415634128774e-06,5.0654344529722474e-09
1087750,3.472733011605785e-06,5.0433109641189704e-09
1088000,3.465141064112953e-06,5.0212841004956825e-09
1088250,3.4575657130636628e-06,4.999353440084773e-09
1088500,3.4500069135063326e-06,4.977518562710743e-09
1088750,3.442464636064486e-06,4.955779050041965e-09
1089000,3.434938879904221e-06,4.9341344855652e-09
1089250,3.4274295330218957e-06,4.912584454600857e-09
1089500,3.419936633136713e-06,4.891128544262534e-09
1089750,3.412460113721614e-06,4.8697663434734605e-09
1090000,3.4049999315134615e-06,4.848497442953852e-09
1090250,3.3975560594123427e-06,4.827321435217989e-09
1090500,3.390128455780256e-06,4.8062379145409574e-09
1090750,3.382717085527486e-06,4.7852464769843524e-09
1091000,3.3753219186287494e-06,4.7643467203762024e-09
1091250,3.3679429315269663e-06,4.743538244306204e-09
1091500,3.360580064643165e-06,4.722820650084856e-09
1091750,3.353233305476493e-06,4.702193540785881e-09
1092000,3.345902599856304e-06,4.681656521227156e-09
1092250,3.338587948673089e-06,4.661209197909563e-09
1092500,3.3312892331401784e-06,4.640851179119991e-09
1092750,3.3240065025614883e-06,4.620582074784751e-09
1093000,3.3167397076327655e-06,4.600401496577926e-09
1093250,3.3094887728669752e-06,4.580309057861937e-09
1093500,3.3022537224112355e-06,4.5603043736723336e-09
1093750,3.295034466820341e-06,4.540387060748711e-09
1094000,3.287830978455334e-06,4.52055673748932e-09
1094250,3.280643255102633e-06,4.500813023969119e-09
1094500,3.2734712577376356e-06,4.481155541905898e-09
1094750,3.2663149068300754e-06,4.461583914684819e-09
1095000,3.259174238595864e-06,4.4420977673322346e-09
1095250,3.2520491645812204e-06,4.4226967265145675e-09
1095500,3.2449396668998617e-06,4.403380420535204e-09
1095750,3.2378456980304137e-06,4.3841484792798825e-09
1096000,3.2307672555100654e-06,4.365000534311005e-09
1096250,3.2237042786109837e-06,4.345936218761929e-09
1096500,3.2166567381185707e-06,4.326955167378694e-09
1096750,3.2096246425239555e-06,4.308057016498189e-09
1097000,3.202607862286244e-06,4.2892414040535825e-09
1097250,3.195606462574345e-06,4.270507969552577e-09
1097500,3.188620334167215e-06,4.251856354074198e-09
1097750,3.181649525770939e-06,4.233286200267216e-09
1098000,3.174693913004559e-06,4.2147971523615815e-09
1098250,3.167753546198771e-06,4.196388856113189e-09
1098500,3.160828315262624e-06,4.1780609588442505e-09
1098750,3.153918255347068e-06,4.159813109398207e-09
1099000,3.1470232801971493e-06,4.141644958171307e-09
1099250,3.140143378445545e-06,4.123556157073722e-09
1099500,3.133278518974796e-06,4.105546359552857e-09
1099750,3.126428662284891e-06,4.087615220544409e-09
1100000,3.119593802264563e-06,4.069762396505076e-09
1100250,3.1127738723373675e-06,4.051987545384395e-09
1100500,3.1059688396039177e-06,4.034290326637694e-09
1100750,3.099178710070678e-06,4.016670401213858e-09
1101000,3.0924034180231457e-06,3.999127431516905e-09
1101250,3.0856429265979695e-06,3.981661081438535e-09
1101500,3.0788972184038273e-06,3.964271016358297e-09
1101750,3.0721662487022487e-06,3.946956903085949e-09
1102000,3.0654500076956713e-06,3.92971840989611e-09
1102250,3.0587484522451077e-06,3.912555206518385e-09
1102500,3.0520615300537777e-06,3.8954669641373904e-09
1102750,3.0453892295352447e-06,3.878453355335393e-09
1103000,3.0387315408139282e-06,3.861514054154167e-09
1103250,3.0320883761497655e-06,3.844648736047237e-09
1103500,3.0254597431791477e-06,3.827857077900875e-09
1103750,3.0188456024718514e-06,3.811138757991195e-09
1104000,3.012245944790285e-06,3.7944934560226475e-09
1104250,3.005660688093046e-06,3.777920853071418e-09
1104500,2.999089821100885e-06,3.761420631631011e-09
1104750,2.9925333442389827e-06,3.744992475567577e-09
1105000,2.9859911880548785e-06,3.728636070133153e-09
1105250,2.9794633341992236e-06,3.712351101965701e-09
1105500,2.972949747153824e-06,3.6961372590445892e-09
1105750,2.966450401768239e-06,3.6799942307332243e-09
1106000,2.959965257076807e-06,3.6639217077534377e-09
1106250,2.9534943133099156e-06,3.647919382162588e-09
1106500,2.9470374989371308e-06,3.6319869473756982e-09
1106750,2.9405948009808735e-06,3.616124098140262e-09
1107000,2.934166182593867e-06,3.6003305305349797e-09
1107250,2.9277516346464736e-06,3.584605941972227e-09
1107500,2.9213511071931615e-06,3.5689500311785067e-09
1107750,2.9149645644641116e-06,3.553362498210507e-09
1108000,2.9085919800676742e-06,3.5378430444183577e-09
1108250,2.902233344329779e-06,3.5223913724593415e-09
1108500,2.8958885926749876e-06,3.5070071863036983e-09
1108750,2.8895577093632103e-06,3.4916901912012373e-09
1109000,2.8832406682570744e-06,3.4764400936920237e-09
1109250,2.8769374680649593e-06,3.46125660159175e-09
1109500,2.870648017298403e-06,3.446139424003152e-09
1109750,2.864372320323389e-06,3.4310882712989407e-09
1110000,2.858110363804034e-06,3.416102855109532e-09
1110250,2.8518620568652088e-06,3.401182888323087e-09
1110500,2.8456274148786447e-06,3.3863280850892874e-09
1110750,2.839406444428246e-06,3.3715381608085494e-09
1111000,2.8331990542482264e-06,3.356812832116883e-09
1111250,2.8270052110279493e-06,3.3421518168902425e-09
1111500,2.8208249331917745e-06,3.327554834241405e-09
1111750,2.8146581536063744e-06,3.3130216045023593e-09
1112000,2.808504868260932e-06,3.2985518492289036e-09
1112250,2.8023650347221507e-06,3.2841452911889286e-09
1112500,2.7962386144784797e-06,3.269801654369358e-09
1112750,2.790125572347901e-06,3.255520663956065e-09
1113000,2.7840259161156483e-06,3.2413020463523397e-09
1113250,2.777939602197675e-06,3.2271455291328807e-09
1113500,2.7718665905489915e-06,3.2130508410688483e-09
1113750,2.7658068285766923e-06,3.1990177121233403e-09
1114000,2.7597603471291887e-06,3.1850458734219543e-09
1114250,2.7537270596787173e-06,3.1711350572964617e-09
1114500,2.7477069763124737e-06,3.157284997217491e-09
1114750,2.74170005825239e-06,3.143495427826108e-09
1115000,2.735706250229239e-06,3.1297660849435882e-09
1115250,2.729725559000072e-06,3.116096705518958e-09
1115500,2.7237579603317634e-06,3.102487027660887e-09
1115750,2.7178033595105763e-06,3.0889367906140164e-09
1116000,2.711861826655418e-06,3.075445734773655e-09
1116250,2.705933253117809e-06,3.062013601663168e-09
1116500,2.7000176532861146e-06,3.0486401339350267e-09
1116750,2.6941149892983045e-06,3.0353250753684967e-09
1117000,2.6882252254912315e-06,3.0220681708519357e-09
1117250,2.6823483272989694e-06,3.0088691664017974e-09
1117500,2.676484294468492e-06,2.995727809134639e-09
1117750,2.6706330747311248e-06,2.9826438472691244e-09
1118000,2.664794646510969e-06,2.9696170301324003e-09
1118250,2.658968980434397e-06,2.9566471081442446e-09
1118500,2.6531560622577648e-06,2.943733832810467e-09
1118750,2.6473558127870224e-06,2.9308769567331228e-09
1119000,2.6415682772531746e-06,2.918076233572749e-09
1119250,2.635793401583307e-06,2.9053314180926146e-09
1119500,2.630031124072211e-06,2.8926422660963904e-09
1119750,2.6242814493431538e-06,2.8800085344839254e-09
1120000,2.618544361367069e-06,2.8674299812027167e-09
1120250,2.6128197970736892e-06,2.8549063652564014e-09
1120500,2.60710775991136e-06,2.842437446705197e-09
1120750,2.601408207713387e-06,2.830022986661827e-09
1121000,2.595721121404317e-06,2.817662747277331e-09
1121250,2.590046452676126e-06,2.8053564917325672e-09
1121500,2.5843841841234733e-06,2.7931039842539617e-09
1121750,2.578734299688065e-06,2.7809049900927243e-09
1122000,2.5730967898213853e-06,2.768759275527691e-09
1122250,2.5674715819936325e-06,2.7566666078551092e-09
1122500,2.56185868832686e-06,2.7446267554041687e-09
1122750,2.556258065854555e-06,2.732639487484306e-09
1123000,2.550669669578538e-06,2.7207045744462507e-09
1123250,2.5450934909652087e-06,2.708821787621243e-09
1123500,2.539529498489269e-06,2.6969908993444603e-09
1123750,2.5339776857433765e-06,2.6852116829471417e-09
1124000,2.528438003955711e-06,2.673483912754766e-09
1124250,2.52291044284711e-06,2.6618073640620993e-09
1124500,2.5173949527062948e-06,2.6501818131747775e-09
1124750,2.511891543697887e-06,2.6386070373415766e-09
1125000,2.506400142731802e-06,2.627082814814441e-09
1125250,2.5009207541335468e-06,2.6156089247859793e-09
1125500,2.4954533470403886e-06,2.604185147434227e-09
1125750,2.4899978917846616e-06,2.5928112638937196e-09
1126000,2.484554352684786e-06,2.5814870562382196e-09
1126250,2.479122717985463e-06,2.5702123075197594e-09
1126500,2.4737029515299863e-06,2.558986801727991e-09
1126750,2.468295053835877e-06,2.547810323787102e-09
1127000,2.4628989577037405e-06,2.5366826595507795e-09
1127250,2.457514670053647e-06,2.525603595837503e-09
1127500,2.45214213789646e-06,2.514572920382369e-09
1127750,2.4467813718279365e-06,2.5035904218425107e-09
1128000,2.4414323168705575e-06,2.492655889806569e-09
1128250,2.436094958259649e-06,2.4817691147764674e-09
1128500,2.4307692778028e-06,2.470929888186195e-09
1128750,2.425455224897718e-06,2.4601380023442447e-09
1129000,2.4201527848201985e-06,2.4493932505081525e-09
1129250,2.414861939400599e-06,2.438695426800608e-09
1129500,2.409582654548334e-06,2.4280443262724275e-09
1129750,2.4043149540873005e-06,2.41743974485424e-09
1130000,2.3990587114958923e-06,2.4068814793677183e-09
1130250,2.3938139800269816e-06,2.39636932752933e-09
1130500,2.3885807345314904e-06,2.3859030879367528e-09
1130750,2.3833589147447492e-06,2.375482560066809e-09
1131000,2.378148514241541e-06,2.3651075442694565e-09
1131250,2.3729494952672125e-06,2.354777841779495e-09
1131500,2.3677618635622688e-06,2.3444932546704795e-09
1131750,2.3625855444132065e-06,2.3342535859176366e-09
1132000,2.3574205533429763e-06,2.3240586393261974e-09
1132250,2.3522668715661248e-06,2.3139082195707944e-09
1132500,2.3471244175393507e-06,2.303802132188263e-09
1132750,2.3419932512388247e-06,2.2937401835466175e-09
1133000,2.3368732494094907e-06,2.2837221808668276e-09
1133250,2.331764472683255e-06,2.2737479322223485e-09
1133500,2.326666885375708e-06,2.263817246505563e-09
1133750,2.3215804197172893e-06,2.2539299334626796e-09
1134000,2.31650507040446e-06,2.244085803655477e-09
1134250,2.3114408117895507e-06,2.2342846684800604e-09
1134500,2.3063876359781924e-06,2.224526340155893e-09
1134750,2.3013455168299917e-06,2.2148106317276646e-09
1135000,2.2963143991650585e-06,2.2051373570428925e-09
1135250,2.2912942950219226e-06,2.195506330773041e-09
1135500,2.286285141677265e-06,2.1859173684010585e-09
1135750,2.281286955483364e-06,2.1763702862047997e-09
1136000,2.276299722247789e-06,2.166864901275121e-09
1136250,2.2713233468640676e-06,2.1574010314868756e-09
1136500,2.266357865342654e-06,2.1479784955367334e-09
1136750,2.2614032564015707e-06,2.1385971128955356e-09
1137000,2.2564594726823535e-06,2.12925670381835e-09
1137250,2.251526497176498e-06,2.1199570893661756e-09
1137500,2.2466042952302937e-06,2.110698091342618e-09
1137750,2.2416928525431577e-06,2.101479532366273e-09
1138000,2.2367921679477663e-06,2.092301235822402e-09
1138250,2.23190216994354e-06,2.0831630258528635e-09
1138500,2.227022884064899e-06,2.0740647273790405e-09
1138750,2.2221542444084297e-06,2.0650061660947953e-09
1139000,2.2172962603260775e-06,2.0559871684418242e-09
1139250,2.2124489130003423e-06,2.0470075616271816e-09
1139500,2.2076121385401004e-06,2.0380671736010594e-09
1139750,2.202785928036135e-06,2.0291658330837345e-09
1140000,2.197970315329837e-06,2.020303369525972e-09
1140250,2.1931651817947742e-06,2.011479613136406e-09
1140500,2.1883705900336957e-06,2.0026943948580563e-09
1140750,2.1835864461628073e-06,1.993947546370894e-09
1141000,2.1788128040491902e-06,1.9852389000990463e-09
1141250,2.174049549857245e-06,1.9765682891886884e-09
1141500,2.1692967317764952e-06,1.9679355475208338e-09
1141750,2.164554309972037e-06,1.959340509699957e-09
1142000,2.159822235820169e-06,1.9507830110504087e-09
1142250,2.1551005049739007e-06,1.9422628876196456e-09
1142500,2.15038912805493e-06,1.933779976169997e-09
1142750,2.145688041024905e-06,1.925334114181913e-09
1143000,2.140997229346055e-06,1.9169251398381007e-09
1143250,2.1363166658664037e-06,1.908552892023526e-09
1143500,2.1316463145246117e-06,1.900217210337691e-09
1143750,2.1269862026186282e-06,1.891917935076055e-09
1144000,2.122336277603736e-06,1.8836549072288494e-09
1144250,2.1176965100444954e-06,1.875427968496261e-09
1144500,2.1130668909779013e-06,1.867236961242666e-09
1144750,2.1084473780438574e-06,1.8590817285407837e-09
1145000,2.1038379811805367e-06,1.8509621141501726e-09
1145250,2.0992386688661224e-06,1.8428779625045703e-09
1145500,2.094649379609253e-06,1.834829118717187e-09
1145750,2.0900701580680473e-06,1.8268154285799834e-09
1146000,2.085500923899789e-06,1.8188367385578847e-09
1146250,2.0809416679140048e-06,1.810892895782618e-09
1146500,2.076392413449864e-06,1.8029837480568614e-09
1146750,2.071853095436141e-06,1.7951091438571793e-09
1147000,2.067323682839851e-06,1.7872689323097546e-09
1147250,2.062804176474516e-06,1.7794629631986542e-09
1147500,2.0582945711364584e-06,1.771691086970732e-09
1147750,2.0537947977176074e-06,1.7639531547253845e-09
1148000,2.049304875232182e-06,1.7562490182108182e-09
1148250,2.0448247714021455e-06,1.748578529823296e-09
1148500,2.0403544483843885e-06,1.740941542603175e-09
1148750,2.0358939099488693e-06,1.7333379102313952e-09
1149000,2.031443112234089e-06,1.7257674870282074e-09
1149250,2.0270020712782654e-06,1.7182301279495919e-09
1149500,2.0225707217400284e-06,1.7107256885898061e-09
1149750,2.0181490560648157e-06,1.7032540251764905e-09
1150000,2.0137370554291964e-06,1.6958149945513823e-09
1150250,2.0093347008368767e-06,1.6884084541927474e-09
1150500,2.004941982228556e-06,1.6810342621986795e-09
1150750,2.0005588592720936e-06,1.6736922772871922e-09
1151000,1.996185318902946e-06,1.6663823587863879e-09
1151250,1.9918213393941432e-06,1.6591043666487034e-09
1151500,1.987466899226681e-06,1.6518581614320465e-09
1151750,1.9831219806869393e-06,1.6446436043094033e-09
1152000,1.9787865563257684e-06,1.6374605570563288e-09
1152250,1.9744606073183495e-06,1.6303088820511289e-09
1152500,1.9701441386797145e-06,1.6231884422718914e-09
1152750,1.9658370659176475e-06,1.6160991013027873e-09
1153000,1.9615394434866215e-06,1.6090407233116845e-09
1153250,1.957251205177584e-06,1.6020131730719015e-09
1153500,1.952972348485101e-06,1.5950163159395921e-09
1153750,1.9487028148814232e-06,1.5880500178673878e-09
1154000,1.9444426737845525e-06,1.5811141453803717e-09
1154250,1.940191801853894e-06,1.574208565595597e-09
1154500,1.9359502128632884e-06,1.5673331462048825e-09
1154750,1.931717932572819e-06,1.5604877554905256e-09
1155000,1.9274948838017547e-06,1.5536722622923797e-09
1155250,1.9232810658156064e-06,1.5468865360304032e-09
1155500,1.91907646733622e-06,1.5401304467124235e-09
1155750,1.914881060558298e-06,1.5334038648770196e-09
1156000,1.9106948225121634e-06,1.5267066616610217e-09
1156250,1.9065177487567973e-06,1.5200387087498725e-09
1156500,1.9023497955976225e-06,1.5133998783936784e-09
1156750,1.8981909632726938e-06,1.5067900433961053e-09
1157000,1.8940411976731094e-06,1.5002090771152357e-09
1157250,1.889900537518159e-06,1.4936568534699716e-09
1157500,1.8857688981689636e-06,1.4871332469300226e-09
1157750,1.8816463118046043e-06,1.4806381324989928e-09
1158000,1.8775327405235858e-06,1.4741713857465617e-09
1158250,1.873428147441087e-06,1.4677328827676602e-09
1158500,1.869332531272202e-06,1.4613225002116627e-09
1158750,1.8652458688844488e-06,1.4549401152608098e-09
1159000,1.861168153938289e-06,1.4485856056281463e-09
1159250,1.8570993398249855e-06,1.442258849570532e-09
1159500,1.853039419137203e-06,1.435959725876486e-09
1159750,1.8489883818109882e-06,1.4296881138598e-09
1160000,1.8449462005260216e-06,1.4234438933597106e-09
1160250,1.8409128652141107e-06,1.4172269447455804e-09
1160500,1.836888315121639e-06,1.4110371489005873e-09
1160750,1.8328726080391763e-06,1.404874387239622e-09
1161000,1.8288656299565502e-06,1.3987385416878165e-09
1161250,1.824867452310643e-06,1.3926294946914839e-09
1161500,1.8208779919807544e-06,1.3865471292026233e-09
1161750,1.8168972587295725e-06,1.3804913286885376e-09
1162000,1.8129252229496733e-06,1.3744619771335391e-09
1162250,1.808961900136558e-06,1.368458959011981e-09
1162500,1.8050072188966284e-06,1.3624821593178855e-09
1162750,1.801061173954211e-06,1.356531463529535e-09
1163000,1.7971237853179297e-06,1.3506067576414547e-09
1163250,1.7931949666392795e-06,1.3447079281528475e-09
1163500,1.7892747541774293e-06,1.338834862034707e-09
1163750,1.7853631094787333e-06,1.3329874467714034e-09
1164000,1.7814600360025738e-06,1.3271655703296646e-09
1164250,1.7775654791600447e-06,1.321369121166432e-09
1164500,1.773679422301481e-06,1.31559798822564e-09
1164750,1.76980189391809e-06,1.3098520609423277e-09
1165000,1.765932800876561e-06,1.3041312292283063e-09
1165250,1.7620722005958695e-06,1.2984353834721727e-09
1165500,1.7582200243319621e-06,1.2927644145561338e-09
1165750,1.7543762903122018e-06,1.2871182138286124e-09
1166000,1.7505409412701757e-06,1.2814966731026126e-09
1166250,1.746713972854542e-06,1.2758996846876035e-09
1166500,1.742895374650889e-06,1.270327141342902e-09
1166750,1.7390851282418667e-06,1.2647789363014636e-09
1167000,1.7352832183675524e-06,1.2592549632762628e-09
1167250,1.7314896137131037e-06,1.2537551164211503e-09
1167500,1.7277042752050406e-06,1.2482792903685095e-09
1167750,1.7239272712828479e-06,1.242827380205459e-09
1168000,1.7201584887327096e-06,1.2373992814840867e-09
1168250,1.7163979414454678e-06,1.2319948902026752e-09
1168500,1.7126456127864087e-06,1.2266141028171663e-09
1168750,1.7089015245352866e-06,1.2212568162354112e-09
1169000,1.7051655702172909e-06,1.2159229278135818e-09
1169250,1.7014378104128196e-06,1.2106123353687528e-09
1169500,1.6977181869869145e-06,1.205324937147983e-09
1169750,1.6940066965754299e-06,1.2000606318533474e-09
1170000,1.6903033442402761e-06,1.19481931862431e-09
1170250,1.6866080566243227e-06,1.1896008970412324e-09
1170500,1.6829208596912022e-06,1.1844052671317976e-09
1170750,1.6792417322823016e-06,1.1792323293392125e-09
1171000,1.6755706361282991e-06,1.174081984559851e-09
1171250,1.671907569311883e-06,1.1689541341194874e-09
1171500,1.6682525278004991e-06,1.1638486797725272e-09
1171750,1.6646054532007037e-06,1.1587655237035633e-09
1172000,1.6609663639804848e-06,1.153704568522824e-09
1172250,1.6573352351573855e-06,1.1486657172620467e-09
1172500,1.6537120218523655e-06,1.1436488733877246e-09
1172750,1.6500967407448538e-06,1.1386539407801949e-09
1173000,1.6464893834777284e-06,1.1336808237486228e-09
1173250,1.6428898827134558e-06,1.1287294270071315e-09
1173500,1.6392982586511195e-06,1.1237996556892815e-09
1173750,1.6357144928751071e-06,1.118891415344067e-09
1174000,1.632138557656955e-06,1.1140046119347278e-09
1174250,1.6285704504236119e-06,1.109139151839169e-09
1174500,1.625010125056771e-06,1.1042949418349106e-09
1174750,1.621457603965136e-06,1.0994718891120939e-09
1175000,1.6179128414369687e-06,1.0946699012667077e-09
1175250,1.6143758181054447e-06,1.0898888862979474e-09
1175500,1.6108465437838532e-06,1.0851287526008827e-09
1175750,1.607324957794996e-06,1.08038940898073e-09
1176000,1.6038110942298924e-06,1.0756707646321998e-09
1176250,1.600304894929933e-06,1.0709727291527121e-09
1176500,1.5968063994086336e-06,1.066295212534047e-09
1176750,1.593315508789741e-06,1.0616381251557462e-09
1177000,1.5898322780860878e-06,1.0570013777957166e-09
1177250,1.5863566433084154e-06,1.0523848816173588e-09
1177500,1.5828886206346826e-06,1.047788548174418e-09
1177750,1.579428162214085e-06,1.043212289397356e-09
1178000,1.5759752949811233e-06,1.0386560176171382e-09
1178250,1.5725299336428212e-06,1.0341196455410155e-09
1178500,1.5690921454163232e-06,1.029603086249493e-09
1178750,1.5656618596959855e-06,1.0251062532122354e-09
1179000,1.5622390785671916e-06,1.0206290602780201e-09
1179250,1.558823784816557e-06,1.0161714216614358e-09
1179500,1.5554159256686946e-06,1.0117332519621282e-09
1179750,1.552015547763085e-06,1.0073144661465288e-09
1180000,1.5486225972508154e-06,1.0029149795549322e-09
1180250,1.545237055943206e-06,9.985347078976075e-10
1180500,1.5418589178499723e-06,9.941735672598508e-10
1180750,1.538488181683342e-06,9.898314740743914e-10
1181000,1.5351248045048256e-06,9.855083451558022e-10
1181250,1.5317687547392752e-06,9.812040976753906e-10
1181500,1.5284200808513808e-06,9.769186491711586e-10
1181750,1.5250787095935204e-06,9.726519175319458e-10
1182000,1.521744644941851e-06,9.68403821018896e-10
1182250,1.5184178456898386e-06,9.641742782348332e-10
1182500,1.5150983532151264e-06,9.59963208151814e-10
1182750,1.511786107979955e-06,9.557705300871662e-10
1183000,1.5084810978905507e-06,9.515961637095832e-10
1183250,1.505183312153974e-06,9.474400290453801e-10
1183500,1.5018927513612865e-06,9.433020464730124e-10
1183750,1.4986093884486961e-06,9.391821366987555e-10
1184000,1.4953331704544217e-06,9.350802207994459e-10
1184250,1.4920641361167423e-06,9.309962201803839e-10
1184500,1.4888022614902037e-06,9.269300566005029e-10
1184750,1.485547486033761e-06,9.228816521581731e-10
1185000,1.4822998358550638e-06,9.188509292792034e-10
1185250,1.4790592934546305e-06,9.148378107486475e-10
1185500,1.475825845866559e-06,9.108422196718438e-10
1185750,1.4725994473200066e-06,9.06864079503843e-10
1186000,1.4693801300988509e-06,9.029033140235131e-10
1186250,1.4661678125162818e-06,8.989598473463051e-10
1186500,1.4629625428978243e-06,8.950336039167537e-10
1186750,1.459764268161288e-06,8.911245085090285e-10
1187000,1.4565729878211198e-06,8.872324862397502e-10
1187250,1.4533886859312599e-06,8.833574625286876e-10
1187500,1.4502113498215793e-06,8.794993631425164e-10
1187750,1.4470409513924821e-06,8.756581141605817e-10
1188000,1.443877497450297e-06,8.718336419899109e-10
1188250,1.4407209439101675e-06,8.680258733577011e-10
1188500,1.4375712934872351e-06,8.642347353051891e-10
1188750,1.4344285294330757e-06,8.604601552005869e-10
1189000,1.4312926611216836e-06,8.567020607253659e-10
1189250,1.4281636309172293e-06,8.529603798789862e-10
1189500,1.4250414205098861e-06,8.492350409760217e-10
1189750,1.4219260521437082e-06,8.455259726367322e-10
1190000,1.4188175073797024e-06,8.41833103808707e-10
1190250,1.4157157243377566e-06,8.381563637292146e-10
1190500,1.4126207523890409e-06,8.344956819593977e-10
1190750,1.4095325319793287e-06,8.308509883669573e-10
1191000,1.4064510698794458e-06,8.272222131200192e-10
1191250,1.4033763520659254e-06,8.236092866996512e-10
1191500,1.4003083449525732e-06,8.200121398763216e-10
1191750,1.3972470403345745e-06,8.164307037372932e-10
1192000,1.3941924442145605e-06,8.128649096610194e-10
1192250,1.3911444961990696e-06,8.093146893360855e-10
1192500,1.3881032387838752e-06,8.057799747446686e-10
1192750,1.3850686360245333e-06,8.022606981631639e-10
1193000,1.382040662474982e-06,7.987567921645866e-10
1193250,1.3790192707052113e-06,7.952681896095382e-10
1193500,1.3760045150784344e-06,7.91794823670494e-10
1193750,1.3729963679336536e-06,7.883366277962307e-10
1194000,1.3699947668992933e-06,7.84893535730817e-10
1194250,1.3669997613420949e-06,7.814654815117614e-10
1194500,1.3640112641595128e-06,7.78052399454455e-10
1194750,1.3610293214395272e-06,7.746542241732589e-10
1195000,1.3580538903259211e-06,7.712708905594996e-10
1195250,1.3550849868732712e-06,7.679023337911655e-10
1195500,1.3521225280291438e-06,7.645484893312545e-10
1195750,1.3491665722880795e-06,7.61209292919219e-10
1196000,1.3462170964490497e-06,7.57884680581347e-10
1196250,1.3432740453310064e-06,7.545745886247465e-10
1196500,1.340337425775366e-06,7.512789536294005e-10
1196750,1.337407257664347e-06,7.479977124506995e-10
1197000,1.334483453499626e-06,7.447308022239949e-10
1197250,1.3315660526325631e-06,7.414781603605452e-10
1197500,1.3286550404383947e-06,7.382397245428694e-10
1197750,1.3257503909963027e-06,7.350154327209436e-10
1198000,1.3228520916227482e-06,7.318052231242919e-10
1198250,1.3199601078129296e-06,7.286090342503216e-10
1198500,1.3170744785408214e-06,7.254268048559951e-10
1198750,1.3141951327922525e-06,7.222584739818487e-10
1199000,1.3113221011043173e-06,7.191039809156457e-10
1199250,1.3084553535710728e-06,7.159632652250205e-10
1199500,1.3055948491627477e-06,7.128362667333997e-10
1199750,1.3027406159900997e-06,7.097229255358121e-10
1200000,1.2998926049937036e-06,7.066231819816174e-10
1200250,1.2970508442538594e-06,7.035369766838682e-10
1200500,1.2942152788008127e-06,7.004642505096191e-10
1200750,1.2913859319538954e-06,6.974049445939787e-10
1201000,1.2885627404528882e-06,6.94359000315695e-10
1201250,1.2857457434181247e-06,6.913263593263848e-10
1201500,1.2829348911366066e-06,6.883069635140587e-10
1201750,1.2801302111656498e-06,6.853007550394852e-10
1202000,1.277331636364794e-06,6.823076763011601e-10
1202250,1.274539171720285e-06,6.793276699517832e-10
1202500,1.2717528301767936e-06,6.76360678902907e-10
1202750,1.2689725641030382e-06,6.734066463047032e-10
1203000,1.2661984219643592e-06,6.70465515563525e-10
1203250,1.2634302922124357e-06,6.675372303275473e-10
1203500,1.2606682236063095e-06,6.646217344984548e-10
1203750,1.257912190348796e-06,6.617189722116433e-10
1204000,1.25516222222186e-06,6.588288878605171e-10
1204250,1.2524182246894472e-06,6.559514260655685e-10
1204500,1.2496802542219953e-06,6.530865317020765e-10
1204750,1.24694822852775e-06,6.502341498819826e-10
1205000,1.2442222214617152e-06,6.473942259518069e-10
1205250,1.2415021310187392e-06,6.44566705506021e-10
1205500,1.2387880214789346e-06,6.417515343684362e-10
1205750,1.2360798286471889e-06,6.389486586055528e-10
1206000,1.2333775631870515e-06,6.361580245132699e-10
1206250,1.2306811871179652e-06,6.333795786244816e-10
1206500,1.2279907158629688e-06,6.306132677163104e-10
1206750,1.2253061480249818e-06,6.278590387782254e-10
1207000,1.2226274376098932e-06,6.251168390485091e-10
1207250,1.2199545795952785e-06,6.223866159865614e-10
1207500,1.2172875675345946e-06,6.196683172849172e-10
1207750,1.2146263834194944e-06,6.169618908586379e-10
1208000,1.2119710059615316e-06,6.142672848598347e-10
1208250,1.2093214432938236e-06,6.115844476603319e-10
1208500,1.206677680985554e-06,6.089133278685922e-10
1208750,1.2040396725110778e-06,6.062538742929219e-10
1209000,1.201407464795905e-06,6.03606035989343e-10
1209250,1.198780996353061e-06,6.009697622234775e-10
1209500,1.196160258289275e-06,5.983450024923881e-10
1209750,1.1935452697881585e-06,5.957317065028677e-10
1210000,1.1909359923188465e-06,5.931298241921863e-10
1210250,1.188332410705632e-06,5.905393057070807e-10
1210500,1.1857345315420938e-06,5.879601014167601e-10
1210750,1.1831423205857874e-06,5.853921619007526e-10
1211000,1.1805557873085993e-06,5.828354379682636e-10
1211250,1.1779748870865626e-06,5.802898806313679e-10
1211500,1.1753996595632489e-06,5.777554411181853e-10
1211750,1.1728300604729078e-06,5.752320708700856e-10
1212000,1.1702660482478434e-06,5.727197215430654e-10
1212250,1.1677076694466894e-06,5.702183450023971e-10
1212500,1.1651548584650452e-06,5.677278933262452e-10
1212750,1.1626076610654516e-06,5.652483187965108e-10
1213000,1.16006600178083e-06,5.627795739085843e-10
1213250,1.1575299285010542e-06,5.603216113631603e-10
1213500,1.1549993857538864e-06,5.578743840696262e-10
1213750,1.1524743586767267e-06,5.554378451417618e-10
1214000,1.1499548619512439e-06,5.530119478929008e-10
1214250,1.1474409005382822e-06,5.505966458503168e-10
1214500,1.1449323914861219e-06,5.481918927356163e-10
1214750,1.1424293923869032e-06,5.457976424767439e-10
1215000,1.1399318593760643e-06,5.43413849200058e-10
1215250,1.137439789379925e-06,5.410404672401092e-10
1215500,1.1349531571763662e-06,5.386774511183833e-10
1215750,1.132471955537803e-06,5.363247555687198e-10
1216000,1.129996211822216e-06,5.339823355082994e-10
1216250,1.1275258447858542e-06,5.31650146061592e-10
1216500,1.1250609132973677e-06,5.293281425459269e-10
1216750,1.122601344155304e-06,5.270162804736471e-10
1217000,1.1201471732129466e-06,5.24714515557637e-10
1217250,1.1176983375636967e-06,5.224228036865598e-10
1217500,1.115254859771093e-06,5.20141100957494e-10
1217750,1.1128167364458363e-06,5.178693636593724e-10
1218000,1.1103839429317362e-06,5.156075482690646e-10
1218250,1.1079564592191763e-06,5.133556114491573e-10
1218500,1.1055343098985667e-06,5.111135100496707e-10
1218750,1.1031174351407073e-06,5.088812011220554e-10
1219000,1.1007058353910895e-06,5.066586418921064e-10
1219250,1.0982995293473926e-06,5.044457897782233e-10
1219500,1.0958984727302704e-06,5.022426023860916e-10
1219750,1.093502646806156e-06,5.000490375060172e-10
1220000,1.091112085004043e-06,4.978650531060336e-10
1220250,1.0887267437733855e-06,4.956906073464688e-10
1220500,1.0863466018113953e-06,4.935256585666143e-10
1220750,1.0839716762293251e-06,4.913701652911251e-10
1221000,1.0816019451236765e-06,4.892240862158457e-10
1221250,1.0792373980241842e-06,4.870873802254193e-10
1221500,1.07687800794278e-06,4.849600063873016e-10
1221750,1.0745237797172457e-06,4.828419239386439e-10
1222000,1.0721746781067206e-06,4.807330923025837e-10
1222250,1.0698307427720386e-06,4.786334710719184e-10
1222500,1.0674919280313583e-06,4.765430200241416e-10
1222750,1.0651582120015103e-06,4.744616991031893e-10
1223000,1.0628296262064278e-06,4.723894684391245e-10
1223250,1.0605060953214147e-06,4.703262883222055e-10
1223500,1.058187669281284e-06,4.682721192248769e-10
1223750,1.055874293355805e-06,4.662269217980755e-10
1224000,1.053565984455363e-06,4.64190656853017e-10
1224250,1.0512627056556725e-06,4.621632853777574e-10
1224500,1.0489645023848037e-06,4.6014476852688565e-10
1224750,1.0466712878389078e-06,4.5813506763023993e-10
1225000,1.044383087386619e-06,4.5613414418321303e-10
1225250,1.0420999104000253e-06,4.541419598508144e-10
1225500,1.0398217083970848e-06,4.521584764646893e-10
1225750,1.0375484900026918e-06,4.501836560203773e-10
1226000,1.0352802330072636e-06,4.4821746068523113e-10
1226250,1.033016968420506e-06,4.462598527865498e-10
1226500,1.0307586238819539e-06,4.443107948187162e-10
1226750,1.0285052134947851e-06,4.4237024944152753e-10
1227000,1.0262567453909484e-06,4.404381794730341e-10
1227250,1.0240131750112968e-06,4.3851454789961427e-10
1227500,1.021774523077137e-06,4.365993178663762e-10
1227750,1.0195407769029624e-06,4.3469245267553087e-10
1228000,1.0173118876667225e-06,4.327939157949425e-10
1228250,1.0150878731134268e-06,4.3090367085267447e-10
1228500,1.0128687226707517e-06,4.290216816300244e-10
1228750,1.0106544357396109e-06,4.2714791206962695e-10
1229000,1.0084449729240027e-06,4.252823262765853e-10
1229250,1.0062403538804365e-06,4.2342488850098313e-10
1229500,1.004040555000093e-06,4.215755631613162e-10
1229750,1.0018455765597505e-06,4.197343148254898e-10
1229961,9.999967105285586e-07,4.1818656046512894e-10
