iteration,relative_residual,relative_energy_gap
0,1.0,1.0
1,0.7925981053016623,0.9839966576925379
2,0.4973563125347333,0.9799159954348203
3,0.5078040650771593,0.9776616674951181
4,0.39357976392318833,0.976107101809081
5,0.40975278759322264,0.9749189838795919
6,0.3381772394039306,0.9739567780539364
7,0.35323439976981463,0.9731480338592703
8,0.301480974911801,0.9724504262558754
9,0.3148958689666689,0.971837051350884
10,0.2746874996385928,0.971289733601488
11,0.2866126603324789,0.970795613889331
12,0.2539326729000667,0.9703452582601094
13,0.2646010903482882,0.9699315397227714
14,0.23719817162852105,0.9695489422601115
15,0.24681769562368966,0.9691931090538911
16,0.22330831989039004,0.9688605387788988
17,0.23204766388781062,0.968548375290496
18,0.21152343508873322,0.9682542582210137
19,0.21951692516761143,0.9679762144628562
20,0.20135066757833933,0.9677125778091924
21,0.20870553055134464,0.9674619284035963
22,0.19244678662172363,0.9672230464125271
23,0.19924949482628845,0.9669948760904128
24,0.18456425740421847,0.9667764975559273
25,0.19088544370591307,0.9665671043753062
26,0.17751944832512534,0.9663659855767591
27,0.18341757509118553,0.9661725110818552
28,0.17117291664657186,0.9659861198102286
29,0.17669698374099085,0.965806309883144
30,0.16541665705097108,0.965632630508608
31,0.17060820084041167,0.9654646752022462
32,0.16016555855587036,0.9653020760988218
33,0.16506013757006707,0.9651444991470485
34,0.15535151194058736,0.9649916400298985
35,0.1599798234527279,0.9648432206854146
36,0.1509192468580443,0.9646989863205753
37,0.15530797808760174,0.9645587028439319
38,0.1468233321428076,0.9644221546419707
39,0.15099581963151978,0.9642891426520148
40,0.14302597817998522,0.964159482680015
41,0.14700272718696739,0.9640330039314798
42,0.13949540387521236,0.9639095477211564
43,0.14329450430752833,0.9637889663362812
44,0.13620460793103314,0.9636711220331539
45,0.13984207262089796,0.9635558861488255
46,0.13313043382625964,0.9634431383103087
47,0.13662047753470372,0.963332765730162
48,0.13025285078410337,0.9632246625800143
49,0.1336081231608866,0.9631187294185529
50,0.12755439529546073,0.9630148726977306
51,0.13078617744881635,0.9629130042956633
52,0.1250197331535191,0.9628130411106048
53,0.12813810498659858,0.9627149046891657
54,0.12263531275866756,0.9626185208841518
55,0.12564929647153822,0.962523819554196
56,0.12038908813811412,0.962430734279698
57,0.12330677204199712,0.9623392021108477
58,0.11827029565437037,0.9622491633337744
59,0.12109894154027967,0.9621605612582212
60,0.11626927239420493,0.9620733420222609
61,0.11901540903404213,0.9619874544104892
62,0.11437730717324088,0.961902849693363
63,0.11704681203512902,0.9618194814708121
64,0.11258651726464014,0.9617373055321838
65,0.11518468814651416,0.9616562797288497
66,0.1108897455760746,0.9615763638512765
67,0.11342136356873014,0.9614975195182051
68,0.1092804742084112,0.961419710072771
69,0.11174985916822847,0.9613429004874903
70,0.10775275124017707,0.9612670572729963
71,0.11016381076665176,0.9611921483952549
72,0.10630112827189837,0.9611181431967865
73,0.10865740103468155,0.9610450123263479
74,0.1049206067903778,0.9609727276672587
75,0.10722530092679129,0.9609012622761925
76,0.10360659181632563,0.9608305903229819
77,0.10586261901751345,0.9607606870342492
78,0.10235485160990221,0.9606915286414388
79,0.10456485742763326,0.9606230923305336
80,0.10116148245019353,0.9605553561965792
81,0.10332787328366796,0.9604882991990623
82,0.10002287769314691,0.9604219011218933
83,0.1021478448535335,0.960356142533865
84,0.09893570046055683,0.960291004752119
85,0.10102124165847165,0.9602264698072558
86,0.09789685942968242,0.9601625204109823
87,0.0999447979859228,0.9600991399262994
88,0.09690348728608182,0.9600363123359954
89,0.09891548932742239,0.9599740222173468
90,0.09595292147664301,0.959912254715005
91,0.0979305113453801,0.9598509955149157
92,0.09504268695963777,0.9597902308229603
93,0.09698726103703258,0.9597299473416084
94,0.09417048069708814,0.9596701322482942
95,0.09608331981621036,0.9596107731761521
96,0.09333415767418314,0.9595518581941002
97,0.09521643827632571,0.9594933757899047
98,0.09253171826281191,0.9594353148505023
99,0.09438452243316324,0.9593776646480955
100,0.09176129677289281,0.9593204148229194
101,0.09358562127510138,0.9592635553682808
102,0.09102115105726313,0.959207076619245
103,0.09281791547255239,0.9591509692327124
104,0.09030965305424826,0.9590952241819733
105,0.09207970711858741,0.9590398327384062
106,0.08962528016745702,0.958984786462861
107,0.09136941038964833,0.9589300771940783
108,0.08896660739529304,0.9588756970367213
109,0.09068554302955949,0.9588216383519359
110,0.08833230013366582,0.9587678937474271
111,0.09002671857217032,0.95871445606858
112,0.08772110758471008,0.9586613183879907
113,0.08939163922829871,0.9586084739985853
114,0.08713185671231288,0.9585559164044746
115,0.08877908937148049,0.9585036393128347
116,0.08656344669208924,0.9584516366279398
117,0.0881879295646343,0.9583999024416517
118,0.08601484380936571,0.9583484310286614
119,0.08761709107630787,0.9582972168366692
120,0.08548507676383893,0.9582462544859975
121,0.08706557084085331,0.9581955387553439
122,0.0849732323440344,0.958145064584318
123,0.08653242682181779,0.9580948270608057
124,0.0844784514385633,0.9580448214208084
125,0.08601677374215744,0.9579950430390655
126,0.08399992535458894,0.957945487427841
127,0.08551777914865276,0.9578961502296953
128,0.08353689241689263,0.9578470272138847
129,0.0850346597812286,0.9577981142708005
130,0.08308863482357524,0.9577494074108767
131,0.08456667822080682,0.9577009027561056
132,0.0826544757367497,0.9576525965394753
133,0.08411313979190459,0.9576044851001826
134,0.0822337765886658,0.9575565648801098
135,0.08367338969849324,0.957508832419377
136,0.08182593458553135,0.9574612843540774
137,0.08324681037366186,0.9574139174146594
138,0.08143038039294642,0.9573667284190612
139,0.08283281902545443,0.9573197142723351
140,0.08104657598833001,0.9572728719632808
141,0.08243086536287167,0.9572261985614056
142,0.08067401266702945,0.9571796912150946
143,0.08204042948747596,0.957133347147913
144,0.08031220918999227,0.957087163657376
145,0.08166101993735561,0.9570411381105307
146,0.07996071006193022,0.9569952679441838
147,0.08129217187135726,0.9569495506620465
148,0.07961908392987015,0.9569039838305986
149,0.0809334453825699,0.9568585650791577
150,0.079286922092847,0.9568132920980068
151,0.08058442393098572,0.9567681626358641
152,0.0789638371142791,0.9567231744962174
153,0.08024471288612312,0.956678325539748
154,0.07864946152926369,0.9566336136790088
155,0.07991393817118236,0.9565890368778392
156,0.07834344663968715,0.9565445931509029
157,0.07959174500100696,0.9565002805598909
158,0.07804546139061522,0.9564560972146077
159,0.07927779670676127,0.9564120412692088
160,0.07775519132196422,0.956368110923035
161,0.07897177364082289,0.9563243044173935
162,0.07747233758993564,0.9562806200356747
163,0.0786733721559165,0.9562370561001462
164,0.07719661605314058,0.9561936109737358
165,0.07838230365299177,0.9561502830568033
166,0.0769277564187301,0.9561070707854594
167,0.07809829369280129,0.9560639726322006
168,0.07666550144423717,0.9560209871048946
169,0.07782108116652305,0.9559781127439484
170,0.0764096061911405,0.9559353481230913
171,0.07755041752114346,0.9558926918465294
172,0.07615983732649839,0.9558501425511687
173,0.07728606603565717,0.9558076989021966
174,0.07591597246926149,0.9557653595947709
175,0.07702780114443875,0.9557231233518568
176,0.07567779957813597,0.9556809889240968
177,0.07677540780443014,0.9556389550883827
178,0.07544511637811478,0.9555970206489018
179,0.07652868090303844,0.9555551844327527
180,0.07521772982299493,0.9555134452933693
181,0.07628742470388303,0.9554718021077816
182,0.07499545559141182,0.9554302537753511
183,0.07605145232773858,0.955388799218449
184,0.07477811761410383,0.9553474373814764
185,0.0758205852662323,0.9553061672299124
186,0.07456554763027784,0.9552649877508163
187,0.07559465292602136,0.9552238979505399
188,0.07435758477111898,0.9551828968549175
189,0.07537349220136423,0.9551419835097332
190,0.07415407516861657,0.9551011569780715
191,0.07515694707313299,0.9550604163441919
192,0.0739548715880173,0.9550197607056299
193,0.07494486823247702,0.954979189181369
194,0.07375983308233615,0.9549387009040184
195,0.07473711272746686,0.954898295024338
196,0.07356882466747128,0.9548579707076467
197,0.0745335436311735,0.9548177271364892
198,0.07338171701656683,0.9547775635068734
199,0.0743340297297476,0.9547374790301931
200,0.07319838617236965,0.9546974729319647
201,0.07413844522917215,0.9546575444524688
202,0.07301871327640623,0.9546176928447846
203,0.07394666947944889,0.9545779173757132
204,0.07284258431390245,0.9545382173245563
205,0.07375858671507389,0.9544985919838876
206,0.07266988987342489,0.9544590406578126
207,0.07357408581073531,0.9544195626640477
208,0.07250052492031037,0.954380157330236
209,0.07339306005124563,0.9543408239961679
210,0.07233438858300534,0.9543015620136349
211,0.07321540691478244,0.9542623707436422
212,0.07217138395149686,0.9542232495602252
213,0.07304102786858413,0.9541841978452928
214,0.07201141788707922,0.9541452149927673
215,0.0728698281763041,0.9541063004058927
216,0.0718544008427471,0.9540674534967308
217,0.07270171671627965,0.9540286736888649
218,0.07170024669354966,0.9539899604132535
219,0.07253660581002427,0.9539513131104611
220,0.07154887257629497,0.9539127312307683
221,0.07237441106030247,0.9538742142321128
222,0.07140019873803116,0.9538357615799807
223,0.0722150511981846,0.9537973727507696
224,0.07125414839275702,0.9537590472269903
225,0.07205844793852359,0.953720784499161
226,0.07111064758587782,0.9536825840661184
227,0.07190452584333333,0.9536444454344023
228,0.07096962506592011,0.9536063681168075
229,0.07175321219258149,0.9535683516346083
230,0.07083101216308371,0.9535303955150627
231,0.07160443686194234,0.9534924992935415
232,0.07069474267421241,0.953454662511604
233,0.07145813220708779,0.9534168847168394
234,0.07056075275380472,0.9533791654642124
235,0.0713142329541202,0.9533415043146127
236,0.07042898081070859,0.9533039008352475
237,0.07117267609577718,0.9532663545993294
238,0.070299367410163,0.9532288651864337
239,0.071033400793066,0.9531914321813496
240,0.07017185518087388,0.9531540551748482
241,0.07089634828199891,0.9531167337633346
242,0.07004638872683519,0.9530794675490549
243,0.07076146178513541,0.9530422561391954
244,0.06992291454361474,0.9530050991464314
245,0.07062868642764382,0.9529679961881947
246,0.06980138093885387,0.9529309468874788
247,0.07049796915761992,0.9528939508715746
248,0.06968173795673391,0.9528570077743864
249,0.07036925867041668,0.9528201172320805
250,0.06956393730619137,0.9527832788867999
251,0.07024250533675189,0.9527464923865375
252,0.06944793229266202,0.9527097573808981
253,0.07011766113437815,0.9526730735269487
254,0.0693336777531613,0.9526364404833935
255,0.06999467958311348,0.9525998579153037
256,0.0692211299945132,0.95256332549062
257,0.06987351568303805,0.9525268428820373
258,0.0691102467345503,0.952490409766016
259,0.06975412585568393,0.9524540258232406
260,0.0690009870461256,0.9524176907377735
261,0.06963646788805014,0.9523814041973807
262,0.06889331130377659,0.9523451658946356
263,0.06952050087927929,0.9523089755246239
264,0.06878718113290293,0.9522728327872465
265,0.06940618518985905,0.9522367373846116
266,0.06868255936131415,0.9522006890226857
267,0.0692934823932017,0.9521646874114478
268,0.0685794099730283,0.9521287322636888
269,0.06918235522947681,0.9520928232954764
270,0.06847769806419188,0.952056960227246
271,0.06907276756157346,0.9520211427800862
272,0.0683773898010173,0.9519853706810045
273,0.06896468433307655,0.9519496436582221
274,0.06827845237962409,0.9519139614442801
275,0.068858071528154,0.9518783237731222
276,0.06818085398768668,0.9518427303836701
277,0.06875289613324612,0.951807181015545
278,0.06808456376779538,0.9517716754134153
279,0.06864912610046911,0.9517362133222983
280,0.06798955178244019,0.9517007944921122
281,0.06854673031264023,0.9516654186740126
282,0.06789578898053408,0.9516300856228375
283,0.06844567854983821,0.9515947950952574
284,0.06780324716539796,0.9515595468504165
285,0.06834594145742434,0.9515243406512134
286,0.06771189896413057,0.9514891762622049
287,0.06824749051544397,0.9514540534493208
288,0.06762171779829645,0.9514189719828584
289,0.06815029800934466,0.9513839316341025
290,0.06753267785586435,0.9513489321779109
291,0.06805433700193754,0.9513139733892186
292,0.06744475406433245,0.9512790550478692
293,0.06795958130654194,0.9512441769344784
294,0.06735792206498377,0.9512093388315467
295,0.06786600546126006,0.9511745405249404
296,0.06727215818821507,0.951139781802023
297,0.06777358470431473,0.9511050624519725
298,0.06718743942988661,0.9510703822655927
299,0.06768229495040758,0.9510357410379653
300,0.06710374342864464,0.9510011385631851
301,0.06759211276804271,0.9509665746392315
302,0.0670210484441671,0.9509320490656968
303,0.06750301535777202,0.9508975616441807
304,0.06693933333629144,0.9508631121778042
305,0.06741498053131423,0.9508287004706938
306,0.0668585775449795,0.9507943263313557
307,0.06732798669151073,0.9507599895676233
308,0.0667787610710834,0.9507256899900169
309,0.06724201281307322,0.9506914274112989
310,0.06669986445787035,0.9506572016446327
311,0.0671570384240917,0.9506230125074514
312,0.06662186877327651,0.9505888598151662
313,0.06707304358826129,0.9505547433878082
314,0.06654475559285153,0.9505206630464513
315,0.06699000888779927,0.9504866186130362
316,0.0664685069833628,0.950452609911617
317,0.06690791540701849,0.9504186367674263
318,0.06639310548703393,0.9503846990077104
319,0.06682674471652708,0.9503507964611115
320,0.06631853410638137,0.950316928958018
321,0.06674647885802676,0.9502830963293911
322,0.06624477628962815,0.9502492984087547
323,0.06666710032968191,0.9502155350300996
324,0.0661718159166657,0.9501818060303737
325,0.06658859207203546,0.9501481112463536
326,0.0660996372855412,0.9501144505168694
327,0.06651093745444564,0.9500808236817234
328,0.06602822509944668,0.9500472305831383
329,0.06643412026202122,0.9500136710635302
330,0.06595756445418798,0.949980144966928
331,0.06635812468303398,0.9499466521391496
332,0.06588764082611094,0.9499131924268227
333,0.06628293529678701,0.949879765677748
334,0.06581844006047066,0.9498463717420078
335,0.06620853706191905,0.9498130104695889
336,0.06574994836021654,0.9497796817123122
337,0.06613491530512909,0.949746385323286
338,0.06568215227518255,0.9497131211567985
339,0.06606205571029633,0.9496798890683528
340,0.06561503869166212,0.9496466889136264
341,0.06598994430798856,0.9496135205519332
342,0.06554859482235284,0.9495803838402558
343,0.06591856746533319,0.9495472786405539
344,0.06548280819665478,0.9495142048124617
345,0.06584791187624481,0.9494811622186347
346,0.06541766665130738,0.9494481507225834
347,0.06577796455198502,0.9494151701893534
348,0.06535315832135158,0.9493822204825758
349,0.06570871281205036,0.9493493014699455
350,0.06528927163140663,0.9493164130187962
351,0.06564014427536795,0.9492835549979248
352,0.06522599528724275,0.9492507272769368
353,0.06557224685179049,0.9492179297257247
354,0.06516331826764246,0.9491851622163865
355,0.0655050087338764,0.9491524246214528
356,0.06510122981653875,0.949119716814301
357,0.06543841838894394,0.9490870386695262
358,0.06503971943541716,0.9490543900627917
359,0.06537246455139278,0.949021770870071
360,0.06497877687597126,0.9489891809685994
361,0.06530713621527266,0.9489566202373639
362,0.0649183921330051,0.9489240885542084
363,0.06524242262710184,0.9488915858002123
364,0.06485855543756903,0.9488591118561785
365,0.06517831327891609,0.9488266666034869
366,0.06479925725032049,0.9487942499250783
367,0.06511479790154315,0.9487618617038466
368,0.06474048825510428,0.9487295018249722
369,0.06505186645809558,0.948697170173163
370,0.06468223935274,0.9486648666348733
371,0.06498950913766972,0.9486325910962943
372,0.06462450165500969,0.948600343445682
373,0.06492771634924599,0.9485681235706617
374,0.0645672664788426,0.9485359313618955
375,0.06486647871578272,0.9485037667083495
376,0.06451052534068148,0.9484716295014597
377,0.06480578706849527,0.9484395196319062
378,0.06445426995103005,0.9484074369933264
379,0.06474563244131476,0.9483753814777477
380,0.06439849220917557,0.9483433529795793
381,0.06468600606551717,0.9483113513928978
382,0.06434318419807158,0.9482793766138962
383,0.06462689936452155,0.9482474285380705
384,0.06428833817938763,0.948215507062116
385,0.06456830394884604,0.9481836120843362
386,0.06423394658870876,0.9481517435017843
387,0.06451021161121957,0.9481199012139181
388,0.06418000203088454,0.9480880851199055
389,0.06445261432184138,0.9480562951207833
390,0.06412649727552429,0.9480245311171811
391,0.06439550422378469,0.9479927930104934
392,0.06407342525262617,0.9479610807022997
393,0.06433887362853911,0.9479293940971381
394,0.06402077904834354,0.9478977330974819
395,0.06428271501168718,0.9478660976077137
396,0.0639685519008783,0.9478344875330493
397,0.06422702100870653,0.9478029027788083
398,0.06391673719649844,0.9477713432499416
399,0.06417178441090171,0.9477398088547718
400,0.06386532846567633,0.9477082995000757
401,0.06411699816145221,0.9476768150939108
402,0.06381431937934101,0.9476453555439436
403,0.06406265535157864,0.9476139207604312
404,0.06376370374524432,0.9475825106529809
405,0.06400874921681993,0.9475511251312128
406,0.063713475504435,0.9475197641064517
407,0.06395527313341981,0.9474884274896063
408,0.06366362872783349,0.9474571151937298
409,0.06390222061481743,0.9474258271304116
410,0.06361415761291228,0.9473945632129728
411,0.06384958530823882,0.9473633233561114
412,0.06356505648047049,0.9473321074730302
413,0.06379736099138739,0.9473009154784426
414,0.06351631977150302,0.9472697472883403
415,0.06374554156922838,0.9472386028179484
416,0.06346794204416187,0.9472074819839108
417,0.06369412107086346,0.9471763847028375
418,0.06341991797080382,0.9471453108928959
419,0.06364309364649688,0.9471142604709581
420,0.06337224233512304,0.9470832333560902
421,0.06359245356448416,0.9470522294671602
422,0.06332491002936878,0.9470212487237292
423,0.06354219520846532,0.9469902910452822
424,0.06327791605163832,0.9469593563526685
425,0.06349231307457788,0.9469284445669541
426,0.0632312555032496,0.9468975556082895
427,0.0634428017687475,0.946866689400236
428,0.06318492358618885,0.94683584586387
429,0.0633936560040534,0.9468050249220323
430,0.06313891560062718,0.9467742264991904
431,0.06334487059816737,0.9467434505177355
432,0.06309322694251068,0.9467126969021967
433,0.06329644047086123,0.9466819655777333
434,0.06304785310121422,0.9466512564686631
435,0.06324836064158618,0.9466205695012125
436,0.06300278965726587,0.9465899046002929
437,0.0632006262271136,0.9465592616934327
438,0.06295803228012781,0.9465286407073334
439,0.06315323243924395,0.9464980415685382
440,0.06291357672604503,0.9464674642052066
441,0.06310617458257574,0.9464369085453901
442,0.06286941883594808,0.9464063745175529
443,0.0630594480523345,0.9463758620510392
444,0.06282555453341906,0.9463453710741409
445,0.06301304833226042,0.9463149015176231
446,0.0627819798227076,0.9462844533114466
447,0.06296697099255393,0.9462540263859636
448,0.06273869078680407,0.9462236206724027
449,0.06292121168787236,0.9461932361019975
450,0.06269568358556624,0.9461628726060224
451,0.06287576615538445,0.946132530117325
452,0.06265295445389295,0.9461022085683815
453,0.06283063021287245,0.9460719078914669
454,0.06261049969995125,0.9460416280203062
455,0.0627857997568877,0.9460113688882992
456,0.06256831570344752,0.9459811304303288
457,0.06274127076095015,0.9459509125794257
458,0.06252639891394811,0.9459207152712618
459,0.06269703927380038,0.9458905384411802
460,0.062484745849241984,0.9458603820239524
461,0.0626531014176919,0.9458302459556449
462,0.0624433530937493,0.9458001301724988
463,0.0626094533867333,0.9457700346110915
464,0.06240221729697204,0.9457399592079319
465,0.06256609144526819,0.9457099039013658
466,0.06236133517198314,0.9456798686278259
467,0.06252301192629918,0.9456498533257219
468,0.06232070349395802,0.9456198579335615
469,0.06248021122995471,0.9455898823893444
470,0.0622803190987441,0.9455599266326203
471,0.06243768582199055,0.9455299906018628
472,0.062240178881467725,0.9455000742378998
473,0.06239543223233329,0.9454701774792145
474,0.06220027979517697,0.9454403002673505
475,0.06235344705365916,0.9454104425415899
476,0.06216061884952005,0.9453806042440452
477,0.06231172694000908,0.9453507853149014
478,0.06212119310945814,0.9453209856965799
479,0.062270268605439556,0.9452912053299259
480,0.06208199969401158,0.9452614441577087
481,0.06222906882270651,0.9452317021220927
482,0.062043035775039,0.9452019791663542
483,0.06218812442198389,0.9451722752329663
484,0.0620042985760454,0.9451425902648939
485,0.062147432289610796,0.9451129242065899
486,0.06196578537102419,0.945083277001546
487,0.0621069893668761,0.9450536485945603
488,0.061927493483326,0.9450240389291693
489,0.06206679264882492,0.9449944479502637
490,0.06188942028455872,0.9449648756039636
491,0.06202683918310317,0.9449353218347009
492,0.06185156319351213,0.9449057865883431
493,0.06198712606882526,0.9448762698106739
494,0.06181391967511422,0.9448467714485017
495,0.06194765045547168,0.9448172914474241
496,0.06177648723941034,0.9447878297544179
497,0.0619084095418122,0.9447583863167752
498,0.06173926344056846,0.9447289610817001
499,0.061869400574858326,0.9446995539970355
500,0.06170224587591225,0.9446701650096297
502,0.06166543218497283,0.9446114411215605
504,0.06162882004857166,0.9445527890056347
506,0.06159240718791957,0.9444942082530758
508,0.06155619136374158,0.9444356984597898
510,0.0615201703754227,0.9443772592257202
512,0.061484342060174356,0.9443188901555525
514,0.061448704292221816,0.9442605908553997
516,0.06141325498201191,0.9442023609382936
518,0.06137799207543904,0.9441442000183724
520,0.06134291355309101,0.9440861077156935
522,0.06130801742951285,0.9440280836523003
524,0.061273301752488726,0.9439701274539711
526,0.06123876460234092,0.9439122387518764
528,0.06120440409124587,0.9438544171780622
530,0.061170218362566656,0.9437966623708386
532,0.06113620559020259,0.9437389739693384
534,0.06110236397795155,0.9436813516175901
536,0.061068691758891354,0.9436237949625996
538,0.06103518719477163,0.9435663036543502
540,0.061001848575425344,0.9435088773473936
542,0.060968674218188045,0.9434515156973363
544,0.060935662467337434,0.9433942183640108
546,0.06090281169353966,0.9433369850110646
548,0.060870120293314456,0.9432798153043043
550,0.060837586688509,0.9432227089130244
552,0.06080520932578508,0.9431656655086332
554,0.060772986676118704,0.9431086847671685
556,0.060740917234311444,0.9430517663652014
558,0.060708999518512684,0.9429949099845041
560,0.06067723206975194,0.9429381153089889
562,0.06064561345148496,0.942881382024128
564,0.060614142249146456,0.942824709819947
566,0.06058281706971605,0.9427680983877567
568,0.060551636541293336,0.9427115474226848
570,0.06052059931268187,0.9426550566219102
572,0.06048970405298383,0.9425986256858586
574,0.06045894945120212,0.9425422543155452
576,0.06042833421585457,0.9424859422177002
578,0.06039785707459366,0.9424296890989109
580,0.06036751677383609,0.9423734946701429
582,0.06033731207840228,0.9423173586428044
584,0.060307241771159974,0.9422612807330945
586,0.060277304652681045,0.942205260657503
588,0.06024749954090073,0.942149298137027
590,0.06021782527078928,0.9420933928918355
592,0.060188280694026805,0.9420375446482924
594,0.06015886467868751,0.9419817531324928
596,0.06012957610893177,0.9419260180737836
598,0.060100413884702435,0.9418703392022841
600,0.06007137692142886,0.9418147162526702
602,0.06004246414973963,0.9417591489599706
604,0.06001367451517768,0.941703637062236
606,0.0599850069779251,0.9416481802992245
608,0.05995646051253086,0.9415927784132297
610,0.05992803410764767,0.9415374311478686
612,0.0598997267657725,0.941482138250365
614,0.05987153750299307,0.9414268994679732
616,0.05984346534873864,0.9413717145509549
618,0.05981550934554023,0.9413165832518092
620,0.05978766854879029,0.941261505325397
622,0.059759942026512476,0.941206480526322
624,0.059732328859133016,0.9411515086136183
626,0.059704828139258564,0.9410965893467539
628,0.05967743897145954,0.9410417224881152
630,0.059650160472054556,0.9409869078004647
632,0.05962299176890422,0.9409321450503707
634,0.05959593200120524,0.9408774340042885
636,0.05956898031929164,0.9408227744315635
638,0.05954213588443771,0.9407681661029169
640,0.0595153978686672,0.940713608791016
642,0.059488765454566196,0.9406591022699896
644,0.05946223783509819,0.940604646316605
646,0.05943581421342366,0.9405502407082724
648,0.059409493802727094,0.940495885223821
650,0.05938327582603998,0.9404415796450203
652,0.05935715951607564,0.9403873237540199
654,0.059331144115060755,0.9403331173356664
656,0.059305228874574976,0.9402789601754595
658,0.059279413055391805,0.9402248520610735
660,0.05925369592732249,0.9401707927815713
662,0.05922807676906558,0.9401167821279824
664,0.05920255486805309,0.9400628198925292
666,0.059177129520309034,0.9400089058675984
668,0.05915180003030443,0.9399550398489896
670,0.05912656571081505,0.9399012216341617
672,0.05910142588278663,0.939847451020633
674,0.05907637987519852,0.9397937278079412
676,0.05905142702493064,0.9397400517971303
678,0.05902656667663593,0.9396864227910411
680,0.05900179818261218,0.939632840592591
682,0.05897712090267704,0.9395793050083663
684,0.05895253420404795,0.9395258158439839
686,0.05892803746122024,0.939472372907258
688,0.058903630055852134,0.9394189760085189
690,0.05887931137664759,0.9393656249575978
692,0.05885508081924574,0.939312319567272
694,0.05883093778610728,0.9392590596499986
696,0.05880688168641184,0.9392058450212214
698,0.05878291193594386,0.9391526754958167
700,0.05875902795699616,0.9390995508924312
702,0.058735229178262585,0.9390464710278313
704,0.058711515034739495,0.9389934357224264
706,0.05868788496762797,0.9389404447971939
708,0.05866433842423728,0.9388874980748881
710,0.058640874857888124,0.9388345953771833
712,0.05861749372782438,0.9387817365298156
714,0.05859419449911714,0.938728921358432
716,0.05857097664257944,0.9386761496893423
718,0.05854783963467564,0.9386234213509227
720,0.05852478295743743,0.9385707361723451
722,0.05850180609837955,0.9385180939841299
724,0.05847890855041519,0.9384654946175041
726,0.05845608981177692,0.9384129379051304
728,0.05843334938593567,0.9383604236802616
730,0.05841068678152311,0.9383079517778203
732,0.05838810151225517,0.9382555220341601
734,0.05836559309685476,0.938203134285597
736,0.058343161058982025,0.9381507883701944
738,0.05832080492715645,0.9380984841275789
740,0.05829852423468981,0.938046221397149
742,0.058276318519613825,0.9379940000200342
744,0.05825418732461344,0.9379418198390163
746,0.058232130196957096,0.9378896806967066
748,0.058210146688432,0.9378375824368183
750,0.05818823635527874,0.9377855249053687
753,0.05818601981512117,0.9377075146368471
756,0.05812294003592885,0.9376295951451715
759,0.05811993404756223,0.9375517659197959
762,0.05805828673394158,0.9374740264557051
765,0.05805452624757899,0.937396376251726
768,0.05799426515259156,0.9373188148116516
771,0.05798978377435986,0.9372413416438881
774,0.05793086431711846,0.9371639562618743
777,0.057925694359451954,0.9370866581825126
780,0.05786807356151489,0.9370094469281633
783,0.05786224609166465,0.9369323220246696
786,0.057805882515997144,0.9368552830032387
789,0.05779942740273356,0.9367783293976955
792,0.05774428109511602,0.9367014607482879
795,0.057737227053677224,0.9366246765972939
798,0.057683259486468665,0.9365479764920724
801,0.05767563412183581,0.9364713599845941
804,0.05762280813997593,0.9363948266289303
807,0.0576146379885272,0.9363183759847457
810,0.05756291775769502,0.9362420076156771
813,0.057554228327302524,0.9361657210878784
816,0.05750357928413375,0.9360895159720681
819,0.05749439509276331,0.9360133918428705
822,0.05744478389704069,0.9359373482779075
825,0.05743512850990506,0.9358613848593359
828,0.05738652299863743,0.9357855011722027
831,0.05737641906396237,0.9357096968053681
834,0.05732878820727757,0.9356339713507111
837,0.05731825749072901,0.9355583244047911
840,0.05727157134949915,0.9354827555663178
843,0.05726063476732445,0.9354072644375346
846,0.057214864452455196,0.9353318506253274
849,0.05720354210338427,0.9352565137375214
852,0.05715865973669739,0.9351812533876375
855,0.05714697093265148,0.9351060691907175
858,0.05710294960929337,0.9350309607656082
861,0.05709091290494572,0.934955927734051
864,0.05704772665726587,0.9348809697218169
867,0.05703535987849614,0.9348060863563373
870,0.05699298364132398,0.9347312772689117
873,0.056980303912611795,0.9346565420934646
876,0.056938713489883185,0.9345818804673939
879,0.05692573726067585,0.9345072920301003
882,0.05688490929335249,0.9344327764246432
885,0.056871652363446205,0.9343583332972738
888,0.05683156429867239,0.9342839622958373
891,0.05681804184264926,0.9342096630713546
894,0.05677867190409684,0.9341354352788671
897,0.056764898494844854,0.9340612785743576
900,0.05672622565420177,0.9339871926170779
903,0.05671221528555864,0.9339131770705538
906,0.05667421923510877,0.9338392315973851
909,0.0566599853436592,0.9337653558662736
912,0.05662264646991572,0.933691549547388
915,0.05660820195597358,0.933617812312644
918,0.05657150131431717,0.9335441438366263
921,0.05655685856212813,0.93347054379748
924,0.05652077785241577,0.9333970118744302
927,0.05650594874960138,0.9333235477504334
930,0.05647047029270449,0.9332501511099157
933,0.05645546624898176,0.933176821639934
936,0.05642057296421407,0.933103559030435
939,0.056405404929419665,0.9330303629722907
942,0.05637108031282179,0.9329572331606169
945,0.05635575879426066,0.9328841692915485
948,0.05632198689771128,0.9328111710631413
951,0.0563065219768566,0.9327382381769167
954,0.05627328738796858,0.9326653703353779
957,0.05625768873654436,0.9325925672443776
960,0.05622497655932292,0.9325198286108575
963,0.05620925345478016,0.9324471541441631
966,0.056177049291010236,0.9323745435565901
969,0.05616121063143304,0.9323019965615355
972,0.056129500562763134,0.93222951287503
975,0.05611355488121328,0.9321570922145918
978,0.05608232545191853,0.932084734300416
981,0.056066280930246744,0.9320124388548391
984,0.05603551913063236,0.9319402056008543
987,0.05601938361277909,0.9318680342641547
990,0.055989076863208455,0.9317959245745263
993,0.055972857868002754,0.9317238762592054
996,0.05594299400352367,0.9316518890510801
999,0.05592669873700752,0.9315799626836792
1000,0.05591246951314898,0.9315560007022988
1004,0.055882101401756784,0.931460219888091
1008,0.055851888355965724,0.9313645459877097
1012,0.05582182907852014,0.9312689783875121
1016,0.055791922288008916,0.9311735164771646
1020,0.05576216671857773,0.9310781596530248
1024,0.055732561119658165,0.9309829073176319
1028,0.0557031042556943,0.9308877588783208
1032,0.05567379490588319,0.9307927137477544
1036,0.05564463186391818,0.9306977713433702
1040,0.05561561393773794,0.9306029310897725
1044,0.055586739949284016,0.9305081924146882
1048,0.05555800873426114,0.9304135547520546
1052,0.05552941914190365,0.9303190175411032
1056,0.05550097003475044,0.9302245802249444
1060,0.055472660288420884,0.9301302422524391
1064,0.055444488791398565,0.9300360030767938
1068,0.05541645444481717,0.9299418621575468
1072,0.055388556162257976,0.9298478189561314
1076,0.05536079286954045,0.9297538729417198
1080,0.05533316350453026,0.9296600235867564
1084,0.055305667016942124,0.9295662703668404
1088,0.055278302368151434,0.9294726127650698
1092,0.05525106853100869,0.9293790502667159
1096,0.05522396448965904,0.9292855823627157
1100,0.05519698923936544,0.9291922085468253
1104,0.05517014178633214,0.9290989283201175
1108,0.05514342114754003,0.9290057411838013
1112,0.055116826350577026,0.9289126466473561
1116,0.055090356433476526,0.9288196442207376
1120,0.05506401044456012,0.9287267334214422
1124,0.0550377874422785,0.9286339137684794
1128,0.05501168649506338,0.9285411847863436
1132,0.05498570668117551,0.9284485460023642
1136,0.054959847088557695,0.9283559969485871
1140,0.05493410681469596,0.928263537161668
1144,0.05490848496647466,0.9281711661800145
1148,0.05488298066004333,0.9280788835475503
1152,0.054857593020678934,0.9279866888114923
1156,0.054832321182656206,0.9278945815224329
1160,0.05480716428911876,0.9278025612353479
1164,0.05478212149194988,0.927710627507573
1168,0.05475719195165218,0.927618779901617
1172,0.0547323748372232,0.9275270179823629
1176,0.054707669326038766,0.9274353413188198
1180,0.05468307460373374,0.9273437494827066
1184,0.05465858986408906,0.9272522420506997
1188,0.05463421430891896,0.927160818601183
1192,0.054609947147960046,0.9270694787168194
1196,0.05458578759876675,0.9269782219833081
1200,0.05456173488659954,0.9268870479897585
1204,0.05453778824432456,0.9267959563281538
1208,0.05451394691231381,0.9267049465946475
1212,0.054490210138339004,0.9266140183873014
1216,0.05446657717747856,0.9265231713083205
1220,0.05444304729201913,0.9264324049625113
1224,0.05441961975136105,0.9263417189582411
1228,0.05439629383192537,0.9262511129063268
1232,0.054373068817062165,0.9261605864204967
1236,0.05434994399696313,0.9260701391183638
1240,0.0543269186685711,0.9259797706204735
1244,0.054303992135494535,0.9258894805483945
1248,0.054281163707923116,0.9257992685289183
1250,0.05426978606991536,0.925754191672962
1255,0.05424267449630385,0.9256415841932234
1260,0.05421326025711523,0.9255290970864685
1265,0.05418636376460203,0.9254167296424002
1270,0.0541573307763942,0.9253044811588133
1275,0.05413064926911271,0.9251923509397307
1280,0.05410198741538274,0.9250803382941588
1285,0.054075520620379944,0.9249684425409861
1290,0.05404722019575178,0.9248566630028262
1295,0.05402096767687043,0.9247449990087828
1300,0.053993019366171166,0.9246334498943255
1305,0.053966980537030175,0.9245220150029201
1310,0.05393937539554939,0.9244106936813866
1315,0.053913549531694735,0.924299485283571
1320,0.0538862789665571,0.9241883891701792
1325,0.05386066521681926,0.924077404706086
1330,0.05383372096940505,0.9239665312635821
1335,0.053808318366529995,0.9238557682197084
1340,0.05378169249587987,0.9237451149571478
1345,0.0537564999664551,0.923634570864134
1350,0.05373018483360309,0.9235241353350603
1355,0.05370520120734631,0.9234138077690989
1360,0.05367918946052121,0.9233035875700516
1365,0.05365441347895293,0.9231934741493362
1370,0.053628698039604496,0.9230834669213583
1375,0.05360412836414722,0.9229735653068554
1380,0.05357870241374276,0.9228637687310466
1385,0.053554337633288734,0.9227540766248437
1390,0.05352919460083955,0.9226444884238908
1395,0.05350503323880486,0.9225350035688173
1400,0.05348016678907328,0.922425621504165
1405,0.05345620730999302,0.9223163416816498
1410,0.0534316113323464,0.9222071635546805
1415,0.05340785214801434,0.9220980865838874
1420,0.0533835207458865,0.9219891102334751
1425,0.053359960221080964,0.9218802339725293
1430,0.053335887702006236,0.9217714572746085
1435,0.05331252415982965,0.921662779617891
1440,0.05328870502601219,0.9215542004842331
1445,0.05326553675285936,0.921445719361383
1450,0.05324196569225569,0.9213373357399389
1455,0.05321899094244225,0.9212290491157756
1460,0.053195662820313475,0.9211208589884599
1465,0.053172879820378605,0.9210127648623205
1470,0.053149789671301906,0.9209047662447647
1475,0.05312719662401152,0.9207968626492092
1480,0.05310433964431208,0.9206890535915506
1485,0.053081934732378586,0.9205813385915282
1490,0.05305930627295922,0.920473717174121
1495,0.053037087662492884,0.9203661888671556
1500,0.05301468322204818,0.9202587532036116
1506,0.052988103757873405,0.920129952042127
1512,0.052961668452968125,0.9200012828243711
1518,0.052935376004185734,0.919872744762549
1524,0.05290922512408447,0.9197443370785539
1530,0.05288321454070297,0.9196160590002277
1536,0.052857342997334536,0.9194879097636478
1542,0.05283160925230534,0.9193598886120543
1548,0.05280601207876061,0.9192319947963294
1554,0.05278055026445369,0.9191042275741836
1560,0.052755222611533946,0.918976586210168
1566,0.052730027936344404,0.9188490699770434
1572,0.052704965069221954,0.918721678153162
1578,0.052680032854299876,0.9185944100243331
1584,0.052655230149308944,0.918467264883317
1590,0.05263055582539467,0.9183402420291166
1596,0.05260600876692355,0.9182133407667904
1602,0.05258158787130307,0.9180865604094091
1608,0.052557292048798984,0.9179599002751012
1614,0.05253312022235803,0.9178333596893287
1620,0.05250907132743107,0.917706937982563
1626,0.052485144311804816,0.9175806344925375
1632,0.05246133813543089,0.9174544485631309
1638,0.05243765177025957,0.9173283795431192
1644,0.052414084200075164,0.9172024267885684
1650,0.05239063442033771,0.9170765896607598
1656,0.052367301438022505,0.9169508675264866
1662,0.052344084271466945,0.9168252597590316
1668,0.05232098195021375,0.9166997657366215
1674,0.05229799351486406,0.9165743848435893
1680,0.05227511801692609,0.9164491164695647
1686,0.05225235451867192,0.9163239600097104
1692,0.05222970209299197,0.9161989148641797
1698,0.05220715982325332,0.9160739804395667
1704,0.052184726803163516,0.9159491561457191
1710,0.052162402136629975,0.9158244414000493
1716,0.05214018493762691,0.9156998356237077
1722,0.052118074330062054,0.915575338242959
1728,0.052096069447647414,0.9154509486900387
1734,0.05207416943376664,0.9153266663995833
1740,0.0520523734413542,0.9152024908150667
1746,0.05203068063276416,0.9150784213818387
1750,0.05201627567527795,0.9149957671282329
1757,0.05199109925023108,0.9148512346340417
1764,0.05196621307224857,0.9147068445234564
1771,0.051941307398526995,0.9145625959456044
1778,0.05191669452332104,0.914418488058887
1785,0.05189205507118865,0.9142745200303847
1792,0.05186771003597348,0.9141306910347301
1799,0.05184333236533175,0.913987000254011
1806,0.05181924987150933,0.9138434468802857
1813,0.05179512963112681,0.9137000301117199
1820,0.05177130453750587,0.9135567491545519
1827,0.051747437464120104,0.9134136032234769
1834,0.05172386478051741,0.9132705915398502
1841,0.051700246697832984,0.9131277133336801
1848,0.05167692157901247,0.9129849678412275
1855,0.05165354839662135,0.9128423543064653
1862,0.05163046613655304,0.9126998719798719
1869,0.05160733384876645,0.9125575201201607
1876,0.05158448987519499,0.9124152979928163
1883,0.051561594559815245,0.9122732048690908
1890,0.051538984429094464,0.9121312400284185
1897,0.05151632224613481,0.9119894027555574
1904,0.051493941638339175,0.91184769234383
1911,0.05147150882868879,0.9117061080916755
1918,0.05144935354296062,0.9115646493034504
1925,0.05142714642701313,0.9114233152913758
1932,0.051405212377143954,0.911282105373738
1939,0.05138322735339808,0.9111410188739114
1946,0.051361510563624514,0.9110000551223509
1953,0.051339744107259375,0.9108592134548936
1960,0.051318240708260666,0.9107184932146355
1967,0.05129668936968357,0.9105778937491945
1974,0.05127539559476855,0.9104374144117136
1981,0.05125405599816313,0.9102970545636144
1988,0.051232968179635505,0.91015681356858
1995,0.0512118370214922,0.9100166907981195
2000,0.05119692906127534,0.9099166751423867
2008,0.05117306856903646,0.909756774331897
2016,0.05114933910477806,0.9095970256288413
2024,0.051125739451850956,0.9094374281277302
2032,0.051102268410015216,0.9092779809296349
2040,0.051078924795175874,0.9091186831453321
2048,0.05105570743911743,0.9089595338935746
2056,0.051032615189248495,0.9088005323037399
2064,0.051009646908346876,0.9086416775115885
2072,0.050986801474312705,0.9084829686620252
2080,0.05096407777992217,0.9083244049087542
2088,0.05094147473258896,0.9081659854121302
2096,0.050918991254125634,0.9080077093420962
2104,0.05089662628051624,0.9078495758753624
2112,0.05087437876168451,0.9076915841973414
2120,0.05085224766127091,0.9075337335008629
2128,0.05083023195641551,0.9073760229860719
2136,0.050808330637535724,0.9072184518598501
2144,0.05078654270812082,0.90706101933837
2152,0.05076486718451829,0.9069037246438276
2160,0.05074330309573303,0.9067465670061087
2168,0.050721849483216876,0.9065895456612847
2176,0.050700505400683604,0.9064326598529134
2184,0.05067926991390225,0.9062759088322598
2192,0.050658142100511956,0.9061192918565333
2200,0.05063712104983213,0.9059628081898842
2208,0.050616205862678273,0.9058064571022683
2216,0.05059539565117983,0.9056502378719753
2224,0.05057468953859996,0.9054941497820976
2232,0.0505540866591613,0.9053381921230124
2240,0.05053358615787486,0.9051823641909772
2248,0.05051318719036843,0.9050266652886958
2250,0.05050810321519145,0.9049877606427315
2259,0.050485290252630044,0.9048127887099988
2268,0.05046262853454531,0.9046379780152061
2277,0.05044007126217529,0.9044633275950011
2286,0.05041765333559148,0.9042888364950795
2295,0.050395347263154845,0.9041145037696845
2304,0.05037316859018289,0.9039403284849151
2313,0.05035110934601582,0.9037663097118556
2322,0.05032916551484059,0.9035924465337228
2331,0.050307348842002955,0.9034187380413308
2340,0.050285635562281564,0.9032451833334344
2349,0.05026405731480426,0.9030717815184848
2358,0.0502425704132529,0.9028985317123439
2367,0.05022122655251021,0.902725433039634
2376,0.0501999619686845,0.9025524846328763
2385,0.050178848559880175,0.9023796856323756
2394,0.05015780234212775,0.90220703518778
2403,0.050136915550895306,0.9020345324539057
2412,0.05011608385248998,0.9018621765957807
2421,0.05009541994160204,0.9016899667846228
2430,0.05007479901702539,0.9015179021997218
2439,0.05005435434322165,0.9013459820277736
2448,0.050033940544604784,0.9011742054620158
2457,0.050013711555511986,0.9010025717042381
2466,0.0499935013292196,0.9008310799620138
2475,0.04997348456039275,0.9006597294502944
2484,0.04995347444375248,0.9004885193913086
2493,0.049933666515798336,0.9003174490139169
2500,0.049918235679508226,0.900184490356262
2510,0.049896372118940595,0.8999946944873815
2520,0.04987463081265791,0.8998050683606691
2530,0.04985301066497581,0.8996156109546272
2540,0.04983151059508358,0.8994263212565761
2550,0.049810129536765786,0.8992371982637977
2560,0.049788866438138256,0.89904824098332
2570,0.04976772026137807,0.8988594484309039
2580,0.04974668998246493,0.8986708196328155
2590,0.049725774590934774,0.8984823536222036
2600,0.04970497308962403,0.8982940494429772
2610,0.0496842844944308,0.8981059061470946
2620,0.04966370783407368,0.8979179227954552
2630,0.04964324214986292,0.8977300984576364
2640,0.04962288649547093,0.8975424322120064
2650,0.04960263993670674,0.8973549231444138
2660,0.04958250155130091,0.8971675703494494
2670,0.04956247042868746,0.8969803729298711
2680,0.049542545669795636,0.8967933299970965
2690,0.0495227263868491,0.8966064406685106
2700,0.0495030117031542,0.8964197040720904
2710,0.049483400752913735,0.8962331193411518
2720,0.04946389268102919,0.8960466856179922
2730,0.04944448664290911,0.8958604020517527
2740,0.04942518180428969,0.8956742677990301
2750,0.049405977341047624,0.8954882820249969
2761,0.04938509930112809,0.8952838681766092
2772,0.04936407684555629,0.8950796318916016
2783,0.04934344305690049,0.8948755720868741
2794,0.04932264973750859,0.8946716876905844
2805,0.049302256028316255,0.8944679776402584
2816,0.04928168773363004,0.8942644408831456
2827,0.04926153003804749,0.8940610763776634
2838,0.049241182763114184,0.8938578830892762
2849,0.04922125711730319,0.8936548599955757
2860,0.049201126959714146,0.8934520060823687
2871,0.04918142949808581,0.89324932034488
2882,0.049161512654160605,0.8930468017867308
2893,0.049142039605790395,0.8928444494221224
2904,0.04912233236694545,0.8926422622728568
2915,0.04910308005211752,0.8924402393697586
2926,0.049083578801397576,0.8922383797536795
2937,0.04906454362832232,0.8920366824716062
2948,0.04904524483707325,0.8918351465806876
2959,0.049026423298742315,0.8916337711459863
2970,0.04900732352344543,0.8914325552410779
2981,0.04898871219462053,0.8912314979473368
2992,0.04896980807385947,0.8910305983544226
3000,0.04895626542000825,0.8908845880953417
3012,0.04893604973506713,0.8906657274564317
3024,0.04891595107494202,0.8904470514903785
3036,0.04889596840514543,0.8902285590561894
3048,0.048876100704018925,0.8900102490207479
3060,0.04885634696249236,0.8897921202626692
3072,0.04883670618384756,0.8895741716710263
3084,0.048817177383491284,0.8893564021444647
3096,0.04879775958872414,0.8891388105930652
3108,0.04877845183852653,0.8889213959363312
3120,0.048759253183346785,0.8887041571028302
3132,0.04874016268488165,0.8884870930326132
3144,0.048721179415885586,0.8882702026742003
3156,0.04870230245995947,0.8880534849857442
3168,0.04868353091136515,0.8878369389353866
3180,0.04866486387482772,0.8876205635003659
3192,0.04864630046535566,0.8874043576671282
3204,0.048627839808059944,0.8871883204307078
3216,0.048609481037969984,0.886972450796512
3228,0.0485912232998672,0.8867567477769994
3240,0.04857306574811583,0.8865412103945132
3250,0.048558010382655815,0.8863617217387592
3263,0.04853881863679992,0.8861285565282726
3276,0.04851918589486244,0.8858955824217359
3289,0.048500229943302525,0.8856627982195865
3302,0.04848081629438986,0.8854302027322707
3315,0.04846209203954261,0.8851977947819804
3328,0.04844289349364606,0.8849655732019902
3341,0.04842439693147962,0.884733536837148
3354,0.048405409591945656,0.8845016845421336
3367,0.04838713680868146,0.8842700151835048
3380,0.04836835686890936,0.8840385276376492
3393,0.04835030403788687,0.8838072207904847
3406,0.04833172777820608,0.8835760935396972
3419,0.048313891156888084,0.8833451447935957
3432,0.0482955149415752,0.8831143734689091
3445,0.04827789086871357,0.8828837784934984
3458,0.04825971114314623,0.8826533588042653
3471,0.048242296036060686,0.8824231133489868
3484,0.04822430932402532,0.8821930410835424
3497,0.04820709967603048,0.8819631409745036
3500,0.04820272039040758,0.8819101114430818
3514,0.04818395155662083,0.881662760430159
3528,0.048165295010067305,0.8814156063527672
3542,0.04814674971591459,0.8811686479578401
3556,0.04812831465101906,0.8809218840061513
3570,0.04810998880372982,0.8806753132680702
3584,0.04809177117369409,0.8804289345283519
3598,0.048073660771671994,0.8801827465817738
3612,0.04805565661934612,0.8799367482355611
3626,0.04803775774914725,0.8796909383074549
3640,0.048019963204081174,0.8794453156282476
3654,0.048002272037550475,0.8791998790372457
3668,0.047984683313196594,0.8789546273876567
3682,0.04796719610472984,0.878709559541833
3696,0.04794980949577451,0.8784646743728574
3710,0.04793252257971474,0.8782199707663121
3724,0.047915334459539737,0.8779754476161507
3738,0.0478982442476976,0.8777311038278408
3750,0.04788367275576233,0.8775218082299965
3765,0.04786597123383081,0.8772603718909014
3780,0.047847552325538376,0.876999137840852
3795,0.0478300763689783,0.8767381047805778
3810,0.04781186560581254,0.87647727142675
3825,0.047794611019582836,0.8762166365087615
3840,0.047776604356288103,0.8759561987677643
3855,0.04775956703530548,0.8756959569576209
3870,0.04774176051588906,0.8754359098458232
3885,0.0477249364422862,0.8751760562095712
3900,0.0477073261973004,0.8749163948408895
3915,0.047690711437827486,0.8746569245420714
3930,0.04767329368175022,0.8743976441279425
3945,0.047656884385295285,0.8741385524248454
3960,0.04763965541406184,0.8738796482705149
3975,0.04762344780927245,0.873620930514209
3990,0.047606403997896146,0.873362398016914
4000,0.04759540490344593,0.8731901453823119
4016,0.04757789342226353,0.8729147105587675
4032,0.047560488165674715,0.8726394830397852
4048,0.04754318807193178,0.872364461492946
4064,0.04752599209095394,0.8720896445992719
4080,0.047508899184162026,0.8718150310543413
4096,0.0474919083243102,0.8715406195667619
4112,0.04747501849532446,0.8712664088578076
4128,0.0474582286921455,0.8709923976633029
4144,0.04744153792056501,0.8707185847310223
4160,0.04742494519709302,0.8704449688231826
4176,0.04740844954878648,0.8701715487124032
4192,0.04739205001312467,0.8698983231860203
4208,0.04737574563785423,0.8696252910429701
4224,0.0473595354808564,0.8693524510942878
4240,0.04734341861000852,0.8690798021638164
4250,0.047333392527402395,0.8689094930658584
4267,0.04731696507974415,0.8686201370026547
4284,0.0472995707272068,0.8683309930786497
4301,0.047283354946507296,0.8680420599359217
4318,0.047266154792448195,0.8677533362308896
4335,0.04725014635688391,0.8674648206349377
4352,0.04723313626706969,0.8671765118332639
4369,0.047217330948643166,0.8668884085255134
4386,0.04720050688130015,0.8666005094247917
4403,0.04718490054336876,0.8663128132596786
4420,0.047168258546688525,0.8660253187707283
4437,0.047152847141583853,0.8657380247125066
4454,0.047136383351349696,0.8654509298534218
4471,0.04712116291808292,0.8651640329751537
4488,0.047104873555375355,0.8648773328715088
4500,0.04709383826862096,0.8646750741535336
4518,0.047077368194370174,0.8643718678913195
4536,0.04706099657345356,0.8640688785725791
4554,0.0470447223219248,0.8637661048246085
4572,0.04702854436821826,0.8634635452881618
4590,0.04701246165298857,0.8631611986208816
4608,0.0469964731289467,0.8628590634948651
4626,0.046980577760712135,0.8625571385966667
4644,0.04696477452465121,0.8622554226284471
4662,0.04694906240873131,0.8619539143071424
4680,0.04693344041237025,0.8616526123633513
4698,0.04691790754629152,0.8613515155417873
4716,0.04690246283238359,0.8610506226026425
4734,0.046887105303562424,0.8607499323186809
4750,0.04687352658599949,0.8604828212155354
4769,0.046858130253480686,0.8601658323450122
4788,0.04684154631921435,0.8598490653358007
4807,0.04682634439836735,0.8595325188085149
4826,0.046809937870127,0.8592161913991265
4845,0.04679492597848244,0.8589000817610855
4864,0.04677869269236506,0.8585841885621687
4883,0.046763866548828685,0.858268510486497
4902,0.046747802440081365,0.8579530462345152
4921,0.046733157862396194,0.8576377945205094
4940,0.046717258962884686,0.8573227540739327
4959,0.04670279186516514,0.8570079236398702
4978,0.04668705430091519,0.8566933019782575
4997,0.04667276069128008,0.856378887862258
5000,0.046669719189413615,0.856329262420871
5020,0.04665405503411107,0.855998557254054
5040,0.04663848025520381,0.8556680791088426
5060,0.0466229937681737,0.8553378266088217
5080,0.04660759450184789,0.8550077983942669
5100,0.046592281398235166,0.8546779931216553
5120,0.04657705341235003,0.8543484094661943
5140,0.04656190951205326,0.854019046116154
5160,0.04654684867787826,0.8536899017782837
5180,0.046531869902880246,0.8533609751744796
5200,0.04651697219246802,0.8530322650414238
5220,0.04650215456424881,0.8527037701324865
5240,0.046487416047882944,0.8523754892158718
5250,0.04648007615666939,0.8522114286230814
5271,0.04646545770759628,0.8518670738548157
5292,0.04644945930462692,0.8515229516239271
5313,0.04643501590489516,0.8511790605653223
5334,0.04641917637451744,0.8508353993322452
5355,0.04640490368628236,0.8504919665934522
5376,0.046389218932112716,0.850148761036586
5397,0.04637511272673621,0.8498057813642934
5418,0.046359578758479875,0.8494630262970703
5439,0.04634563491371957,0.8491204945716588
5460,0.04633024784439311,0.8487781849391958
5481,0.046316462341680624,0.8484360961695349
5500,0.04630259401742108,0.8481267765790433
5522,0.0462874985722683,0.8477688405102982
5544,0.04627248277412079,0.8474111429473277
5566,0.04625754556430539,0.8470536825434954
5588,0.04624268589837799,0.8466964579715203
5610,0.046227902745920604,0.8463394679208665
5632,0.04621319509035976,0.845982711097083
5654,0.04619856192877442,0.8456261862247195
5676,0.046184002271714125,0.8452698920455126
5698,0.04616951514302299,0.8449138273159726
5720,0.04615509957965329,0.8445579908100023
5742,0.04614075463149686,0.8442023813183787
5750,0.04613555561111837,0.8440731248267035
5773,0.04612146957984257,0.8437016782300217
5796,0.04610583781729217,0.8433304766396996
5819,0.04609190674509123,0.8429595187340441
5842,0.0460764148363328,0.8425888032111282
5865,0.046062634536157374,0.8422183287851283
5888,0.046047278550378754,0.8418480941892841
5911,0.04603364495036325,0.8414780981737388
5934,0.04601842106799249,0.8411083395049127
5957,0.04600493020829728,0.8407388169683785
5980,0.045989834717896125,0.8403695293633668
6000,0.04597748854344635,0.8400485997527896
6024,0.045962738079725854,0.8396637164463914
6048,0.04594805749946811,0.83927908524255
6072,0.0459334457939202,0.8388947048502363
6096,0.045918901969114224,0.8385105739969513
6120,0.04590442504567493,0.8381266914282979
6144,0.045890014058593026,0.8377430559070477
6168,0.045875668057021,0.8373596662148504
6192,0.045861386104072345,0.8369765211499242
6216,0.04584716727661801,0.8365936195267976
6240,0.045833010665079645,0.836210960177792
6250,0.045827130225740705,0.8360515900123632
6275,0.045813351517690004,0.8356533472022003
6300,0.04579788548180461,0.8352553642361833
6325,0.045784242060572945,0.8348576398572188
6350,0.04576889742137858,0.8344601728271497
6375,0.045755385338226276,0.8340629619254728
6400,0.04574015841063876,0.8336660059503926
6425,0.04572677383516217,0.8332693037171304
6450,0.045711661047776186,0.8328728540573562
6475,0.0456984002643917,0.8324766558218429
6500,0.045683398156041916,0.8320807078757414
6526,0.04566879179684004,0.8316691863186269
6552,0.04565424599797459,0.8312579330280957
6578,0.04563975981907273,0.8308469467853756
6604,0.045625332334750225,0.8304362263885965
6630,0.04561096263440544,0.8300257706548716
6656,0.04559664982195778,0.8296155784180917
6682,0.04558239301563584,0.8292056485319474
6708,0.04556819134774263,0.8287959798643673
6734,0.04555404396444711,0.8283865713022937
6750,0.045545364499480025,0.8281347563781777
6777,0.0455316950207862,0.8277100404079517
6804,0.04551621818471219,0.8272856018340696
6831,0.04550266554997093,0.8268614394765923
6858,0.04548729295124317,0.8264375521726691
6885,0.04547385351206313,0.8260139387781933
6912,0.04545858176713533,0.8255905981669123
6939,0.0454452519935792,0.8251675292288346
6966,0.04543007783211551,0.8247447308709476
6993,0.04541685430888196,0.8243222020187735
7000,0.04541223426903062,0.824212701363916
7028,0.04539759817101133,0.8237748788168713
7056,0.04538301406458704,0.8233373435178012
7084,0.04536848108988324,0.8229000943263218
7112,0.04535399840186985,0.8224631301202446
7140,0.045339565170098586,0.8220264497948705
7168,0.04532518057845359,0.8215900522634607
7196,0.045310843824913245,0.8211539364546132
7224,0.04529655412131104,0.8207181013164004
7250,0.04528332656248462,0.820313647666008
7279,0.0452695973050567,0.8198628097330667
7308,0.04525395963131707,0.8194122696281967
7337,0.04524033050099826,0.8189620262510701
7366,0.045224781644637814,0.8185120785205091
7395,0.045211249330198496,0.8180624253713694
7424,0.04519578624097987,0.817613065756025
7453,0.04518234754697611,0.8171639986433255
7482,0.045166967284785746,0.8167152230190098
7500,0.045158058415389786,0.8164368188021185
7530,0.04514324632680828,0.8159730598291658
7560,0.04512847859067798,0.8155096099934674
7590,0.045113754433911336,0.8150464682342367
7620,0.0450990730977722,0.814583633510588
7650,0.0450844338376134,0.8141211047962769
7680,0.04506983592261548,0.8136588810829243
7710,0.04505527863553263,0.8131969613776066
7740,0.045040761272454696,0.8127353447044764
7750,0.04503593090365611,0.8125815396535122
7781,0.0450220011201579,0.8121049569119158
7812,0.04500607838394963,0.8116286953387568
7843,0.044992233981517915,0.8111527539139973
7874,0.044976386588253384,0.8106771316342332
7905,0.044962624607935486,0.8102018275123822
7936,0.044946849851937094,0.8097268405767671
7967,0.044933167445623944,0.809252169872516
7998,0.04491746272612142,0.8087778144600594
8000,0.04491651718556402,0.8087472216899668
8032,0.044901408825345296,0.8082579151242172
8064,0.044886338177420944,0.8077689424723078
8096,0.04487130455694457,0.8072803027514818
8128,0.04485630729268528,0.806791994995264
8160,0.044841345726756486,0.8063040182534295
8192,0.0448264192143501,0.8058163715904889
8224,0.04481152712349276,0.8053290540872523
8250,0.044799452217243525,0.8049333503603308
8283,0.044785206982865075,0.8044314223313104
8316,0.04476889854646654,0.8039298416602814
8349,0.044754725979813226,0.8034286074004038
8382,0.04473848139347556,0.8029277186211038
8415,0.044724378885977675,0.8024271744057752
8448,0.04470819578385184,0.8019269738532977
8481,0.04469416083113284,0.8014271160780294
8500,0.04468442391228962,0.8011394743300546
8534,0.044668922232980586,0.8006250293542081
8568,0.04465345262016057,0.8001109458641577
8602,0.044638014475048615,0.7995972229462779
8636,0.04462260721155057,0.7990838597022987
8670,0.0446072302559964,0.7985708552486818
8704,0.04459188304687976,0.7980582087155252
8738,0.044576565034601855,0.797545919248152
8750,0.044571165547117576,0.7973651962936964
8785,0.04455651259714688,0.796838340789886
8820,0.044539738484116104,0.7963118615648312
8855,0.04452514746055779,0.7957857577346427
8890,0.044508427609337674,0.7952600284320802
8925,0.04449389623976494,0.7947346728020526
8960,0.044477228608104435,0.7942096900043654
8995,0.044462754716445,0.7936850792131097
9000,0.044459449240229675,0.7936101651342085
9036,0.04444347727195269,0.7930710071800361
9072,0.04442753266649063,0.7925322409412967
9108,0.044411614906373555,0.7919938655632134
9144,0.04439572348579457,0.7914558802046094
9180,0.044379857910331645,0.7909182840380298
9216,0.04436401769668944,0.7903810762492659
9250,0.04434908035653241,0.7898740692275624
9287,0.04433394675480991,0.7893227183245811
9324,0.04431664455570438,0.7887717751984319
9361,0.04430156397534974,0.7882212390197834
9398,0.044284308209461866,0.7876711089711251
9435,0.04426927869165032,0.7871213842488354
9472,0.04425206761656294,0.7865720640621762
9500,0.04423989270790591,0.7861566307247707
9538,0.04422339040271538,0.7855931975820126
9576,0.044206911619022765,0.7850301888814146
9614,0.044190455914315446,0.7844676038134045
9652,0.0441740228566374,0.7839054415834029
9690,0.04415761202431636,0.7833437014078244
9728,0.0441412230057497,0.7827823825155481
9750,0.04413174443858684,0.7824576006739278
9789,0.044116073394627156,0.7818821970037246
9828,0.044098195308922596,0.7813072350212364
9867,0.044082570041547045,0.7807327139366209
9906,0.04406473214006711,0.7801586329731814
9945,0.044049150976626976,0.7795849913637654
9984,0.04403135178863881,0.779011788354452
10000,0.04402451449911851,0.7787767548519879
10040,0.04400743580460736,0.7781894931808163
10080,0.043990377559797185,0.7776026910044049
10120,0.043973339389868395,0.7770163475481212
10160,0.043956320929436195,0.7764304620493951
10200,0.043939321822311035,0.7758450337560707
10240,0.04392234172127595,0.7752600619263017
10250,0.043918099625865195,0.7751138902052072
10291,0.043901847621777346,0.7745148837027654
10332,0.04388335779094737,0.773916355041378
10373,0.043867145787074686,0.7733183034582751
10414,0.04384869127872846,0.7727207282023703
10455,0.043832517858801906,0.7721236285321361
10496,0.04381409744389379,0.7715270037166944
10500,0.04381241175444586,0.7714688218138087
10542,0.043794722023395634,0.7708581841328446
10584,0.04377705034364732,0.7702480431590027
10626,0.04375939640048053,0.7696383981375232
10668,0.04374175988750838,0.7690292483256764
10710,0.04372414050648753,0.7684205929892849
10750,0.04370737580553842,0.767841380293902
10793,0.043690510096859245,0.7672192254295502
10836,0.04367138229002154,0.7665975866362795
10879,0.043654552081956274,0.7659764631663902
10922,0.0436354559334665,0.765355854280619
10965,0.043618660035941136,0.7647357592501418
11000,0.04360292778990643,0.7642314095839802
11044,0.043584601558557035,0.7635978517413697
11088,0.04356629156039805,0.7629648298151922
11132,0.04354799753330133,0.7623323430591444
11176,0.04352971922242622,0.7617003907363862
11220,0.043511456380042626,0.7610689721178426
11250,0.043499013187159936,0.7606387650521065
11295,0.04348150968446678,0.7599939185315847
11340,0.043461725343298466,0.7593496282336148
11385,0.04344425393696823,0.7587058934117282
11430,0.043424498609796046,0.758062713326487
11475,0.0434070583066395,0.7574200872486618
11500,0.04339558555900896,0.7570633118802818
11546,0.043376604684301635,0.7564072909706807
11592,0.043357638718652586,0.7557518470348144
11638,0.043338687445339794,0.7550969793209344
11684,0.04331975065397705,0.7544426870864263
11730,0.04330082814033261,0.7537889695956224
11750,0.04329260536344053,0.7535049236829003
11797,0.04327444687075591,0.7528378425704396
11844,0.043253993490608836,0.7521713596083998
11891,0.04323586461969287,0.7515054740393216
11938,0.04321543846790643,0.7508401851126503
11985,0.04319733839498944,0.7501754920850903
12000,0.04319003894088232,0.7499634813304558
12048,0.043170391065319565,0.7492854540118594
12096,0.043150757191011836,0.7486080464323572
12144,0.04313113714001511,0.7479312578247207
12192,0.04311153073983873,0.7472550874278874
12240,0.04309193782326592,0.7465795344873053
12250,0.04308785764768435,0.7464388719402589
12299,0.04306903241875881,0.7457500121505786
12348,0.04304790222876361,0.7450617940849964
12397,0.04302910492938246,0.7443742169627167
12446,0.043008000898643484,0.7436872800099736
12495,0.04298923084925978,0.7430009824588716
12500,0.04298603711564266,0.7429309880177787
12550,0.042965714418997804,0.7422314091648105
12600,0.04294540516392159,0.7415324944017264
12650,0.04292510920523905,0.7408342429326089
12700,0.04290482640241381,0.7401366539671941
12750,0.04288455661938416,0.7394397267216674
12801,0.04286505718819542,0.7387295418270426
12852,0.04284324608839922,0.7380200437563097
12903,0.04282377354852399,0.7373112316944023
12954,0.04280198813240342,0.7366031048327337
13000,0.0427833985360617,0.735964989235751
13052,0.04276239673131312,0.735244310884917
13104,0.042741408097709974,0.7345243424459753
13156,0.042720432517473726,0.7338050830824937
13208,0.042699469876733946,0.7330865319655399
13250,0.042682547883949915,0.7325066802338854
13303,0.04266237012609493,0.7317756205305634
13356,0.04263987684046859,0.7310452941687734
13409,0.04261972547955491,0.7303157002895815
13462,0.04259725789075077,0.7295868380401597
13500,0.04258199192859001,0.7290647074202925
13554,0.04256030946155818,0.7283233779480942
13608,0.0425386401344207,0.7275828055773845
13662,0.04251698385209266,0.7268429894237963
13716,0.04249534052275918,0.7261039286083807
13750,0.04248171984662933,0.7256389811402577
13805,0.04246086223187721,0.7248874929274742
13860,0.04243768763911774,0.7241367858955399
13915,0.04241685637754852,0.7233868591327517
13970,0.042393707895458085,0.7226377117306971
14000,0.042381722439013766,0.7222294140431568
14056,0.04235935985516262,0.7214678775351351
14112,0.042337010577071864,0.7207071465954992
14168,0.04231467452824028,0.7199472202818744
14224,0.04229235163490195,0.7191880976573163
14250,0.042281991886323735,0.7188359207987663
14307,0.042260454887234455,0.7180644458303689
14364,0.04223660149621917,0.7172938011163229
14421,0.04221509117904882,0.7165239856823458
14478,0.042191264640015734,0.7157549985592233
14500,0.04218252154024383,0.7154584178515883
14558,0.04215948098713032,0.7146771136261582
14616,0.042136454067704415,0.7138966646307447
14674,0.04211344072057155,0.7131170698563548
14732,0.04209044088657909,0.7123383282989162
14750,0.042083305745702244,0.7120968232111434
14809,0.042061091372403624,0.7113057982825153
14868,0.04203656291375344,0.7105156538388121
14927,0.04201437585875153,0.7097263888354612
14986,0.04198987526063584,0.708938002230973
15000,0.04198433968941718,0.708751056275523
15060,0.04196062452789731,0.7079504185312527
15120,0.04193692346120693,0.7071506867987636
15180,0.041913236440050856,0.7063518599943158
15240,0.04188956341699901,0.7055539370375986
15250,0.041885619270849765,0.705421037676645
15311,0.04186273070681321,0.7046108943254409
15372,0.041837531816977254,0.7038016827751906
15433,0.04181467146179321,0.7029934019020917
15494,0.041789501659064116,0.7021860505852837
15500,0.041787140992368,0.7021066891505299
15562,0.04176275549452775,0.7012871467101811
15624,0.04173838466219025,0.7004685621152245
15686,0.04171402845569184,0.6996509341997967
15748,0.04168968683683086,0.6988342617998865
15750,0.04168890186577667,0.6988079334245112
15813,0.0416653431839461,0.6979790977140363
15876,0.04163947916223362,0.6971512461406053
15939,0.041615949790220576,0.6963243774937812
16000,0.0415908993328331,0.6955246941227381
16064,0.04156584844833621,0.6946866702530914
16128,0.04154081289036296,0.6938496570530256
16192,0.04151579262672886,0.6930136532649795
16250,0.041493131197655624,0.6922568956827565
16315,0.041468907140005895,0.6914097880533586
16380,0.0414423837629133,0.6905637178574018
16445,0.041418190290844106,0.6897186837913039
16500,0.041395595569346945,0.6890044632865513
16566,0.04136988474567494,0.6881483755779977
16632,0.04134418998429477,0.6872933522943593
16698,0.04131851125879074,0.6864393920818963
16750,0.04129829081327387,0.6857673227991504
16817,0.041273406620332104,0.684902357971155
16884,0.0412462300004451,0.6840384847793028
16951,0.041221377814793306,0.6831757018193688
17000,0.04120121550972246,0.6825454007169599
17068,0.04117485055437184,0.6816716610070338
17136,0.041148502459352795,0.6807990403574842
17204,0.04112217120254676,0.6799275373118502
17250,0.04110436841888088,0.6793386241254603
17319,0.04107882969828911,0.6784562110448085
17388,0.041051006177703506,0.6775749446571102
17457,0.04102550100872959,0.6766948234508579
17500,0.04100774845116917,0.6761469206574864
17570,0.040980735426611306,0.6752559349927777
17640,0.04095374011265901,0.6743661238547777
17710,0.04092676249029962,0.6734774856764305
17750,0.04091135464213796,0.6729702184640836
17821,0.04088516726761439,0.6720707602758276
17892,0.04085670333804294,0.6711725046443927
17963,0.040830551163396615,0.6702754499445348
18000,0.04081518613129199,0.6698084461836142
18072,0.040787531275225886,0.6689006148077267
18144,0.040759895024265955,0.6679940142087207
18216,0.040732277361551356,0.6670886427029435
18250,0.04071924214418192,0.666661532919587
18323,0.04069241217820547,0.6657454269680871
18396,0.04066331442140229,0.6648305801979542
18469,0.04063652139244232,0.6639169908663034
18500,0.040623521977289495,0.6635294082171459
18574,0.04059523164236216,0.6626051255790397
18648,0.0405669608449465,0.6616821307081007
18722,0.040538709569497386,0.6607604217978221
18750,0.040528024985382244,0.6604120020480381
18825,0.04050055862013345,0.6594796398926189
18900,0.04047083366390926,0.658548594263635
18975,0.040443406049696304,0.6576188632921918
19000,0.04043275057081635,0.6573092447914632
19076,0.04040383117941834,0.6563688995697883
19152,0.04037493229076379,0.6554298998036815
19228,0.04034605389000212,0.6544922435598604
19250,0.04033769817460568,0.6542210672242915
19327,0.040309601687006806,0.6532728346712887
19404,0.04027925617309819,0.6523259766684005
19481,0.04025120031782333,0.6513804912149115
19500,0.04024286726892165,0.651147400505242
19578,0.040213325279359204,0.6501913756436452
19656,0.04018380478662028,0.6492367545866723
19734,0.04015430577602847,0.6482835352651488
19750,0.040148257350867834,0.6480881761675678
19829,0.040119537068574185,0.6471244533101959
19908,0.04008857762933172,0.6461621636673761
19987,0.04005989992023297,0.6452013050998707
20000,0.040053867937264426,0.6450433261083218
20080,0.0400237098186865,0.6440719988623022
20160,0.039993574216731824,0.6431021343902014
20240,0.03996346111645075,0.6421337304838161
20250,0.03995969856032286,0.6420127825814407
20331,0.03993036083595384,0.6410339438494874
20412,0.03989879407778955,0.6400565975987061
20493,0.03986950092096226,0.6390807415470168
20500,0.03986574876408209,0.6389964781895872
20582,0.039834980978079845,0.6380102201766993
20664,0.039804236751689356,0.6370254844923995
20746,0.03977351606936928,0.6360422687816
20750,0.03977201810148443,0.6359943458792539
20833,0.039742069293345,0.6350007600931675
20916,0.039709901785115076,0.6340087266210742
20999,0.039679999587407644,0.6330182430329873
21000,0.03967850613193271,0.6330063189352136
21084,0.03964713511907464,0.6320054961912268
21168,0.039615788730059394,0.6310062558801529
21250,0.03958521241934637,0.6300323309730801
21335,0.03955465887694128,0.6290243613997918
21420,0.0395218971420594,0.6280180045066235
21500,0.03949213653056133,0.6270723159387266
21586,0.03946016870074859,0.6260572889793747
21672,0.0394282265787128,0.6250439050721818
21750,0.03939927803405388,0.6241262081022005
21837,0.03936812608737597,0.6231042125192724
21924,0.03933477659860993,0.622083890481277
22000,0.03930663649894111,0.621193942054196
22088,0.03927407822458088,0.6201650659335043
22176,0.03924154676037611,0.6191378939686936
22250,0.03921421149414527,0.6182754527027253
22339,0.039182467445748916,0.6172397834587883
22428,0.03914853662199916,0.616205849093227
22500,0.039122002587805765,0.6153706752705074
22590,0.03908886019906834,0.6143282996490668
22680,0.03905574574031576,0.6132876897368009
22750,0.03903000934681733,0.6124795452926874
22841,0.03899767946605074,0.611430549374383
22932,0.03896317367059028,0.6103833501017681
23000,0.03893823133646342,0.6096019986134863
23092,0.03890451111811247,0.6085464678191296
23184,0.03887081996623101,0.6074927647086539
23250,0.03884666812019348,0.6067379713834236
23343,0.038813758639026974,0.6056759904782723
23436,0.03877868417865272,0.6046158683913719
23500,0.03875531925945137,0.6038874000586123
23594,0.03872102744881023,0.6028190531549098
23688,0.03868676585711186,0.6017525962987073
23750,0.03866418431359748,0.6010502213969096
23845,0.03863070142368699,0.599975591959724
23940,0.03859506454867631,0.5989028838887385
24000,0.03857326283986434,0.5982263724573058
24096,0.038538405625598175,0.5971455433070278
24192,0.03850357979822394,0.5960666669288152
24250,0.038482554393372906,0.5954157905967375
24347,0.03844850424400465,0.5943288439149962
24444,0.038412311148479455,0.5932438814936428
24500,0.03839205852715061,0.5926184134697126
24598,0.03835664204868817,0.5915254308016981
24696,0.038321258140057615,0.5904344639622707
24750,0.03830177479221696,0.5898341790254732
24849,0.038267163488937536,0.5887352412847691
24948,0.038230420311581394,0.5876383510169497
25000,0.03821170273767575,0.5870630255059918
25100,0.03817573308502297,0.585958212979529
25200,0.03813979719976469,0.5848554796419103
25250,0.038121841910820464,0.584304891446596
25351,0.03808667551459582,0.583194283796295
25452,0.03804938833953123,0.5820857871215017
25500,0.038032191857201664,0.5815597156703497
25602,0.037995675071059616,0.5804433919402106
25704,0.037959193264146124,0.5793292110371412
25750,0.037942752120807985,0.5788274372909633
25853,0.037907036647546424,0.5777054759084874
25956,0.0378692115053236,0.5765856892679205
26000,0.03785352224417443,0.576107995708539
26104,0.03781646431628927,0.5749804744900691
26208,0.03777944259341316,0.5738551599875504
26250,0.03776450176848828,0.5734013306079273
26355,0.03772824318877394,0.5722683267625008
26460,0.03768988605745108,0.5711375616629333
26500,0.037675690233720784,0.5707073819587594
26606,0.037638097107302246,0.569568972091747
26712,0.037600541425366174,0.5684328330537296
26750,0.03758708717878529,0.5680260900133105
26857,0.03755029141790899,0.5668823501307435
26964,0.03751140822405125,0.5657409132099003
27000,0.03749869214160264,0.5653573953049115
27108,0.03746056971189024,0.564208400816876
27216,0.0374224859795461,0.5630617414703806
27250,0.03741050465929585,0.5627012386473444
27359,0.03737317759734925,0.5615470643718998
27468,0.03733377421711256,0.5603952574619866
27500,0.03732252426823948,0.5600575611312011
27610,0.03728387838309106,0.5588982812991127
27720,0.03724527246134879,0.557741401097046
27750,0.037234750504198375,0.5574263041259494
27861,0.03719689797630191,0.5562619923842946
27972,0.0371569802363708,0.5551001125741947
28000,0.03714718290246144,0.5548074092759592
28112,0.03710801936293634,0.553638138691056
28224,0.03706889706581448,0.5524713323740541
28250,0.037059820997882846,0.5522008185004847
28363,0.03702144879444673,0.5510266615616727
28476,0.036981022473032026,0.5498550012601976
28500,0.03697266432503288,0.5496064739905812
28614,0.03693298888604797,0.54842750261597
28728,0.036893355981140255,0.5472510602764802
28750,0.03688571241829002,0.547024318210518
28865,0.036846826285386394,0.5458406037487518
28980,0.03680589711308661,0.544659450745941
29000,0.036798964811856294,0.5444542938946995
29116,0.036758783182730244,0.5432659071294065
29232,0.036718645391829056,0.5420801142706451
29250,0.03671242103995242,0.5418963440459243
29367,0.03667302667964929,0.5407033551998398
29484,0.03663160034029075,0.5395129927280251
29500,0.03662608063679005,0.5393504119357234
29618,0.036585398481872075,0.5381528906735047
29736,0.0365447614815675,0.5369580282717082
29750,0.036539943136720106,0.5368164411016704
29869,0.03650004620744112,0.5356144565345831
29988,0.0364581283388811,0.5344151633288698
30000,0.03645400807425559,0.5342943753475932
30120,0.036412831013482985,0.5330879960360914
30240,0.03637170043571285,0.5318843405999377
30250,0.03636827498414684,0.5317841587399783
30371,0.03632788110105968,0.5305734526985509
30492,0.03628547729585991,0.5293655030560886
30500,0.036282743401439575,0.5292857356096154
30622,0.03624107701086243,0.528070770309369
30744,0.03619945844347452,0.5268585939389501
30750,0.036197412861552106,0.5267990505477435
30873,0.03615652759700297,0.5255798929206494
30996,0.03611364340313471,0.5243635567592555
31000,0.0361122829002939,0.5243240484068484
31124,0.0360701327126244,0.5231007648489936
31248,0.03602803169987589,0.5218803352949192
31250,0.03602735305393675,0.5218606742977645
31375,0.03598598193775851,0.5206333306731289
31500,0.0359426228592598,0.5194088735899075
31626,0.03589999436432534,0.5181775352337735
31750,0.03585809185355444,0.5169685919089094
31877,0.03581624037346344,0.5157333236313763
32000,0.03577375957473054,0.5145397751364408
32128,0.03573065821997648,0.5133006412257375
32250,0.03568962556126644,0.512122369407258
32379,0.03564729916324787,0.5108794336340482
32500,0.03560568935233028,0.5097163211106351
32630,0.03556212054324475,0.5084696467302309
32750,0.03552195048774557,0.5073215768871346
32881,0.0354791545763806,0.506071226643496
33000,0.035438408508035486,0.5049380836278167
33132,0.03539437760859121,0.5036841197578923
33250,0.03535506295449131,0.5025657884737124
33383,0.03531180289334907,0.5013082727086688
33500,0.03527191336911661,0.500204638813257
33634,0.03522742570214114,0.498943632384216
33750,0.035188959294725645,0.4978545822836442
33885,0.03514524040666045,0.49659014592337114
34000,0.03510620027490165,0.49551556676649006
34136,0.03506126112250979,0.4942477607139313
34250,0.035023635854074336,0.49318754038952445
34387,0.034979463421593096,0.4919164243911956
34500,0.03494126557749416,0.4908704515232648
34638,0.03489588018147209,0.48959608483927186
34750,0.034859088991260966,0.48856424878113597
34889,0.03481446825681339,0.4872866901866281
35000,0.034777105642338775,0.4862688810186257
35140,0.03473127920443028,0.4849881888064783
35250,0.03469531507856808,0.48398429733013304
35391,0.034650251244882385,0.4827005293162656
35500,0.03461371684870062,0.481710447050573
35642,0.03456745453101681,0.48042366057539915
35750,0.03453231050234806,0.47944727975231655
35893,0.03448680873272211,0.47815753168461733
36000,0.03445109559005894,0.47719474524417926
36144,0.03440440251534788,0.4759020919847833
36250,0.03437007166329888,0.474952793572015
36395,0.03432413708192283,0.4736572910553165
36500,0.03428923827444716,0.4727213750150731
36646,0.03424211952648852,0.4714230787139144
36750,0.0342085949768387,0.4705004400868982
36897,0.03416223266907906,0.46919940501513824
37000,0.03412814132474893,0.4682899395335718
37148,0.03408060194860636,0.4669862202483612
37250,0.03404787687337314,0.46608982433214113
37399,0.03400109188603784,0.46478347493810174
37500,0.03396780117888941,0.4639000456906447
37650,0.03391984618121669,0.4625911198424802
37750,0.0338879137984149,0.4617205550455702
37901,0.03384071114008379,0.4604091059509078
38000,0.033808214290041924,0.45955130406195654
38152,0.0337598486394247,0.4582373844849834
38250,0.03372870221281202,0.45739224463218253
38403,0.033681086854035584,0.4560759068958146
38500,0.033649377126782995,0.45524332887415647
38654,0.033600605753935565,0.45392462486331914
38750,0.033570238592885875,0.4531045091311861
38905,0.033522215466533396,0.45178349029645454
39000,0.03349128617313505,0.4509757379701372
39156,0.033442113971270296,0.44965245532966147
39250,0.03341251943044401,0.4488569681807836
39407,0.03336409343193842,0.447531472323779
39500,0.03333393792877649,0.44674815277498703
39658,0.03328436975381255,0.4454204938643131
39750,0.03325554123299501,0.4446492449851223
39909,0.0332067172205231,0.44331947276068406
40000,0.033177328908972556,0.44256019826314147
40160,0.03312736957984675,0.4412283620446627
40250,0.03309930052361112,0.44048096628002514
40411,0.0330500833185127,0.4391471149693664
40500,0.03302145564472928,0.4384115029242914
40662,0.03297110994361396,0.43707568500838706
40750,0.03294379384117079,0.4363517623009898
40913,0.03289418822806231,0.4350140258556699
41000,0.03286631468272843,0.43430169873075536
41164,0.03281558735533926,0.4329620914223854
41250,0.03278901774019931,0.4322612667492029
41415,0.032739028467281855,0.43091983583750715
41500,0.0327119025853854,0.43023042110495746
41666,0.03266079834119867,0.42888721344688624
41750,0.032634968791016995,0.42820911676025586
41917,0.0325846005703311,0.42686417881149324
42000,0.03255821593084734,0.42619730888733265
42168,0.032506739443371374,0.4248506867058286
42250,0.032481643579610565,0.42419495287074244
42419,0.03243090108725036,0.42284669211898773
42500,0.03240525131299558,0.42220200430323535
42670,0.032353407220003315,0.4208521502512255
42750,0.03232903870770308,0.42021841898738826
42921,0.03227792658407397,0.4188670165151039
43000,0.03225300534136934,0.4182441529325575
43172,0.032200798245117894,0.4168912465327314
43250,0.032177150792663194,0.4162791623552434
43423,0.03212567364276131,0.4149247961359583
43500,0.032101474641178934,0.41432340367735343
43674,0.03204890910873253,0.41296762136507315
43750,0.032025976467530866,0.41237683352559706
43925,0.03197413886111296,0.4110196784672032
44000,0.03195065585327857,0.4104394087307922
44176,0.03189773641666582,0.40908092389611167
44250,0.03187551238097237,0.40851108632597516
44427,0.031823318852803706,0.4071513143117438
44500,0.031800545634103436,0.4065918235465245
44678,0.031747276790571904,0.40523080657672367
44750,0.03172575519716407,0.40468157782871284
44929,0.03167321024731558,0.40331935775892713
45000,0.031651140655610484,0.40278030680887317
45180,0.031597526867890656,0.401416925127813
45250,0.03157670159586037,0.4008879683215867
45431,0.03152380968986739,0.3995234661543544
45500,0.03150243760529546,0.3990045204004833
45682,0.0314484833017903,0.3976389385105187
45750,0.031428348272260126,0.3971299212761945
45933,0.03137511384136656,0.3957633000680833
46000,0.03135443318605052,0.3952641293746789
46184,0.0313001427611014,0.3938965088966824
46250,0.03128069193696586,0.39340710331848805
46435,0.031227119378387798,0.3920385232646609
46500,0.031207124116210128,0.3915588019241774
46686,0.031152501930274565,0.390189301636924
46750,0.031133729315969923,0.38971918420119583
46937,0.03107982299305851,0.3883488026736231
47000,0.03106050712936975,0.38788820935206575
47188,0.031005557509311457,0.38651698523092537
47250,0.03098745715052094,0.386065836771031
47439,0.0309332213930541,0.384693808358725
47500,0.030914578974464674,0.38425202604305236
47690,0.030859306213725575,0.3828792312996645
47750,0.03084187219715563,0.3824467369427645
47941,0.03078731130152605,0.38107321348902795
48000,0.030769336415571592,0.3806499294341872
48192,0.030713744774419054,0.3792757145538068
48250,0.030696971227567402,0.37886156366880386
48443,0.03064208945699644,0.3774866943104373
48500,0.030624776231959566,0.37708159998615864
48694,0.03056886993770034,0.37570611276540133
48750,0.03055275102855166,0.375309998911327
48945,0.030497552613287633,0.3739339301144112
49000,0.030480895218001045,0.37354672115519366
49196,0.030424678465162128,0.3721701067400643
49250,0.030409208401978735,0.371791727613483
49447,0.030353697539598597,0.3704146032121425
49500,0.030337690183047536,0.37004497936514397
49698,0.030281167133644506,0.36866738028657225
49750,0.03026634016470509,0.36830643767225785
49949,0.030210521020229843,0.36692839890407897
50000,0.03019515795139134,0.36657606397894843
50200,0.030138332735157584,0.3651976201901122
50250,0.030124143148500416,0.3648538199104413
50451,0.030068019854694913,0.3634750054527432
50500,0.030053295362282066,0.36313966727191843
50702,0.029996172076801695,0.36176051618352023
50750,0.029982614199988555,0.3614335680487232
50953,0.029926190857511133,0.3600541140546285
51000,0.02991209926974313,0.35973548440392816
51204,0.02985468198073192,0.35835576091985727
51250,0.029841750180622028,0.3580453786792529
51455,0.029785030858244025,0.3566654188124862
51500,0.02977156654259089,0.35636321339263244
51706,0.029713859284084796,0.3549830499448436
51750,0.029701547966538434,0.3546889512384377
51957,0.029644536701359598,0.3533086167079374
52000,0.029631694064280976,0.3530225550864547
52208,0.029573700838826735,0.35164208166976935
52250,0.02956200444853624,0.3513639879802446
52459,0.029504705246247032,0.3499834075751058
52500,0.029492478732945988,0.3497132131379876
52710,0.029434203511866923,0.3483325573438054
52750,0.0294231165320457,0.3480701939498311
52961,0.029365533367048464,0.34668949407190197
53000,0.029353917461254243,0.34643489397826777
53212,0.029295364184782062,0.34505418102841684
53250,0.029284881136976085,0.34480727695691643
53463,0.02922701795267806,0.34342658165613793
53500,0.029216007176390668,0.343187306790143
53714,0.029157179753910637,0.3418066595701086
53750,0.02914729519770906,0.34157494755120277
53965,0.02908915590663384,0.34019437855698487
54000,0.02907874481994771,0.3399701634825407
54216,0.029019647130200457,0.3385897025744151
54250,0.02901035566306536,0.3383729189947656
54467,0.028951944147111948,0.336992595749957
54500,0.028942127347881007,0.3367831786653382
54718,0.028882763239154688,0.33540302238006575
54750,0.028874059496130366,0.3352009072383782
54969,0.028815379606792365,0.3338209469300531
55000,0.028806151730419647,0.33362606962327335
55220,0.02874652502079808,0.33224633403292325
55250,0.02873840367429231,0.3320586308950191
55471,0.02867945923278222,0.33067914848806296
55500,0.028670814952100644,0.33049855629193436
55722,0.028610929429551166,0.3291193552609313
55750,0.02860338518910926,0.3289458112160877
55973,0.02854417998666773,0.32756691948306554
56000,0.0285361140115041,0.32740036123213034
56224,0.02847597343420195,0.32602180644898204
56250,0.02846900104629335,0.32586217206589313
56475,0.02840953884428469,0.3244839816182352
56500,0.028402045921400523,0.32433120960495104
56726,0.028341654017853074,0.32295341061274135
56750,0.028335248265589936,0.32280743989684285
56977,0.028275532795760405,0.3214300592165621
57000,0.0282686077085432,0.32129082914858614
57228,0.028207968177831545,0.31991389337554804
57250,0.028202123880794575,0.3197813437262826
57479,0.02814215884542036,0.3184048791955101
57500,0.02813579641370361,0.3182789501534111
57730,0.028074912925591364,0.31690298294280383
57750,0.02806962493955721,0.3167836151112464
57981,0.028009414011724847,0.31540817104228785
58000,0.028003609091477446,0.3152953054374664
58232,0.02794248528671415,0.31392041007749916
58250,0.027937748503461153,0.3138139881256487
58483,0.027877295327167595,0.3124396667900315
58500,0.027872042810352163,0.31233963032475454
58734,0.027810682300796457,0.31096590807774066
58750,0.02780649164786636,0.3108721993365742
58985,0.027745799838251147,0.30949910099464356
59000,0.02774109465257438,0.30941166261860653
59236,0.027679501021409966,0.3080392127503923
59250,0.02767585146189597,0.3079579877797543
59487,0.02761492460541634,0.3065862107092894
59500,0.027610761714104596,0.30651114258182177
59738,0.027548938516003714,0.30514006238951924
59750,0.027545825048303482,0.3050710949377976
59989,0.027484666702975467,0.30370073546259363
60000,0.027481041104498633,0.30363781291173236
60240,0.02741899186585485,0.30226819775255925
60250,0.027416409523493872,0.3022112647168481
60491,0.027355023219009504,0.3008424172345163
60500,0.02735192994694827,0.30079141871693477
60742,0.027289658166045838,0.29942336203569153
60750,0.027287602017380123,0.2993782434235163
60993,0.027225991255345045,0.29801100043319806
61000,0.02722342537813987,0.2979717074963982
61244,0.027160934525305172,0.2966053008534477
61250,0.027159399673404132,0.29657177974258153
61495,0.027097567927513586,0.29520623187239997
61500,0.027095524548191738,0.29517842911554987
61746,0.027032818066051945,0.2938137622135931
61750,0.027031799648383224,0.29379162471498327
61997,0.026969750364579444,0.29242786074889543
62000,0.026968224620656196,0.2924113357849689
62248,0.02690530592422839,0.2910484964960731
62250,0.02690479911253553,0.2910375317150796
62499,0.02684253570924992,0.2896756386196299
62500,0.02684152277236055,0.2896701820379417
62750,0.02677839524932722,0.28830925642947863
63000,0.02671541619344774,0.2869547247085483
63250,0.026652585255499586,0.2856065568352116
63500,0.026589902087183304,0.2842647229109509
63750,0.026527366340936803,0.2829291931777047
64000,0.026464977670049693,0.2815999380170607
64250,0.026402735728645557,0.28027692795013204
64500,0.026340640171603712,0.27896013363603706
64750,0.026278690654651923,0.27764952587205816
65000,0.026216886834332154,0.27634507559266136
65250,0.026155228367990894,0.275046753868791
65500,0.02609371491378097,0.2737545319071472
65750,0.02603234613063798,0.27246838105026117
66000,0.025971121678321826,0.2711882727745869
66250,0.025910041217386867,0.2699141786910802
66500,0.025849104409204827,0.26864607054400264
66750,0.02578831091589119,0.2673839202099761
67000,0.02572766040041527,0.2661276996984255
67250,0.02566715252650759,0.2648773811497886
67500,0.025606786958677373,0.26363293683549904
67750,0.02554656336226428,0.2623943391572073
68000,0.025486481403354685,0.26116156064635576
68250,0.025426540748845487,0.25993457396348485
68500,0.02536674106640297,0.25871335189734257
68750,0.02530708202448815,0.2574978673647782
69000,0.025247563292323492,0.2562880934098349
69250,0.025188184539937573,0.2550840032027564
69500,0.025128945438097267,0.2538855700406718
69750,0.0250698456583687,0.25269276734554585
70000,0.025010884873101283,0.2515055686642238
70250,0.02495206275537231,0.2503239476682405
70500,0.024893378979100968,0.2491478781523064
70750,0.024834833218866068,0.24797733403468103
71000,0.024776425150125327,0.24681228935601873
71250,0.024718154449011796,0.24565271827867666
71500,0.024660020792490512,0.2444985950868007
71750,0.024602023858212245,0.24334989418524888
72000,0.024544163324666746,0.24220659009902806
72250,0.02448643887101447,0.24106865747296055
72500,0.02442885017725,0.23993607107064757
72750,0.024371396924072256,0.2388088057747784
73000,0.024314078792943252,0.23768683658553158
73250,0.024256895466070294,0.23657013862101586
73500,0.02419984662641142,0.2354586871158763
73750,0.02414293195768781,0.2343524574213433
74000,0.024086151144337972,0.23325142500429183
74250,0.02402950387155682,0.23215556544691823
74500,0.023972989825264506,0.2310648544462011
74750,0.023916608692120464,0.2299792678131353
75000,0.023860360159581637,0.22889878147267564
75250,0.023804243915738373,0.22782337146242349
75500,0.023748259649492044,0.22675301393297187
75750,0.023692407050432716,0.2256876851468027
76000,0.02363668580891577,0.22462736147791754
76250,0.02358109561598756,0.22357201941124777
76500,0.023525636163452088,0.22252163554223747
76750,0.023470307143831734,0.22147618657653273
77000,0.023415108250362388,0.2204356493290009
77250,0.023360039176990612,0.2194000007231619
77500,0.023305099618436236,0.21836921779148957
77750,0.023250289270055617,0.21734327767410971
78000,0.02319560782797731,0.21632215761851714
78250,0.023141054989022084,0.21530583497917125
78500,0.02308663045075495,0.2142942872168131
78750,0.023032333911428827,0.2132874918983393
79000,0.02297816506999841,0.21228542669577818
79250,0.022924123626131818,0.21128806938591257
79500,0.022870209280230504,0.2102953978505958
79750,0.0228164217333296,0.20930739007486113
80000,0.0227627606872954,0.20832402414760598
80250,0.02270922584453919,0.20734527826049576
80500,0.02265581690827806,0.20637113070773552
80750,0.02260253358237889,0.20540155988534614
81000,0.02254937557146734,0.20443654429112093
81250,0.022496342580772082,0.20347606252378603
81500,0.022443434316298593,0.2025200932824136
81750,0.022390650484695858,0.20156861536635146
82000,0.022337990793311866,0.20062160767451095
82250,0.022285454950187928,0.1996790492049247
82500,0.022233042664046927,0.19874091905434174
82750,0.02218075364429452,0.19780719641756805
83000,0.022128587601050825,0.1968778605872692
83250,0.02207654424508474,0.1959528909535634
83500,0.022024623287812784,0.19503226700311135
83750,0.021972824441425176,0.19411596831898165
84000,0.021921147418708462,0.1932039745805201
84250,0.021869591933125754,0.19229626556188895
84500,0.021818157698881024,0.19139282113305836
84750,0.021766844430791275,0.19049362125781646
85000,0.021715651844369792,0.18959864599462076
85250,0.02166457965576111,0.18870787549550497
85500,0.021613627581847983,0.18782129000564418
85750,0.021562795340101307,0.1869388698629672
86000,0.021512082648711735,0.1860605954979662
86250,0.021461489226510817,0.1851864474329524
86500,0.02141101479297477,0.18431640628188126
86750,0.021360659068300345,0.1834504527495746
87000,0.02131042177327599,0.1825885676316886
87250,0.021260302629364916,0.18173073181389
87500,0.021210301358698246,0.18087692627201718
87750,0.021160417684059914,0.18002713207098883
88000,0.021110651328869478,0.17918133036463055
88250,0.021061002017241287,0.17833950239564403
88500,0.021011469473833165,0.17750162949456869
88750,0.020962053424099295,0.17666769307969005
89000,0.020912753594030303,0.175837674656734
89250,0.020863569710283643,0.17501155581817252
89500,0.020814501500202573,0.1741893182430403
89750,0.020765548691707197,0.173370943696468
90000,0.02071671101339377,0.17255641402902286
90250,0.02066798819450944,0.17174571117704543
90500,0.020619379964891108,0.17093881716117634
90750,0.02057088605505479,0.17013571408685363
91000,0.020522506196142848,0.1693363841435604
91250,0.02047424011994049,0.1685408096043753
91500,0.020426087558820277,0.16774897282556037
91750,0.020378048245818226,0.16696085624663154
92000,0.020330121914573385,0.1661764423892349
92250,0.020282308299392374,0.16539571385739757
92500,0.020234607135198632,0.16461865333665363
92750,0.020187018157458027,0.16384524359411276
93000,0.02013954110238522,0.16307546747752563
93250,0.02009217570674096,0.16230930791562864
93500,0.02004492170791625,0.16154674791697998
93750,0.01999777884390118,0.16078777057025528
94000,0.019950746853336997,0.16003235904346738
94250,0.019903825475452944,0.15928049658376278
94500,0.019857014450127573,0.15853216651681706
94750,0.019810313517800694,0.1577873522468924
95000,0.019763722419580274,0.15704603725606897
95250,0.019717240897129035,0.15630820510401155
95500,0.01967086869275011,0.15557383942783187
95750,0.01962460554932616,0.15484292394115895
96000,0.019578451210389102,0.154115442434571
96250,0.01953240541999486,0.15339137877438383
96500,0.01948646792290452,0.15267071690296805
96750,0.01944063846441166,0.15195344083809134
97000,0.01939491679041923,0.15123953467268056
97250,0.01934930264743993,0.15052898257417746
97500,0.019303795782578893,0.14982176878450562
97750,0.01925839594350854,0.14911787761976422
98000,0.019213102878560484,0.14841729346968613
98250,0.01916791633656139,0.14772000079706696
98500,0.019122836067025667,0.1470259841380216
98750,0.01907786182002702,0.14633522810134658
99000,0.019032993346182827,0.14564771736783644
99250,0.018988230396724613,0.14496343669048148
99500,0.018943572723499127,0.14428237089397067
99750,0.018899020078903466,0.14360450487411272
100000,0.0188545722159347,0.14292982359771084
100250,0.018810228888149764,0.14225831210229506
100500,0.018765989849663545,0.14158995549550318
100750,0.018721854855227225,0.14092473895524418
101000,0.018677823660195627,0.1402626477287587
101250,0.018633896020383275,0.13960366713286423
101500,0.018590071692264103,0.13894778255307463
101750,0.018546350432855803,0.13829497944380167
102000,0.018502731999753663,0.13764524332779504
102250,0.018459216151124207,0.13699855979544645
102500,0.018415802645710088,0.13635491450542525
102750,0.018372491242861888,0.13571429318342684
103000,0.01832928170235729,0.13507668162221492
103250,0.018286173784709273,0.1344420656813322
103500,0.018243167250821594,0.13381043128687464
103750,0.018200261862328832,0.1331817644309868
104000,0.01815745738136293,0.13255605117148425
104250,0.01811475357058399,0.13193327763188537
104500,0.018072150193190056,0.13131343000082502
104750,0.01802964701300132,0.13069649453191015
105000,0.017987243794381384,0.1300824575430399
105250,0.017944940302237936,0.12947130541680102
105500,0.017902736301978153,0.12886302459949878
105750,0.01786063155967449,0.12825760160111607
106000,0.017818625841872264,0.12765502299516612
106250,0.01777671891567412,0.12705527541812298
106500,0.017734910548694173,0.1264583455692055
106750,0.017693200509196202,0.1258642202102947
107000,0.017651588565906765,0.12527288616531487
107250,0.01761007448809123,0.12468433032011927
107500,0.017568658045619606,0.12409853962226663
107750,0.01752733900884284,0.12351550108051094
108000,0.01748611714869651,0.12293520176470167
108250,0.017444992236611417,0.12235762880547023
108500,0.01740396404461102,0.12178276939383219
108750,0.017363032345190356,0.12121061078101775
109000,0.01732219691140389,0.12064114027816802
109250,0.017281457516894656,0.12007434525620107
109500,0.017240813935763825,0.11951021314487265
109750,0.01720026594267231,0.11894873143358631
110000,0.0171598133128232,0.11838988767017583
110250,0.017119455821927376,0.11783366946098386
110500,0.01707919324623321,0.1172800644708138
110750,0.017039025362477474,0.11672906042209437
111000,0.016998951947994247,0.11618064509523618
111250,0.016958972780611672,0.11563480632787518
111500,0.016919087638671074,0.11509153201485299
111750,0.016879296301050093,0.11455081010792803
112000,0.01683959854705614,0.11401262861532578
112250,0.0167999941566731,0.11347697560174891
112500,0.016760482910323185,0.11294383918786034
112750,0.016721064588911157,0.11241320755027828
113000,0.016681738973914537,0.11188506892105995
113250,0.01664250584725087,0.11135941158753601
113500,0.016603364991448717,0.11083622389219654
113750,0.016564316189491796,0.11031549423213562
114000,0.01652535922490694,0.10979721105908115
114250,0.016486493881625187,0.10928136287885551
114500,0.016447719944255434,0.10876793825153686
114750,0.016409037197778514,0.10825692579085597
115000,0.016370445427714257,0.107748314163799
115250,0.01633194442015189,0.10724209209092812
115500,0.01629353396159158,0.10673824834563228
115750,0.0162552138390372,0.10623677175406827
116000,0.016216983840118382,0.10573765119491084
116250,0.01617884375282061,0.10524087559909516
116500,0.016140793365681406,0.10474643394952243
116750,0.016102832467762847,0.10425431528081677
117000,0.016064960848590076,0.10376450867925167
117250,0.016027178298180806,0.10327700328221072
117500,0.01598948460710126,0.10279178827830521
117750,0.01595187956628007,0.1023088529067416
118000,0.015914362967315018,0.10182818645739565
118250,0.015876934602154495,0.1013497782704677
118500,0.015839594263294707,0.10087361773617055
118750,0.015802341743726182,0.1003996942946152
119000,0.01576517683686534,0.09992799743552534
119250,0.015728099336728685,0.09945851669804454
119500,0.01569110903769215,0.0989912416703293
119750,0.015654205734675037,0.09852616198959761
120000,0.015617389223104312,0.09806326734159096
120250,0.015580659298806322,0.09760254746072344
120500,0.015544015758217086,0.09714399212943216
120750,0.015507458398097805,0.09668759117836719
121000,0.015470987015818595,0.09623333448575333
121250,0.01543460140914634,0.09578121197746826
121500,0.0153983013763605,0.09533121362676424
121750,0.015362086716177555,0.09488332945386556
122000,0.015325957227844763,0.09443754952594853
122250,0.015289912711032529,0.09399386395691578
122500,0.015253952965906462,0.09355226290717457
122750,0.015218077793092179,0.09311273658308318
123000,0.015182286993683505,0.09267527523724362
123250,0.015146580369271216,0.09223986916807099
123500,0.015110957721818037,0.09180650871939358
123750,0.015075418853924043,0.09137518428047037
124000,0.015039963568443589,0.0909458862858208
124250,0.015004591668904704,0.09051860521487604
124500,0.01496930295914487,0.09009333159157897
124750,0.014934097243497252,0.08967005598465458
125000,0.014898974326800218,0.0892487690070942
125250,0.014863934014261426,0.08882946131587809
125500,0.01482897611172252,0.08841212361189545
125750,0.014794100425274672,0.0879967466398217
126000,0.014759306761595398,0.08758332118777151
126250,0.014724594927765743,0.08717183808712939
126500,0.014689964731315334,0.0867622882123796
126750,0.0146554159802682,0.0863546624808396
127000,0.014620948483071852,0.08594895185243884
127250,0.014586562048628827,0.08554514732980749
127500,0.014552256486322336,0.08514323995760316
127750,0.014518031605888621,0.08474322082270659
128000,0.014483887217619713,0.08434508105371435
128250,0.014449823132158313,0.08394881182111096
128500,0.014415839160738178,0.08355440433674867
128750,0.014381935114851158,0.08316184985375151
129000,0.01434811080657809,0.08277113966636884
129250,0.014314366048341876,0.08238226510973846
129500,0.014280700653086823,0.08199521755977984
129750,0.014247114434154369,0.08160998843276258
130000,0.014213607205346345,0.08122656918551452
130250,0.014180178780859599,0.08084495131481899
130500,0.014146828975388144,0.08046512635741673
130750,0.01411355760398359,0.08008708588993839
131000,0.014080364482207739,0.07971082152844311
131250,0.014047249426067538,0.07933632492849531
131500,0.014014212251926275,0.078963587784858
131750,0.013981252776583247,0.07859260183109533
132000,0.013948370817336183,0.0782233588399913
132250,0.013915566191927586,0.07785585062263409
132500,0.013882838718377153,0.07749006902884759
132750,0.013850188215287476,0.07712600594647456
133000,0.013817614501670426,0.07676365330174466
133250,0.013785117396860955,0.0764030030586742
133500,0.013752696720730338,0.07604404721903643
133750,0.013720352293505976,0.0756867778221992
134000,0.013688083935883876,0.07533118694489689
134250,0.013655891468931352,0.07497726670121489
134500,0.013623774714177899,0.07462500924213891
134750,0.01359173349354957,0.0742744067556089
135000,0.013559767629427927,0.0739254514662154
135250,0.01352787694457091,0.0735781356351432
135500,0.01349606126213147,0.07323245155993247
135750,0.013464320405760163,0.07288839157422279
136000,0.01343265419945798,0.0725459480477798
136250,0.013401062467695204,0.07220511338616288
136500,0.013369545035276563,0.07186588003059068
136750,0.013338101727454336,0.0715282404578504
137000,0.013306732369906635,0.07119218718004257
137250,0.013275436788711813,0.07085771274444372
137500,0.013244214810345748,0.07052480973335855
137750,0.013213066261798467,0.07019347076392347
138000,0.013181990970242252,0.06986368848802578
138250,0.013150988763455735,0.06953545559193132
138500,0.013120059469555355,0.06920876479643455
138750,0.013089202917039758,0.06888360885642743
139000,0.013058418934833347,0.06855998056086343
139250,0.013027707352244448,0.06823787273261275
139500,0.012997067999047814,0.06791727822818304
139750,0.01296650070535329,0.06759818993770064
140000,0.01293600530164619,0.06728060078470545
140250,0.012905581618907515,0.06696450372592844
140500,0.012875229488422606,0.06664989175130508
140750,0.012844948741907853,0.06633675788354527
141000,0.01281473921147757,0.06602509517822386
141250,0.012784600729690595,0.06571489672359136
141500,0.01275453312941939,0.06540615564034223
141750,0.0127245362439244,0.06509886508135172
142000,0.012694609906975666,0.06479301823188166
142250,0.012664753952558479,0.06448860830904894
142500,0.012634968215190433,0.06418562856198909
142750,0.012605252529732401,0.06388407227137136
143000,0.012575606731417912,0.06358393274957182
143250,0.012546030655924342,0.06328520334031365
143500,0.012516524139237217,0.0629878774186383
143750,0.012487087017756736,0.06269194839069142
144000,0.012457719128295934,0.06239740969359738
144250,0.012428420308000327,0.062104254795371024
144500,0.012399190394471115,0.061812477194589974
144750,0.012370029225588003,0.06152207042041621
145000,0.01234093663972901,0.061233028032579635
145250,0.01231191247559735,0.0609453436207698
145500,0.012282956572250975,0.060659010805099105
145750,0.012254068769139186,0.06037402323546205
146000,0.012225248906145323,0.060090374591623516
146250,0.012196496823469632,0.05980805858307503
146500,0.01216781236163444,0.05952706894876759
146750,0.012139195361684615,0.05924739945725777
147000,0.01211064566493335,0.05896904390618759
147250,0.012082163113096386,0.05869199612240675
147500,0.012053747548222412,0.058416249961839646
147750,0.012025398812852731,0.05814179930921863
148000,0.01199711674973611,0.057868638077922294
148250,0.011968901202077801,0.057596760210047754
148500,0.011940752013489866,0.05732615967610154
148750,0.011912669027844854,0.057056830474938466
149000,0.011884652089450887,0.0567887666335922
149250,0.011856701043050996,0.05652196220715537
149500,0.011828815733574112,0.05625641127861844
149750,0.01180099600649248,0.05599210795888945
150000,0.011773241707533142,0.05572904638639872
150250,0.011745552682809267,0.05546722072725821
150500,0.011717928778796039,0.0552066251748178
150750,0.01169036984241046,0.05494725394984937
151000,0.011662875720770034,0.054689101300243
151250,0.011635446261422738,0.05443216150085411
151500,0.011608081312419851,0.05417642885354332
151750,0.011580780721927723,0.05392189768683253
152000,0.011553544338612593,0.053668562355951605
152250,0.01152637201150724,0.053416417242646855
152500,0.011499263589948315,0.053165456755021254
152750,0.011472218923573441,0.05291567532752082
153000,0.011445237862495926,0.05266706742066375
153250,0.011418320257157822,0.0524196275210378
153500,0.011391465958218664,0.0521733501411165
153750,0.01136467481688673,0.05192822981917105
154000,0.011337946684564991,0.0516842611191061
154250,0.011311281413135619,0.05144143863042877
154500,0.011284678854690991,0.05119975696795059
154750,0.011258138861734865,0.050959210771907716
155000,0.011231661287148063,0.050719794707638974
155250,0.011205245984138195,0.050481503465561316
155500,0.01117889280626732,0.05024433176109645
155750,0.01115260160734985,0.05000827433438351
156000,0.011126372241713171,0.049773325950361366
156250,0.011100204563855604,0.04953948139852966
156500,0.011074098428753771,0.04930673549286104
156750,0.011048053691637959,0.04907508307175531
157000,0.011022070208135904,0.0488445189977616
157250,0.010996147834172626,0.048615038157637146
157500,0.010970286425977343,0.04838663546215263
157750,0.010944485840228717,0.04815930584598227
158000,0.010918745933874836,0.04793304426757197
158250,0.010893066564202534,0.04770784570909287
158500,0.010867447588807892,0.0474837051762784
158750,0.010841888865694746,0.04726061769832071
159000,0.010816390253146829,0.04703857832775421
159250,0.010790951609750462,0.046817582140360456
159500,0.010765572794524083,0.04659762423514495
159750,0.010740253666762121,0.04637869973394241
160000,0.010714994086012683,0.04616080378170423
160250,0.010689793912328138,0.045943931546096585
160500,0.010664653005897026,0.04572807821750269
160750,0.010639571227378323,0.045513239008898226
161000,0.010614548437734163,0.04529940915575683
161250,0.01058958449818791,0.0450865839159472
161500,0.010564679270352399,0.04487475856955324
161750,0.010539832616138205,0.044663928418955876
162000,0.010515044397821723,0.044454088788497444
162250,0.010490314477912181,0.04424523502454081
162500,0.010465642719348385,0.04403736249526356
162750,0.01044102898531743,0.043830466590704734
163000,0.010416473139368934,0.04362454272240755
163250,0.010391975045357691,0.04341958632363769
163500,0.01036753456744298,0.043215592849011886
163750,0.010343151570123497,0.043012557774508915
164000,0.01031882591821614,0.04281047659741579
164250,0.01029455747684195,0.04260934483613218
164500,0.010270346111490658,0.042409158030116946
164750,0.010246191687893116,0.04220991173979528
165000,0.010222094072109398,0.042011601546425276
165250,0.01019805313059767,0.04181422305205145
165500,0.01017406872999434,0.041617771879403104
165750,0.010150140737378395,0.041422243671717825
166000,0.010126269020076493,0.041227634092753374
166250,0.010102453445703078,0.0410339388266019
166500,0.010078693882260032,0.04084115357761986
166750,0.010054990198030616,0.04064927407044376
167000,0.010031342261516382,0.040458296049685795
167250,0.01000774994166171,0.04026821527997972
167500,0.009984213107664593,0.040079027545861706
167750,0.009960731629051178,0.03989072865171352
168000,0.009937305375586188,0.039703314421607704
168250,0.009913934217402835,0.03951678069917044
168500,0.009890618024941537,0.0393311233476451
168750,0.009867356668918649,0.039146338249673986
169000,0.009844150020329494,0.0389624213072211
169250,0.009820997950576399,0.03877936844156213
169500,0.009797900331249656,0.0385971755930756
169750,0.009774857034287272,0.03841583872123875
170000,0.009751867931991795,0.03823535380453671
170250,0.009728932896865236,0.038055716840275346
170500,0.009706051801716102,0.03787692384464471
170750,0.009683224519743915,0.037698970852515036
171000,0.009660450924322935,0.03752185391738087
171250,0.009637730889262227,0.03734556911129496
171500,0.009615064288541184,0.03717011252476055
171750,0.00959245099651668,0.036995480266645404
172000,0.009569890887831362,0.03682166846408271
172250,0.00954738383734115,0.03664867326243671
172500,0.009524929720291111,0.036476490825136904
172750,0.009502528412233929,0.03630511733367863
173000,0.009480179788883611,0.036134548987482154
173250,0.009457883726430623,0.03596478200382386
173500,0.009435640101193033,0.03579581261772821
173750,0.009413448789869045,0.03562763708196832
174000,0.0093913096693871,0.035460251666846965
174250,0.009369222617079712,0.03529365266023593
174500,0.009347187510415345,0.03512783636743705
174750,0.009325204227274031,0.03496279911113968
175000,0.009303272645723861,0.03479853723124989
175250,0.009281392644245209,0.03463504708491928
175500,0.00925956410144049,0.03447232504637538
175750,0.00923778689631108,0.03431036750693022
176000,0.009216060908179276,0.03414917087479897
176250,0.009194386016524841,0.033988731575118294
176500,0.00917276210120929,0.03382904604977227
176750,0.00915118904232033,0.033670110757392985
177000,0.009129666720259926,0.03351192217325809
177250,0.009108195015712563,0.0333544767891691
177500,0.009086773809596622,0.03319777111344302
177750,0.009065402983205855,0.03304180167076885
178000,0.009044082418024943,0.03288656500222123
178250,0.009022811995859343,0.03273205766506211
178500,0.009001591598738055,0.032578276232754506
178750,0.008980421108998639,0.032425217294860385
179000,0.008959300409351542,0.03227287745698538
179250,0.008938229382619858,0.0321212533406217
179500,0.008917207912040804,0.0319703415832127
179750,0.008896235881009296,0.0318201388379233
180000,0.008875313173265023,0.03167064177371729
180250,0.008854439672825287,0.03152184707513383
180500,0.00883361526396013,0.031373751442359335
180750,0.008812839831208879,0.03122635159102447
181000,0.008792113259374096,0.03107964425223638
181250,0.008771435433532097,0.030933626172425364
181500,0.008750806239068877,0.030788294113314768
181750,0.008730225561619254,0.030643644851875457
182000,0.00870969328703118,0.0304996751801638
182250,0.008689209301474142,0.030356381905337758
182500,0.008668773491440402,0.03021376184960143
182750,0.008648385743566836,0.030071811849996296
183000,0.008628045944848613,0.029930528758484294
183250,0.00860775398249669,0.02978990944181698
183500,0.008587509744009618,0.029649950781443304
183750,0.008567313117188313,0.029510649673476167
184000,0.008547163989958962,0.029372003028604512
184250,0.008527062250716378,0.029234007772033756
184500,0.008507007787920288,0.0290966608434297
184750,0.008487000490457483,0.028959959196818433
185000,0.008467040247366431,0.02882389980052995
185250,0.008447126947984909,0.028688479637186248
185500,0.008427260481908429,0.02855369570350991
185750,0.008407440739015136,0.028419545010402582
186000,0.008387667609381462,0.028286024582749834
186250,0.00836794098338157,0.028153131459482787
186500,0.008348260751670512,0.028020862693356043
186750,0.008328626805149978,0.027889215351061196
187000,0.008309039034900852,0.027758186513031264
187250,0.00828949733235748,0.02762777327339014
187500,0.008270001589206237,0.02749797273994376
187750,0.008250551697271399,0.027368782034093864
188000,0.00823114754882081,0.027240198290774786
188250,0.008211789036240306,0.02711221865831863
188500,0.008192476052154932,0.026984840298511524
188750,0.00817320848949109,0.026858060386486398
189000,0.008153986241496049,0.026731876110585764
189250,0.008134809201542555,0.026606284672411613
189500,0.008115677263304527,0.02648128328669559
189750,0.00809659032072237,0.0263568691812808
190000,0.008077548267942842,0.026233039596982383
190250,0.008058550999476508,0.026109791787623307
190500,0.008039598409920584,0.025987123019918925
190750,0.008020690394197085,0.025865030573410663
191000,0.008001826847492413,0.025743511740441035
191250,0.007983007665255774,0.025622563826054132
191500,0.007964232743110247,0.025502184147982748
191750,0.007945501976958137,0.02538237003653174
192000,0.00792681526294935,0.025263118834553833
192250,0.007908172497502584,0.025144427897429128
192500,0.007889573577238533,0.025026294592879264
192750,0.007871018399011451,0.024908716301058953
193000,0.007852506860030799,0.024791690414429073
193250,0.007834038857563296,0.024675214337673345
193500,0.00781561428931248,0.024559285487662424
193750,0.007797233053037612,0.024443901293452953
194000,0.007778895046891172,0.024329059196126275
194250,0.007760600169181422,0.024214756648807782
194500,0.007742348318470633,0.024100991116612427
194750,0.0077241393935662105,0.02398776007651328
195000,0.007705973293535134,0.02387506101737176
195250,0.007687849917618984,0.023762891439860677
195500,0.007669769165375819,0.023651248856352086
195750,0.007651730936562484,0.023540130790933155
196000,0.007633735131126009,0.023429534779322934
196250,0.007615781649303556,0.023319458368801824
196500,0.0075978703916178255,0.023209899118195085
196750,0.007580001258664669,0.023100854597790522
197000,0.007562174151451815,0.022992322389274036
197250,0.007544388971095579,0.022884300085724448
197500,0.007526645619012802,0.022776785291492296
197750,0.0075089439968140355,0.022669775622217805
198000,0.00749128400638161,0.0225632687047201
198250,0.007473665549761462,0.022457262176986584
198500,0.00745608852932237,0.022351753688075845
198750,0.0074385528475864795,0.022246740898097472
199000,0.007421058407323545,0.022142221478203904
199250,0.007403605111559123,0.02203819311041139
199500,0.0073861928635065785,0.02193465348767627
199750,0.007368821566639477,0.02183160031377905
200000,0.0073514911246060615,0.02172903130329935
200250,0.007334201441407347,0.02162694418152854
200500,0.0073169524211259595,0.021525336684487126
200750,0.007299743968152174,0.02142420655878448
201000,0.007282575987009137,0.021323551561648172
201250,0.007265448382620594,0.021223369460829363
201500,0.007248361059936353,0.021123658034577008
201750,0.007231313924273645,0.021024415071567458
202000,0.007214306881087417,0.02092563837087595
202250,0.007197339836110054,0.020827325741899022
202500,0.007180412695275816,0.020729475004359246
202750,0.00716352536469052,0.02063208398820008
203000,0.0071466777507529665,0.02053515053355789
203250,0.007129869760053702,0.020438672490716552
203500,0.007113101299439117,0.020342647720078946
203750,0.007096372275884529,0.020247074092054305
204000,0.007079682596662023,0.020151949487135955
204250,0.007063032169271382,0.020057271795690203
204500,0.007046420901339105,0.019963038918054593
204750,0.007029848700803011,0.019869248764396795
205000,0.0070133154757657384,0.01977589925470914
205250,0.0069968211345713925,0.019682988318780327
205500,0.006980365585767841,0.01959051389610233
205750,0.0069639487381396555,0.019498473935851187
206000,0.006947570500657764,0.019406866396839004
206250,0.006931230782481926,0.019315689247460497
206500,0.0069149294930617965,0.01922494046567555
206750,0.006898666541998836,0.019134618038929525
207000,0.0068824418391146315,0.01904471996410971
207250,0.006866255294492754,0.018955244247559167
207500,0.006850106818389877,0.01886618890493638
207750,0.0068339963212198235,0.01877755196125872
208000,0.006817923713681752,0.018689331450789885
208250,0.006801888906732244,0.01860152541706226
208500,0.006785891811388485,0.018514131912776732
208750,0.006769932338970311,0.018427148999801145
209000,0.006754010401033021,0.018340574749093973
209250,0.006738125909248112,0.018254407240674793
209500,0.006722278775594479,0.018168644563610368
209750,0.006706468912187917,0.018083284815918733
210000,0.006690696231378996,0.017998326104535823
210250,0.006674960645722184,0.017913766545350363
210500,0.006659262067961885,0.01782960426305223
210750,0.0066436004110892,0.017745837391175436
211000,0.00662797558825547,0.017662464071974564
211250,0.006612387512777152,0.017579482456495127
211500,0.006596836098319114,0.017496890704433967
211750,0.006581321258631719,0.017414686984125568
212000,0.0065658429076722825,0.017332869472527997
212250,0.006550400959650819,0.017251436355161118
212500,0.006534995328909884,0.01717038582606971
212750,0.006519625930083492,0.017089716087781086
213000,0.006504292677938827,0.017009425351257317
213250,0.006488995487480419,0.0169295118358961
213500,0.0064737342738900505,0.016849973769421725
213750,0.006458508952523812,0.016770809387916235
214000,0.006443319439011479,0.016692016935725383
214250,0.006428165649114485,0.01661359466546074
214500,0.00641304749881197,0.01653554083794339
214750,0.006397964904301526,0.016457853722152
215000,0.00638291778195065,0.01638053159520157
215250,0.0063679060483211635,0.016303572742307457
215500,0.006352929620200974,0.0162269754567495
215750,0.006337988414578936,0.01615073803979782
216000,0.00632308234860338,0.01607485880074465
216250,0.006308211339581284,0.015999336056772662
216500,0.006293375305107518,0.015924168133023844
216750,0.006278574162930324,0.01584935336247453
217000,0.00626380783097154,0.0157748900859497
217250,0.006249076227354885,0.01570077665206168
217500,0.006234379270458599,0.015627011417174878
217750,0.006219716878721815,0.015553592745393936
218000,0.006205088970917028,0.01548051900849768
218250,0.006190495465894912,0.015407788585922086
218500,0.006175936282760931,0.015335399864695492
218750,0.006161411340820352,0.015263351239453148
219000,0.006146920559487618,0.015191641112354062
219250,0.006132463858493349,0.015120267893064317
219500,0.006118041157599746,0.015049229998743275
219750,0.0061036523769068965,0.014978525853957337
220000,0.0060892974366343776,0.0149081538906923
220250,0.006074976257172387,0.014838112548293534
220500,0.006060688759140286,0.014768400273443606
220750,0.006046434863295688,0.014699015520119499
221000,0.006032214490640604,0.014629956749557787
221250,0.006018027562346153,0.01456122243024003
221500,0.0060038739997213125,0.01449281103782382
221750,0.005989753724262011,0.014424721055141528
222000,0.005975666657746871,0.014356950972155058
222250,0.005961612722051248,0.014289499285896928
222500,0.005947591839276542,0.014222364500498071
222750,0.005933603931639683,0.014155545127082734
223000,0.005919648921617692,0.014089039683799012
223250,0.005905726731862555,0.0140228466957365
223500,0.005891837285084057,0.013956964694911634
223750,0.005877980504425193,0.013891392220266047
224000,0.0058641563129784285,0.013826127817575898
224250,0.005850364634050045,0.013761170039465708
224500,0.0058366053912810275,0.013696517445345132
224750,0.005822878508296582,0.013632168601411115
225000,0.005809183909088057,0.013568122080584673
225250,0.00579552151761865,0.01350437646249176
225500,0.005781891258215775,0.013440930333437032
225750,0.0057682930552680435,0.013377782286367117
226000,0.005754726833405439,0.013314930920829648
226250,0.005741192517423269,0.013252374842965726
226500,0.00572769003223998,0.013190112665448504
226750,0.0057142193030485615,0.01312814300748594
227000,0.005700780255088759,0.013066464494761683
227250,0.005687372813956008,0.013005075759418719
227500,0.005673996905239669,0.012943975440028814
227750,0.00566065245476907,0.012883162181563344
228000,0.005647339388609931,0.012822634635351639
228250,0.0056340576329181,0.012762391459070406
228500,0.0056208071140747915,0.012702431316678298
228750,0.005607587758613514,0.012642752878444222
229000,0.005594399493215863,0.012583354820860811
229250,0.005581242244793721,0.01252423582665394
229500,0.005568115940362746,0.012465394584723323
229750,0.005555020507196303,0.012406829790139653
230000,0.0055419558727063355,0.01234854014410049
230250,0.00552892196433725,0.012290524353905164
230500,0.005515918709955081,0.012232781132922591
230750,0.005502946037404195,0.012175309200572644
231000,0.005490003874758417,0.012118107282295868
231250,0.0054770921503239966,0.012061174109507137
231500,0.005464210792401204,0.012004508419597602
231750,0.005451359729697914,0.011948108955874578
232000,0.005438538890863089,0.011891974467552765
232250,0.005425748204865872,0.01183610370973913
232500,0.005412987600776518,0.011780495443372509
232750,0.00540025700784343,0.011725148435216468
233000,0.0053875563555018866,0.01167006145783055
233250,0.00537488557336077,0.011615233289546481
233500,0.005362244591067273,0.01156066271441809
233750,0.005349633338650038,0.011506348522231417
234000,0.0053370517461346295,0.011452289508454387
234250,0.005324499743772458,0.011398484474197881
234500,0.005311977261970237,0.011344932226236438
234750,0.00529948423129823,0.011291631576913997
235000,0.005287020582516472,0.011238581344183861
235250,0.005274586246442963,0.011185780351532582
235500,0.005262181154252684,0.011133227427985113
235750,0.005249805237068286,0.011080921408071865
236000,0.005237458426343595,0.011028861131786688
236250,0.0052251406536022015,0.010977045444583755
236500,0.0052128518505201145,0.010925473197331717
236750,0.005200591949030809,0.01087414324630194
237000,0.005188360881076259,0.010823054453152682
237250,0.005176158578921102,0.01077220568486586
237500,0.005163984974868973,0.010721595813764894
237750,0.005151840001465894,0.010671223717465449
238000,0.005139723591343178,0.010621088278850697
238250,0.005127635677310104,0.010571188386066306
238500,0.005115576192341656,0.01052152293246624
238750,0.005103545069661015,0.010472090816618672
239000,0.005091542242485463,0.010422890942243152
239250,0.00507956764426282,0.010373922218243093
239500,0.005067621208642879,0.010325183558619926
239750,0.005055702869385009,0.010276673882485298
240000,0.005043812560395136,0.010228392114035147
240250,0.005031950215733872,0.010180337182520134
240500,0.005020115769657728,0.010132508022212714
240750,0.005008309156591827,0.010084903572396825
241000,0.004996530311014396,0.010037522777334322
241250,0.004984779167608815,0.009990364586265468
241500,0.004973055661279147,0.009943427953348979
241750,0.004961359727030335,0.009896711837656808
242000,0.0049496912999852215,0.009850215203158217
242250,0.004938050315388929,0.0098039370187031
242500,0.004926436708836487,0.009757876257945178
242750,0.004914850415842703,0.009712031899412945
243000,0.004903291372199493,0.009666402926393116
243250,0.004891759513824702,0.009620988326970057
243500,0.004880254776778873,0.009575787093967959
243750,0.004868777097241191,0.009530798224955584
244000,0.00485732641163873,0.009486020722205436
244250,0.004845902656443155,0.009441453592680442
244500,0.004834505768330243,0.009397095848010212
244750,0.004823135684105968,0.009352946504459062
245000,0.004811792340753491,0.009309004582914815
245250,0.004800475675338836,0.009265269108884098
245500,0.004789185625154474,0.009221739112425905
245750,0.004777922127594996,0.009178413628165428
246000,0.004766685120224696,0.009135291695278927
246250,0.004755474540722493,0.00909237235742417
246500,0.004744290326959296,0.009049654662790922
246750,0.004733132416881844,0.009007137664008675
247000,0.0047220007486564585,0.008964820418168965
247250,0.004710895260585282,0.008922701986803302
247500,0.004699815891075831,0.008880781435837695
247750,0.004688762578648542,0.008839057835591685
248000,0.004677735262126572,0.00879753026075389
248250,0.004666733880316442,0.008756197790369232
248500,0.00465575837220441,0.00871505950778439
248750,0.004644808676963304,0.008674114500675153
249000,0.00463388473385023,0.008633361860998839
249250,0.004622986482395539,0.008592800684975607
249500,0.0046121138620745395,0.008552430073070114
249750,0.004601266812630265,0.008512249129979206
250000,0.004590445273942267,0.008472256964595951
250250,0.004579649186017705,0.00843245269001548
250500,0.004568878488970314,0.008392835423487089
250750,0.0045581331231224305,0.008353404286417813
251000,0.00454741302886172,0.008314158404321231
251250,0.004536718146776365,0.008275096906847749
251500,0.004526048417571351,0.008236218927714435
251750,0.004515403782097831,0.008197523604724958
252000,0.004504784181299628,0.008159010079726131
252250,0.004494189556337583,0.008120677498583837
252500,0.004483619848449818,0.008082525011203141
252750,0.004473074999033496,0.008044551771461942
253000,0.004462554949624723,0.008006756937226338
253250,0.004452059641967986,0.00796913967030961
253500,0.004441589017744915,0.007931699136467114
253750,0.00443114301899868,0.007894434505373076
254000,0.0044207215877729335,0.007857344950604028
254250,0.004410324666321736,0.0078204296496162
254500,0.004399952196964009,0.007783687783735553
254750,0.004389604122233951,0.0077471185381285685
255000,0.004379280384696921,0.007710721101789421
255250,0.004368980927171761,0.007674494667533858
255500,0.004358705692552145,0.0076384384319530775
255750,0.004348454623844269,0.007602551595423994
256000,0.004338227664205483,0.007566833362079917
256250,0.004328024756981697,0.007531282939788371
256500,0.0043178458455513866,0.007495899540145388
256750,0.004307690873538638,0.007460682378437865
257000,0.00429755978453526,0.007425630673658523
257250,0.004287452522493184,0.007390743648452632
257500,0.004277369031343804,0.007356020529126928
257750,0.004267309255126576,0.007321460545621945
258000,0.004257273138076481,0.007287062931488502
258250,0.004247260624601545,0.0072528269238907195
258500,0.004237271659187354,0.0072187517635689995
258750,0.004227306186397985,0.007184836694830425
259000,0.004217364151006352,0.007151080965536075
259250,0.004207445497911543,0.007117483827079017
259500,0.0041975501721146806,0.007084044534365592
259750,0.0041876781187468,0.007050762345808777
260000,0.004177829283103752,0.0070176365233079975
260250,0.004168003610510855,0.006984666332214062
260500,0.004158201046544897,0.006951851041355702
260750,0.00414842153680312,0.006919189922972531
261000,0.00413866502713843,0.006886682252736402
261250,0.004128931463441533,0.006854327309715476
261500,0.00411922079169706,0.006822124376369805
261750,0.004109532958121885,0.006790072738535813
262000,0.004099867908981357,0.006758171685386324
262250,0.004090225590691921,0.006726420509456518
262500,0.004080605949773422,0.006694818506586592
262750,0.004071008932922675,0.006663364975938912
263000,0.00406143448691561,0.006632059219959106
263250,0.004051882558658333,0.006600900544372425
263500,0.004042353095260442,0.006569888258173235
263750,0.004032846043795901,0.0065390216735906285
264000,0.0040233613515701745,0.006508300106094502
264250,0.004013898966057782,0.0064777228743674075
264500,0.0040044588347284684,0.0064472893002904255
264750,0.003995040905304574,0.006416998708929096
265000,0.0039856451255251895,0.0063868504285267864
265250,0.003976271443302053,0.006356843790484088
265500,0.003966919806669498,0.0063269781293289334
265750,0.0039575901638101395,0.006297252782734504
266000,0.00394828246294749,0.006267667091468718
266250,0.0039389966525022685,0.0062382203994099834
266500,0.003929732680982249,0.006208912053511392
266750,0.003920490497051824,0.006179741403792939
267000,0.003911270049455114,0.006150707803335948
267250,0.0039020712870649074,0.006121810608257614
267500,0.003892894158834108,0.006093049177695333
267750,0.003883738614028071,0.006064422873807594
268000,0.003874604601714916,0.006035931061737734
268250,0.003865492071353145,0.006007573109618103
268500,0.003856400972373701,0.005979348388556675
268750,0.0038473312544095484,0.0059512562725980815
269000,0.0038382828671503933,0.0059232961387429076
269250,0.003829255760423653,0.005895467366915526
269500,0.003820249884237942,0.005867769339951582
269750,0.003811265188585305,0.0058402014435862725
270000,0.0038023016236840537,0.005812763066442304
270250,0.003793359139837961,0.005785453600011549
270500,0.003784437687508443,0.005758272438645104
270750,0.003775537217147025,0.005731218979547788
271000,0.0037666576794372474,0.00570429262274887
271250,0.0037577990252031426,0.005677492771093286
271500,0.003748961205275158,0.005650818830236478
271750,0.0037401441706825015,0.005624270208627655
272000,0.0037313478725375755,0.00559784631749272
272250,0.003722572262032692,0.005571546570825447
272500,0.0037138172905431077,0.005545370385367529
272750,0.003705082909502804,0.005519317180605563
273000,0.0036963690705640543,0.005493386378760705
273250,0.003687675725361781,0.005467577404752187
273500,0.0036790028256784876,0.005441889686210669
273750,0.0036703503233996163,0.005416322653457347
274000,0.0036617181706672637,0.005390875739487322
274250,0.003653106319522504,0.005365548379957329
274500,0.0036445147222832425,0.0053403400131816076
274750,0.003635943331257695,0.0053152500801058235
275000,0.0036273920989563367,0.005290278024307244
275250,0.003618860977951439,0.005265423291979606
275500,0.003610349920967599,0.005240685331908258
275750,0.003601858880794645,0.005216063595479536
276000,0.003593387810376332,0.005191557536650282
276250,0.003584936662724382,0.005167166611949103
276500,0.003576505391022352,0.00514289028044662
276750,0.00356809394846493,0.005118728003769864
277000,0.003559702288445214,0.005094679246065692
277250,0.0035513303644674533,0.0050707434739970985
277500,0.0035429781300556503,0.005046920156736977
277750,0.0035346455389476984,0.005023208765951575
278000,0.003526332544958199,0.004999608775792453
278250,0.003518039101958307,0.004976119662877329
278500,0.0035097651639951983,0.004952740906277483
278750,0.003501510685145416,0.00492947198752671
279000,0.0034932756196927035,0.004906312390580764
279250,0.003485059921982718,0.004883261601823571
279500,0.0034768635464709364,0.004860319110058904
279750,0.0034686864476491793,0.004837484406481493
280000,0.003460528580244346,0.004814756984688534
280250,0.0034523898989700483,0.004792136340641453
280500,0.0034442703587931425,0.00476962197268516
280750,0.0034361699146143224,0.00474721338150836
281000,0.0034280885215705334,0.004724910070157612
281250,0.003420026134821221,0.004702711544004214
281500,0.003411982709700533,0.0046806173107507105
281750,0.003403958201574439,0.00465862688040525
282000,0.0033959525660102394,0.004636739765284203
282250,0.003387965758549933,0.004614955479992335
282500,0.0033799977349621814,0.004593273541417569
282750,0.003372048451057957,0.004571693468713763
283000,0.0033641178627735607,0.00455021478329477
283250,0.0033562059260923266,0.004528837008827158
283500,0.0033483125972072047,0.004507559671206865
283750,0.0033404378323386736,0.004486382298565888
284000,0.0033325815878232127,0.004465304421253157
284250,0.003324743820075211,0.0044443255718122346
284500,0.0033169244856932076,0.004423445284997601
284750,0.003309123541255755,0.004402663097741293
285000,0.003301340943591474,0.004381978549154649
285250,0.003293576649485954,0.004361391180510483
285500,0.0032858306159157294,0.0043409005352397275
285750,0.0032781027999759104,0.004320506158918395
286000,0.003270393158791677,0.004300207599253827
286250,0.00326270164954349,0.00428000440608591
286500,0.003255028229686479,0.004259896131362121
286750,0.003247372856664071,0.004239882329135857
287000,0.0032397354880207532,0.004219962555558045
287250,0.0032321160813470065,0.004200136368867102
287500,0.0032245145945017143,0.004180403329370958
287750,0.0032169309852839666,0.004160762999447104
288000,0.003209365211650761,0.0041412149435289605
288250,0.0032018172316683117,0.004121758728096688
288500,0.0031942870034922044,0.004102393921663031
288750,0.0031867744853555824,0.004083120094774743
289000,0.003179279635626858,0.00406393681998818
289250,0.003171802412744705,0.004044843671878809
289500,0.0031643427752171284,0.004025840227008265
289750,0.0031569006817316744,0.004006926063936054
290000,0.0031494760910340497,0.003988100763200324
290250,0.0031420689619178696,0.003969363907306913
290500,0.0031346792533311443,0.0039507150807271945
290750,0.0031273069243417263,0.003932153869881884
291000,0.003119951934043843,0.003913679863133499
291250,0.0031126142416148745,0.003895292650782928
291500,0.003105293806440324,0.003876991825052636
291750,0.003097990587913914,0.003858776980082451
292000,0.003090704545557392,0.003840647711921031
292250,0.003083435638923265,0.0038226036185082524
292500,0.0030761838277431506,0.003804644299676765
292750,0.0030689490718398406,0.0037867693571400065
293000,0.003061731331067541,0.0037689783944864735
293250,0.003054530565409378,0.0037512710171544094
293500,0.00304734673495666,0.00373364683245431
293750,0.003040179799867864,0.0037161054495225866
294000,0.0030330297204195717,0.0036986464793431944
294250,0.003025896456938584,0.0036812695347284924
294500,0.0030187799699295127,0.0036639742303039794
294750,0.0030116802198809005,0.003646760182509693
295000,0.003004597167466689,0.003629627009585347
295250,0.0029975307734240943,0.0036125743315660263
295500,0.002990480998537286,0.003595601770270472
295750,0.002983447803748359,0.0035787089492974526
296000,0.002976431150017593,0.0035618954940089126
296250,0.0029694309985089946,0.0035451610315321647
296500,0.002962447310378952,0.003528505190742224
296750,0.0029554800469363466,0.003511927602260205
297000,0.0029485291695163346,0.003495427898442335
297250,0.0029415946395653703,0.003479005713370926
297500,0.00293467641864395,0.0034626606828479516
297750,0.0029277744684881543,0.0034463924443869955
298000,0.0029208887507027625,0.0034302006372058736
298250,0.002914019227165218,0.003414084902212394
298500,0.0029071658598031395,0.0033980448820087783
298750,0.0029003286106260326,0.0033820802208689963
299000,0.0028935074416885313,0.0033661905647457274
299250,0.0028867023152072744,0.0033503755612458437
299500,0.0028799131934298967,0.0033346348596431643
299750,0.0028731400386945083,0.003318968110849317
300000,0.0028663828134898803,0.0033033749674206483
300250,0.00285964148030597,0.003287855083547446
300500,0.0028529160018569556,0.003272408115038235
300750,0.0028462063408001563,0.003257033719326424
301000,0.002839512459879578,0.003241731555448832
301250,0.0028328343220409783,0.0032265012840478205
301500,0.002826171890301958,0.0032113425673575544
301750,0.002819525127632493,0.003196255069202096
302000,0.002812893997230114,0.0031812384549844354
302250,0.002806278462350218,0.003166292391674508
302500,0.0027996784862440055,0.003151416547811843
302750,0.0027930940323969405,0.003136610593494204
303000,0.0027865250642283177,0.0031218742003664077
303250,0.0027799715453925796,0.0031072070416141365
303500,0.002773433439492773,0.003092608791965629
303750,0.0027669107103560223,0.0030780791276699276
304000,0.002760403321713152,0.003063617726498811
304250,0.0027539112375699333,0.003049224267743254
304500,0.0027474344218976136,0.0030348984321921396
304750,0.002740972838800615,0.0030206399021427918
305000,0.0027345264524366447,0.0030064483613793155
305250,0.002728095227094588,0.002992323495173389
305500,0.002721679127085173,0.0029782649902753244
305750,0.0027152781168622423,0.0029642725349061
306000,0.002708892160895779,0.0029503458187548045
306250,0.00270252122384429,0.002936484532963182
306500,0.002696165270345806,0.0029226883701293786
306750,0.002689824265133283,0.0029089570242936628
307000,0.002683498173083638,0.0028952901909308935
307250,0.002677186959150832,0.002881687566951465
307500,0.0026708905882969845,0.00286814885068467
307750,0.0026646090256337127,0.0028546737418835176
308000,0.0026583422363144547,0.00284126194170747
308250,0.0026520901856558338,0.0028279131527169034
308500,0.00264585283891868,0.0028146270788771597
308750,0.002639630161558695,0.0028014034255399254
309000,0.0026334221190457323,0.00278824189944044
309250,0.002627228677022808,0.0027751422086919587
309500,0.0026210498010738447,0.0027621040627852046
309750,0.0026148854569941534,0.0027491271725662305
310000,0.002608735610614568,0.0027362112502451806
310250,0.002602600227766216,0.002723356009385069
310500,0.002596479274537541,0.002710561164890317
310750,0.002590372716927929,0.002697826433008843
311000,0.0025842805211040735,0.002685151531320804
311250,0.002578202653222076,0.0026725361787296193
311500,0.002572139079675762,0.002659980095464419
311750,0.0025660897668156706,0.002647483003067185
312000,0.0025600546810668257,0.002635044624386922
312250,0.002554033789047674,0.0026226646835757392
312500,0.002548027057290449,0.002610342906081236
312750,0.002542034452529595,0.0025980790186391667
313000,0.002536055941556108,0.002585872749275112
313250,0.0025300914911929695,0.002573723827283554
313500,0.0025241410684155594,0.002561631983240663
313750,0.0025182046401755072,0.0025495969489793104
314000,0.002512282173574813,0.0025376184575989277
314250,0.0025063736358353537,0.0025256962434485586
314500,0.0025004789941084024,0.002513830042128211
314750,0.0024945982157951276,0.0025020195904773244
315000,0.0024887312682401307,0.0024902646265753605
315250,0.0024828781189247437,0.0024785648897297733
315500,0.002477038735421879,0.002466920120472735
315750,0.0024712130853141007,0.002455330060556591
316000,0.0024654011363256768,0.0024437944529471832
316250,0.002459602856208346,0.0024323130418148885
316500,0.0024538182128758263,0.002420885572536615
316750,0.0024480471742137776,0.0024095117916817063
317000,0.002442289708209658,0.0023981914470133383
317250,0.002436545782979463,0.002386924287476021
317500,0.0024308153666531955,0.002375710063198535
317750,0.0024250984274975054,0.0023645485254786287
318000,0.002419394933765523,0.0023534394267864583
318250,0.0024137048538438476,0.0023423825207519408
318500,0.0024080281562199827,0.0023313775621654313
318750,0.0024023648093709606,0.002320424306968886
319000,0.0023967147819007524,0.0023095225122458235
319250,0.0023910780425678807,0.002298671936228921
319500,0.0023854545600411198,0.0022878723382830334
319750,0.0023798443031582133,0.00227712347890031
320000,0.0023742472408126067,0.002266425119704488
320250,0.002368663341954724,0.002255777023433926
320500,0.0023630925756975385,0.002245178953945692
320750,0.00235753491111887,0.002234630676203028
321000,0.002351990317366803,0.0022241319562770383
321250,0.002346458763688503,0.002213682561333248
321500,0.0023409402194807714,0.0022032822596333886
321750,0.0023354346541504907,0.0021929308205289604
322000,0.0023299420371571933,0.0021826280144548564
322250,0.002324462337984018,0.0021723736129240423
322500,0.0023189955263079117,0.0021621673885195538
322750,0.0023135415718157624,0.0021520091149009784
323000,0.002308100444257275,0.0021418985667824852
323250,0.0023026721134867807,0.002131835519941977
323500,0.0022972565493829247,0.00212181975121024
323750,0.0022918537219565513,0.0021118510384633676
324000,0.0022864636011885936,0.0021019291606275328
324250,0.002281086157271587,0.0020920538976582715
324500,0.0022757213603228884,0.0020822250305534556
324750,0.0022703691806625842,0.002072442341336396
325000,0.0022650295885658384,0.002062705613053212
325250,0.0022597025544668797,0.0020530146297716646
325500,0.002254388048783196,0.0020433691765734717
325750,0.0022490860420642305,0.002033769039547268
326000,0.002243796504963722,0.0020242140057918816
326250,0.0022385194080908736,0.0020147038634018605
326500,0.002233254722210536,0.00200523840146934
326750,0.0022280024181578735,0.0019958174100780353
327000,0.002222762466768651,0.0019864406802956682
327250,0.0022175348390611085,0.0019771080041734884
327500,0.0022123195059813097,0.001967819174737146
327750,0.0022071164386034655,0.0019585739859892355
328000,0.0022019256081617215,0.0019493722328972113
328250,0.0021967469858132855,0.001940213711390575
328500,0.00219158054284404,0.0019310982183598252
328750,0.0021864262506893486,0.0019220255516492124
329000,0.0021812840806621383,0.00191299551005288
329250,0.0021761540043153294,0.0019040078933083642
329500,0.0021710359931580545,0.0018950625020974418
329750,0.0021659300189125555,0.0018861591380347456
330000,0.0021608360531613757,0.0018772976036711354
330250,0.0021557540677203633,0.0018684777024813072
330500,0.002150684034383666,0.0018596992388636082
330750,0.0021456259250855324,0.0018509620181383778
331000,0.0021405797117538977,0.0018422658465379767
331250,0.0021355453664061073,0.0018336105312046153
331500,0.0021305228611650305,0.0018249958801899915
331750,0.002125512168120274,0.0018164217024444344
332000,0.00212051325954245,0.001807887807815437
332250,0.002115526107707574,0.0017993940070479097
332500,0.0021105506849450847,0.0017909401117713376
332750,0.0021055869637018002,0.0017825259345029122
333000,0.0021006349164019796,0.001774151288639238
333250,0.0020956945156557884,0.0017658159884536666
333500,0.002090765734042128,0.0017575198490957448
333750,0.002085848544263314,0.0017492626865762406
334000,0.002080942919007337,0.0017410443177781382
334250,0.0020760488310906495,0.0017328645604392553
334500,0.0020711662533909794,0.0017247232331561273
334750,0.002066295158825438,0.0017166201553768157
335000,0.0020614355204031137,0.0017085551473979264
335250,0.0020565873111751936,0.001700528030361
335500,0.0020517505042691657,0.0016925386262465981
335750,0.002046925072857767,0.001684586757872718
336000,0.00204211099014982,0.001676672248886534
336250,0.0020373082295140573,0.0016687949237718933
336500,0.0020325167643251174,0.0016609546078259463
336750,0.0020277365679964112,0.0016531511271772924
337000,0.002022967614011403,0.0016453843087648242
337250,0.0020182098759515574,0.0016376539803414133
337500,0.0020134633273983086,0.0016299599704729976
337750,0.002008727942100388,0.0016223021085247816
338000,0.0020040036937731807,0.0016146802246689122
338250,0.001999290556186895,0.0016070941498735705
338500,0.0019945885032619506,0.001599543715898864
338750,0.0019898975088818932,0.0015920287553005483
339000,0.0019852175471033046,0.0015845491014156985
339250,0.001980548591942696,0.0015771045883671896
339500,0.001975890617490906,0.0015696950510581263
339750,0.001971243597946315,0.001562320325163184
340000,0.0019666075075717476,0.0015549802471339425
340250,0.0019619823206271426,0.0015476746541868694
340500,0.0019573680114685307,0.00154040338430522
340750,0.0019527645545278905,0.0015331662762321275
341000,0.0019481719242687929,0.0015259631694693335
341250,0.001943590095259421,0.0015187939042719588
341500,0.0019390190420559064,0.0015116583216467432
341750,0.0019344587393092466,0.001504556263345023
342000,0.0019299091617912833,0.0014974875718640295
342250,0.001925370284213757,0.0014904520904399294
342500,0.0019208420814888748,0.0014834496630465666
342750,0.0019163245284542676,0.0014764801343873488
343000,0.001911817600082073,0.001469543349900625
343250,0.0019073212713696507,0.0014626391557456375
343500,0.0019028355173643498,0.0014557673988092302
343750,0.001898360313241241,0.0014489279266933436
344000,0.0018938956342295697,0.0014421205877185022
344250,0.0018894414554859957,0.001435345230916243
344500,0.0018849977522921442,0.0014286017060290697
344750,0.0018805645001251118,0.0014218898635048446
345000,0.0018761416743493119,0.0014152095544928947
345250,0.0018717292504297886,0.001408560630843126
345500,0.0018673272039347072,0.0014019429451010233
345750,0.001862935510450275,0.0013953563505058407
346000,0.0018585541456035358,0.0013888007009844768
346250,0.0018541830850812896,0.0013822758511516792
346500,0.0018498223047455275,0.0013757816563041748
346750,0.0018454717803126836,0.0013693179724193576
347000,0.0018411314877240124,0.001362884656150233
347250,0.0018368014028906118,0.001356481564825006
347500,0.0018324815018093217,0.001350108556440455
347750,0.0018281717605418044,0.0013437654896617537
348000,0.0018238721552069257,0.0013374522238171112
348250,0.0018195826619346294,0.0013311686188956084
348500,0.001815303256935597,0.0013249145355455397
348750,0.0018110339165213847,0.0013186898350686053
349000,0.0018067746169838457,0.0013124943794180113
349250,0.0018025253347357707,0.001306328031196052
349500,0.0017982860461681022,0.0013001906536520868
349750,0.0017940567278630654,0.0012940821106745461
350000,0.0017898373563319712,0.0012880022667931556
350250,0.0017856279081378762,0.0012819509871749787
350500,0.0017814283599881517,0.0012759281376196088
350750,0.0017772386886263643,0.001269933584556999
351000,0.0017730588707636425,0.0012639671950442606
351250,0.0017688888832281028,0.0012580288367648284
351500,0.0017647287029819196,0.0012521183780217701
351750,0.0017605783068695854,0.0012462356877380042
352000,0.001756437671888067,0.0012403806354520654
352250,0.0017523067751229564,0.001234553091315333
352500,0.0017481855936062128,0.001228752926089479
352750,0.0017440741046046732,0.0012229800111426571
353000,0.0017399722852130973,0.0012172342184480153
353250,0.001735880112726791,0.0012115154205808107
353500,0.001731797564477054,0.0012058234907135572
353750,0.001727724617821663,0.001200158302615384
354000,0.0017236612501364474,0.001194519730648497
354250,0.0017196074389691498,0.001188907649764422
354500,0.0017155631618011446,0.001183321935504326
354750,0.0017115283961815198,0.0011777624639917725
355000,0.001707503119777571,0.0011722291119347227
355250,0.0017034873102356298,0.0011667217566180418
355500,0.0016994809453466156,0.0011612402759027043
355750,0.0016954840028638723,0.0011557845482272468
356000,0.0016914964606048774,0.0011503544525976134
356250,0.0016875182965463225,0.0011449498685901353
356500,0.001683549488524596,0.0011395706763462179
356750,0.0016795900146190426,0.0011342167565706583
357000,0.0016756398528632278,0.001128887990528631
357250,0.0016716989813116872,0.0011235842600431612
357500,0.0016677673781330768,0.0011183054474915631
357750,0.001663845021561331,0.0011130514358055003
358000,0.0016599318897898279,0.0011078221084665017
358250,0.001656027961198893,0.001102617349500672
358500,0.0016521332140735227,0.0010974370434828162
358750,0.0016482476268518675,0.0010922810755279002
359000,0.0016443711779740172,0.0010871493312912222
359250,0.001640503846017322,0.0010820416969653012
359500,0.0016366456094481006,0.0010769580592760034
359750,0.0016327964469291607,0.0010718983054837457
360000,0.001628956337096988,0.0010668623233778605
360250,0.001625125258700572,0.0010618500012729807
360500,0.0016213031904111208,0.0010568612280108024
360750,0.0016174901111735327,0.0010518958929540921
361000,0.0016136859996929906,0.0010469538859860243
361250,0.0016098908349563524,0.0010420350975065798
361500,0.001606104595940901,0.0010371394184311138
361750,0.001602327261620849,0.0010322667401872748
362000,0.0015985588110862328,0.0010274169547119676
362250,0.0015947992234098636,0.0010225899544515163
362500,0.0015910484777756824,0.001017785632355945
362750,0.0015873065533306841,0.0010130038818799282
363000,0.0015835734293869715,0.001008244596976864
363250,0.0015798490852522384,0.0010035076720993376
363500,0.0015761335002619106,0.0009987930021960415
363750,0.0015724266537691497,0.000994100482708754
364000,0.0015687285252765797,0.000989430009570209
364250,0.0015650390942770845,0.0009847814792027167
364500,0.0015613583403129502,0.0009801547885151982
364750,0.0015576862429652325,0.0009755498349000653
365000,0.0015540227818759207,0.0009709665162333149
365250,0.0015503679367502895,0.0009664047308696698
365500,0.0015467216872895664,0.0009618643776405251
365750,0.0015430840132965508,0.0009573453558549484
366000,0.0015394548946384673,0.0009528475652927862
366250,0.0015358343111361967,0.0009483709062062919
366500,0.0015322222427366222,0.0009439152793155487
366750,0.0015286186694442102,0.0009394805858077138
367000,0.0015250235712134603,0.0009350667273333233
367250,0.0015214369281966475,0.0009306736060052884
367500,0.001517858720447762,0.0009263011243968097
367750,0.0015142889281430604,0.0009219491855383434
368000,0.0015107275314764988,0.0009176176929166274
368250,0.0015071745107418989,0.0009133065504709849
368500,0.0015036298462305553,0.0009090156625928566
368750,0.0015000935182409643,0.0009047449341219254
369000,0.001496565507194684,0.0009004942703450772
369250,0.0014930457935882905,0.0008962635769954538
369500,0.0014895343578118989,0.0008920527602483225
369750,0.00148603118048433,0.0008878617267185223
370000,0.0014825362421120758,0.0008836903834613851
370250,0.0014790495233485568,0.0008795386379682702
370500,0.0014755710048683964,0.0008754063981653628
370750,0.0014721006673975782,0.000871293572410771
371000,0.001468638491625819,0.0008672000694938504
371250,0.0014651844584676564,0.0008631257986322493
371500,0.0014617385486984465,0.0008590706694698036
371750,0.00145830074321644,0.0008550345920757045
372000,0.001454871022981687,0.0008510174769410985
372250,0.0014514493689744801,0.0008470192349769545
372500,0.0014480357622217188,0.0008430397775140346
372750,0.0014446301837662406,0.000839079016298923
373000,0.001441232614793151,0.000835136863493591
373250,0.0014378430364278675,0.0008312132316719651
373500,0.0014344614298549252,0.000827308033819074
373750,0.0014310877763861565,0.0008234211833283031
374000,0.0014277220572732193,0.0008195525939999404
374250,0.0014243642538118838,0.0008157021800402977
374500,0.001421014347471275,0.0008118698560577842
374750,0.0014176723196593314,0.0008080555370622258
375000,0.0014143381518097046,0.000804259138462734
375250,0.0014110118254598192,0.000800480576065894
375500,0.0014076933221777417,0.0007967197660735446
375750,0.0014043826235243266,0.000792976625082722
376000,0.0014010797112244458,0.0007892510700800747
376250,0.0013977845668750298,0.0007855430184427125
376500,0.0013944971722453616,0.0007818523879371431
376750,0.0013912175091231648,0.0007781790967159963
377000,0.0013879455593087263,0.0007745230633155302
377250,0.0013846813046688596,0.0007708842066556114
377500,0.001381424727101002,0.0007672624460361114
377750,0.0013781758085551186,0.0007636577011365376
378000,0.0013749345310039446,0.0007600698920144371
378250,0.0013717008764860235,0.0007564989391020221
378500,0.0013684748270539838,0.0007529447632052967
378750,0.0013652563648615358,0.000749407285503455
379000,0.0013620454720371523,0.000745886427543873
379250,0.0013588421308086314,0.0007423821112451072
379500,0.001355646323385368,0.0007388942588907214
379750,0.0013524580320243408,0.0007354227931300976
380000,0.0013492772391091312,0.0007319676369761008
380250,0.0013461039269866528,0.0007285287138027483
380500,0.0013429380780305479,0.000725105947344319
380750,0.0013397796747191134,0.0007216992616936762
381000,0.0013366286995105225,0.0007183085813005259
381250,0.0013334851349800663,0.0007149338309682594
381500,0.0013303489636584953,0.0007115749358550536
381750,0.0013272201681976325,0.0007082318214699161
382000,0.001324098731213679,0.0007049044136722112
382250,0.0013209846354033123,0.0007015926386691276
382500,0.0013178778635616702,0.0006982964230147291
382750,0.001314778398369045,0.0006950156936084362
383000,0.0013116862226826686,0.0006917503776928774
383250,0.0013086013193917597,0.0006885004028523657
383500,0.0013055236713408248,0.0006852656970120604
383750,0.0013024532614877725,0.0006820461884348842
384000,0.0012993900728300466,0.0006788418057212557
384250,0.001296334088355155,0.0006756524778073219
384500,0.0012932852911376213,0.0006724781339621399
384750,0.0012902436642430973,0.0006693187037882921
385000,0.0012872091908702665,0.0006661741172182781
385250,0.001284181854117473,0.0006630443045139812
385500,0.001281161637258391,0.000659929196265263
385750,0.0012781485235364627,0.0006568287233872795
386000,0.0012751424962109854,0.0006537428171207468
386250,0.001272143538691152,0.000650671409028999
386500,0.0012691516342792561,0.000647614430995923
386750,0.0012661667663956793,0.0006445718152275353
387000,0.0012631889185180168,0.0006415434942469631
387250,0.0012602180740961893,0.0006385294008938902
387500,0.0012572542166838267,0.0006355294683248262
387750,0.0012542973298948733,0.0006325436300094573
388000,0.0012513473972740187,0.0006295718197305298
388250,0.0012484044024763349,0.0006266139715810419
388500,0.0012454683291925764,0.000623670019965286
388750,0.0012425391612002504,0.0006207398995941855
389000,0.0012396168821196681,0.0006178235454853558
389250,0.0012367014758445224,0.0006149208929630087
389500,0.001233792926243915,0.000612031877654486
389750,0.0012308912171096161,0.0006091564354892691
390000,0.0012279963324191934,0.0006062945026978564
390250,0.0012251082560861336,0.0006034460158115752
390500,0.001222226972081354,0.0006006109116581507
390750,0.001219352464474784,0.0005977891273633609
391000,0.0012164847173009028,0.0005949806003477091
391250,0.0012136237146691633,0.0005921852683264491
391500,0.0012107694407439398,0.0005894030693063472
391750,0.001207921879628664,0.0005866339415864341
392000,0.0012050810156194888,0.0005838778237550992
392250,0.0012022468328971797,0.0005811346546899941
392500,0.001199419315820669,0.0005784043735544477
392750,0.001196598448654182,0.0005756869197992124
393000,0.0011937842157501502,0.000572982233158433
393250,0.0011909766015531572,0.0005702902536500954
393500,0.0011881755904717519,0.0005676109215730856
393750,0.001185381166988058,0.0005649441775081433
394000,0.0011825933155499352,0.0005622899623137609
394250,0.0011798120208014505,0.0005596482171273528
394500,0.0011770372672452016,0.0005570188833622906
394750,0.0011742690395284954,0.0005544019027072331
395000,0.0011715073223112942,0.0005517972171250814
395250,0.0011687521002300579,0.0005492047688511324
395500,0.0011660033581065504,0.0005466245003921121
395750,0.0011632610806160007,0.0005440563545253297
396000,0.0011605252525422943,0.0005415002742961133
396250,0.0011577958587745878,0.0005389562030180612
396500,0.001155072884171597,0.0005364240842704841
396750,0.0011523563136328228,0.0005339038618986103
397000,0.0011496461320620213,0.0005313954800107398
397250,0.0011469423245023304,0.0005288988829781103
397500,0.0011442448758997626,0.0005264140154329638
397750,0.001141553771320549,0.0005239408222684759
398000,0.0011388689958461667,0.0005214792486356952
398250,0.00113619053460132,0.0005190292399438818
398500,0.0011335183727130536,0.0005165907418592097
398750,0.0011308524953648497,0.0005141637003019677
399000,0.0011281928877948412,0.000511748061447658
399250,0.0011255395352453396,0.0005093437717239825
399500,0.0011228924230392806,0.0005069507778109317
399750,0.0011202515364579328,0.0005045690266385335
400000,0.0011176168608540192,0.0005021984653858536
400250,0.0011149883816427364,0.0004998390414809785
400500,0.001112366084279368,0.0004974907025982667
400750,0.0011097499542013826,0.0004951533966581238
401000,0.0011071399768795155,0.0004928270718259821
401250,0.0011045361378571377,0.0004905116765105052
401500,0.0011019384226947965,0.00048820715936231067
401750,0.0010993468170156498,0.00048591346927404425
402000,0.0010967613064096127,0.00048363055537795687
402250,0.0010941818765540204,0.0004813583670458387
402500,0.0010916085131866741,0.0004790968538867071
402750,0.0010890412020144902,0.0004768459657462345
403000,0.0010864799288007156,0.0004746056527065588
403250,0.0010839246793437228,0.00047237586508364835
403500,0.0010813754394543443,0.0004701565534268773
403750,0.0010788321950180415,0.0004679476685183797
404000,0.001076294931959781,0.00046574916137162586
404250,0.0010737636361538413,0.00046356098322914585
404500,0.001071238293656429,0.00046138308556401274
404750,0.0010687188903750087,0.000459215420076328
405000,0.0010662054123949567,0.0004570579386931446
405250,0.0010636978457774847,0.00045491059356823145
405500,0.001061196176593054,0.00045277333707877094
405750,0.001058700390982512,0.0004506461218268776
406000,0.00105621047510698,0.00044852890063691424
406250,0.001053726415210963,0.00044642162655477493
406500,0.0010512481974207487,0.0004443242528468642
406750,0.001048775808084113,0.0004422367329996212
407000,0.0010463092334528899,0.0004401590207178699
407250,0.0010438484598771552,0.0004380910699233723
407500,0.0010413934736968214,0.00043603283475516813
407750,0.0010389442612859442,0.00043398426956700386
408000,0.0010365008090680813,0.000431945328927861
408250,0.001034063103563611,0.00042991596761985664
408500,0.0010316311311495646,0.0004278961406369413
408750,0.0010292048784016788,0.00042588580318551455
409000,0.0010267843318834504,0.00042388491068156615
409250,0.0010243694781184158,0.00042189341875117133
409500,0.001021960303799308,0.0004199112832287695
409750,0.0010195567954808659,0.00041793846015621014
410000,0.0010171589399347604,0.0004159749057814376
410250,0.0010147667238039253,0.00041402057655856215
410500,0.001012380133793749,0.00041207542914630283
410750,0.0010099991566746226,0.00041013942040609385
411000,0.0010076237793383575,0.00040821250740359557
411250,0.0010052539885569613,0.0004062946474046486
411500,0.0010028897712127463,0.00040438579787681675
411750,0.0010005311141421415,0.00040248591648707146
412000,0.0009981780043160171,0.0004005949611013745
412250,0.0009958304286815628,0.0003987128897838749
412500,0.0009934883742165757,0.0003968396607954137
412750,0.0009911518279150857,0.0003949752325927435
413000,0.0009888207768459954,0.0003931195638284996
413250,0.0009864952081180805,0.0003912726133491867
413500,0.000984175108815386,0.00038943434019429637
413750,0.0009818604660376802,0.00038760470359655255
414000,0.0009795512669527667,0.00038578366297919547
414250,0.000977247498799489,0.0003839711779572084
414500,0.000974949148792599,0.00038216720833477135
414750,0.0009726562041844677,0.0003803717141045572
415000,0.0009703686522760685,0.00037858465544760624
415250,0.0009680864803352969,0.0003768059927320302
415500,0.0009658096757972508,0.00037503568651249986
415750,0.0009635382259601642,0.00037327369752819474
416000,0.0009612721182340716,0.00037151998670326467
416250,0.0009590113400826511,0.00036977451514517404
416500,0.0009567558790107665,0.0003680372441446809
416750,0.0009545057224007672,0.00036630813517337643
417000,0.0009522608579116839,0.0003645871498852469
417250,0.0009500212729894403,0.0003628742501131596
417500,0.0009477869552674388,0.0003611693978699488
417750,0.0009455578923654146,0.0003594725553469739
418000,0.0009433340719025168,0.00035778368491283513
418250,0.0009411154815300421,0.0003561027491132468
418500,0.0009389021090044259,0.0003544297106695439
418750,0.0009366939420251465,0.00035276453247880734
419000,0.0009344909683603526,0.00035110717761198623
419250,0.0009322931757033102,0.000349457609313417
419500,0.0009301005520037898,0.00034781579100045265
419750,0.0009279130850715139,0.00034618168626226645
420000,0.0009257307627389181,0.00034455525885891675
420250,0.0009235535729112684,0.0003429364727207661
420500,0.0009213815035426169,0.0003413252919479449
420750,0.0009192145425973458,0.0003397216808088849
421000,0.0009170526779863332,0.00033812560373963814
421250,0.0009148958978291655,0.0003365370253442026
421500,0.0009127441901173488,0.00033495591039216693
421750,0.0009105975428749449,0.00033338222381890385
422000,0.0009084559443178435,0.0003318159307243953
422250,0.0009063193824596028,0.0003302569963727203
422500,0.0009041878454800953,0.00032870538619132777
422750,0.0009020613216165679,0.00032716106576954695
423000,0.0008999397990495103,0.0003256240008588551
423250,0.0008978232659641814,0.0003240941573714655
423500,0.0008957117107049607,0.00032257150137976216
423750,0.0008936051214959786,0.0003210559991154897
424000,0.0008915034867245352,0.0003195476169689519
424250,0.0008894067946843686,0.0003180463214887432
424500,0.0008873150337665724,0.0003165520793801826
424750,0.0008852281924080454,0.00031506485750533333
425000,0.0008831462589704569,0.0003135846228817335
425250,0.000881069221995617,0.00031211134268176204
425500,0.0008789970699022357,0.0003106449842324537
425750,0.0008769297912296608,0.00030918551501396167
426000,0.0008748673744860022,0.0003077329026596598
426250,0.0008728098082717652,0.0003062871149543004
426500,0.0008707570811770065,0.00030484811983466566
426750,0.0008687091817908474,0.00030341588538758873
427000,0.0008666660987794356,0.00030199037985049576
427250,0.0008646278208354741,0.00030057157160963367
427500,0.0008625943366430108,0.00029915942919955964
427750,0.0008605656348764314,0.00029775392130322234
428000,0.0008585417043334194,0.0002963550167502757
428250,0.0008565225338549001,0.0002949626845169312
428500,0.0008545081121556676,0.00029357689372520277
428750,0.0008524984280978946,0.00029219761364232587
429000,0.0008504934705162305,0.00029082481367943266
429250,0.0008484932283365888,0.0002894584633918418
429500,0.0008464976904252447,0.000288098532477928
429750,0.0008445068457525246,0.0002867449907779477
430000,0.0008425206832861317,0.000285397808274459
430250,0.000840539191985167,0.0002840569550905449
430500,0.0008385623608760129,0.00028272240148992096
430750,0.00083659017900333,0.00028139411787596845
431000,0.0008346226354324436,0.0002800720747908898
431250,0.0008326597192212581,0.0002787562429158268
431500,0.0008307014195370519,0.00027744659306914445
431750,0.0008287477254994468,0.0002761430962065504
432000,0.0008267986262565319,0.0002748457234201171
432250,0.000824854111059655,0.0002735544459376463
432500,0.0008229141690756597,0.0002722692351226482
432750,0.000820978789556007,0.00027099006247229565
433000,0.0008190479618018142,0.0002697168996183411
433250,0.0008171216750674807,0.0002684497183256837
433500,0.0008151999186826377,0.0002671884904917219
433750,0.0008132826820360776,0.0002659331881460247
434000,0.0008113699544355945,0.00026468378344952437
434250,0.0008094617253117059,0.00026344024869392216
434500,0.0008075579840776921,0.0002622025563010669
434750,0.0008056587201689389,0.0002609706788224144
435000,0.000803763923069755,0.0002597445889385159
435250,0.000801873582269018,0.0002585242594581925
435500,0.0007999876872832074,0.0002573096633177432
435750,0.0007981062276864327,0.0002561007735809584
436000,0.0007962291929747709,0.00025489756343806565
436250,0.0007943565727858346,0.00025370000620541676
436500,0.0007924883567899441,0.0002525080753242665
436750,0.0007906245345326141,0.0002513217443610375
437000,0.000788765095765933,0.0002501409870064166
437250,0.0007869100301414975,0.0002489657770743866
437500,0.0007850593273407016,0.0002477960885022999
437750,0.000783212977140701,0.0002466318953493616
438000,0.0007813709693040961,0.00024547317179737056
438250,0.0007795332936104817,0.0002443198921489323
438500,0.0007776999398921608,0.0002431720308277008
438750,0.0007758708979371361,0.0002420295623772257
439000,0.000774046157653965,0.00024089246146089243
439250,0.0007722257088931442,0.00023976070286094918
439500,0.0007704095415822155,0.00023863426147797682
439750,0.0007685976456353403,0.0002375131123310493
440000,0.0007667900110030549,0.00023639723055595785
440250,0.0007649866277469715,0.0002352865914056828
440500,0.0007631874857271512,0.00023418117024953772
440750,0.0007613925750639952,0.00023308094257205284
441000,0.0007596018857715982,0.00023198588397344176
441250,0.0007578154079408168,0.00023089597016841704
441500,0.0007560331316481249,0.0002298111769858582
441750,0.000754255046990283,0.0002287314803677242
442000,0.000752481144199374,0.0002276568563699422
442250,0.0007507114133380669,0.00022658728115998857
442500,0.0007489458446613154,0.0002255227310177379
442750,0.0007471844283507127,0.0002244631823345687
443000,0.0007454271546295818,0.00022340861161262665
443250,0.0007436740137931078,0.00022235899546453313
443500,0.0007419249960738689,0.00022131431061276217
443750,0.0007401800918419721,0.00022027453388902835
444000,0.0007384392913443693,0.00021923964223421335
444250,0.0007367025849945738,0.00021820961269707244
444500,0.0007349699631252518,0.0002171844224346866
444750,0.000733241416113101,0.0002161640487111291
445000,0.0007315169344333825,0.00021514846889732873
445250,0.0007297965084863615,0.00021413766047076436
445500,0.0007280801287453186,0.00021313160101442364
445750,0.0007263677856752863,0.00021213026821662948
446000,0.0007246594698248938,0.0002111336398708782
446250,0.0007229551716737703,0.00021014169387466428
446500,0.0007212548818044951,0.00020915440822932992
446750,0.0007195585908017864,0.00020817176103978032
447000,0.0007178662891721418,0.00020719373051358942
447250,0.0007161779676837073,0.00020622029496076153
447500,0.0007144936168265559,0.0002052514327934209
447750,0.000712813227351679,0.00020428712252488492
448000,0.0007111367899301784,0.00020332734276915643
448250,0.0007094642952453636,0.00020237207224134445
448500,0.0007077957340539139,0.00020142128975616467
448750,0.0007061310970624539,0.00020047497422806575
449000,0.0007044703750701473,0.0001995331046701827
449250,0.0007028135588740007,0.00019859566019460702
449500,0.0007011606392614705,0.00019766262001159535
449750,0.0006995116071126346,0.00019673396342859324
450000,0.0006978664532185288,0.00019580966985102311
450250,0.000696225168549144,0.00019488971878043888
450500,0.000694587743906237,0.000193974089814914
450750,0.0006929541702893697,0.0001930627626485186
451000,0.0006913244385876786,0.00019215571707035194
451250,0.0006896985397908167,0.00019125293296488153
451500,0.0006880764648789087,0.00019035439031081202
451750,0.0006864582048682733,0.0001894600691811162
452000,0.0006848437507867089,0.00018856994974205207
452250,0.0006832330936561605,0.00018768401225355242
452500,0.0006816262245645933,0.00018680223706770988
452750,0.0006800231346406053,0.00018592460462946947
453000,0.0006784238149307793,0.00018505109547539326
453250,0.0006768282566028411,0.00018418169023334173
453500,0.000675236450824021,0.00018331636962259026
453750,0.0006736483887421069,0.00018245511445259303
454000,0.0006720640615542251,0.00018159790562322775
454250,0.000670483460493349,0.00018074472412399085
454500,0.000668906576774525,0.00017989555103367644
454750,0.0006673334016501863,0.0001790503675200266
455000,0.0006657639264574908,0.00017820915483921044
455250,0.0006641981424245544,0.000177371894335623
455500,0.000662636040900599,0.00017653856744113752
455750,0.0006610776132464994,0.00017570915567494027
456000,0.0006595228507500581,0.00017488364064291933
456250,0.0006579717448529763,0.00017406200403747554
456500,0.0006564242869582128,0.00017324422763715497
456750,0.0006548804684727036,0.00017243029330583166
457000,0.0006533402808054872,0.00017162018299279882
457250,0.0006518037154844919,0.00017081387873218128
457500,0.0006502707639139381,0.00017001136264226596
457750,0.0006487414176571871,0.00016921261692556263
458000,0.0006472156681986003,0.0001684176238681874
458250,0.000645693507081422,0.00016762636583940706
458500,0.0006441749258813818,0.0001668388252913006
458750,0.0006426599161567796,0.00016605498475854284
459000,0.0006411484695538424,0.00016527482685761954
459250,0.0006396405776703417,0.00016449833428689115
459500,0.0006381362321160423,0.00016372548982594446
459750,0.0006366354245726031,0.00016295627633531662
460000,0.0006351381467317469,0.0001621906767558883
460250,0.0006336443902464766,0.00016142867410897077
460500,0.0006321541469056892,0.00016067025149540273
460750,0.0006306674084049791,0.0001599153920955162
461000,0.0006291841665035444,0.000159164079168685
461250,0.000627704412965191,0.00015841629605274377
461500,0.0006262281396219691,0.0001576720261642547
461750,0.0006247553382403583,0.0001569312529972198
462000,0.0006232860006911158,0.00015619396012335045
462250,0.0006218201188856086,0.000155460131191689
462500,0.0006203576845342561,0.00015472974992793907
462750,0.0006188986896619397,0.00015400280013422679
463000,0.0006174431261339131,0.00015327926568894747
463250,0.0006159909859119469,0.00015255913054607463
463500,0.0006145422609256524,0.00015184237873502773
463750,0.0006130969430974353,0.0001511289943603792
464000,0.0006116550245316544,0.00015041896160120424
464250,0.000610216497053236,0.0001497122647109688
464500,0.0006087813528832807,0.00014900888801712206
464750,0.0006073495839042307,0.0001483088159206971
465000,0.0006059211822651333,0.00014761203289624149
465250,0.0006044961400180207,0.00014691852349085167
465500,0.0006030744493314723,0.0001462282723246644
465750,0.0006016561022115442,0.00014554126408958232
466000,0.0006002410908642243,0.0001448574835499785
466250,0.0005988294073939775,0.00014417691554132777
466500,0.0005974210440413731,0.00014349954497070352
466750,0.0005960159929683874,0.00014282535681580232
467000,0.000594614246362634,0.0001421543361250839
467250,0.0005932157964572308,0.00014148646801719704
467500,0.000591820635530591,0.00014082173768066478
467750,0.0005904287558029748,0.00014016013037369
468000,0.0005890401496590861,0.0001395016314237151
468250,0.0005876548092532755,0.000138846226227062
468500,0.0005862727269927821,0.00013819390024858873
468750,0.0005848938951578567,0.00013754463902174765
469000,0.0005835183062157025,0.00013689842814752448
469250,0.0005821459524432526,0.00013625525329498945
469500,0.0005807768262193973,0.00013561510020018084
469750,0.0005794109200063242,0.0001349779546663942
470000,0.0005780482262197261,0.00013434380256347568
470250,0.0005766887373077639,0.00013371262982779067
470500,0.0005753324457130229,0.00013308442246160403
470750,0.00057397934395375,0.00013245916653316687
471000,0.0005726294244599804,0.00013183684817598445
471250,0.0005712826798185378,0.0001312174535887606
471500,0.0005699391025256089,0.00013060096903511756
471750,0.0005685986851387328,0.0001299873808431751
472000,0.0005672614202143404,0.00012937667540525733
472250,0.000565927300360274,0.00012876883917768627
472500,0.0005645963181775388,0.00012816385868029396
472750,0.0005632684662902978,0.0001275617204963345
473000,0.0005619437372935381,0.0001269624112720417
473250,0.00056062212387607,0.00012636591771652083
473500,0.0005593036187320994,0.00012577222660113623
473750,0.0005579882145063961,0.00012518132475953278
474000,0.0005566759039495184,0.0001245931990872156
474250,0.0005553666797763012,0.0001240078365411398
474500,0.000554060534672387,0.00012342522413960667
474750,0.0005527574614690689,0.0001228453489619554
475000,0.0005514574528940061,0.00012226819814818975
475250,0.0005501605018076088,0.00012169375889873329
475500,0.000548866600933846,0.0001211220184740868
475750,0.00054757574311663,0.00012055296419468299
476000,0.0005462879212412881,0.00011998658344055185
476250,0.0005450031281322814,0.00011942286365090205
476500,0.0005437213566786609,0.00011886179232407155
476750,0.0005424425997697921,0.00011830335701701222
477000,0.0005411668503387378,0.00011774754534529928
477250,0.0005398941012688536,0.00011719434498250246
477500,0.0005386243455582486,0.00011664374366018558
477750,0.0005373575760982272,0.00011609572916762808
478000,0.0005360937859181808,0.00011555028935136541
478250,0.0005348329679982499,0.00011500741211514718
478500,0.0005335751153508653,0.00011446708541937168
478750,0.0005323202209780703,0.00011392929728120149
479000,0.00053106827799915,0.00011339403577399755
479250,0.0005298192793600777,0.00011286128902714934
479500,0.0005285732182401577,0.00011233104522588056
479750,0.0005273300876104762,0.00011180329261080635
480000,0.0005260898807288322,0.00011127801947788891
480250,0.0005248525905957426,0.00011075521417801154
480500,0.0005236182103903531,0.00011023486511694694
480750,0.0005223867333083193,0.00010971696075475848
481000,0.0005211581524485715,0.00010920148960566531
481250,0.0005199324610644436,0.0001086884402381287
481500,0.0005187096523258704,0.0001081778012740724
481750,0.0005174897194908672,0.00010766956138903102
482000,0.0005162726557478321,0.00010716370931155234
482250,0.0005150584543518695,0.00010666023382344658
482500,0.0005138471085878396,0.00010615912375886994
482750,0.0005126386117691743,0.00010566036800469618
483000,0.0005114329571677974,0.00010516395549996639
483250,0.0005102301380665745,0.00010466987523551506
483500,0.0005090301478533459,0.00010417811625416496
483750,0.0005078329798397762,0.0001036886676500752
484000,0.0005066386273858236,0.0001032015185684955
484250,0.0005054470839215125,0.00010271665820609034
484500,0.0005042583427552789,0.00010223407580979937
484750,0.0005030723973603492,0.00010175376067741567
485000,0.000501889241165858,0.00010127570215686525
485250,0.0005007088675965995,0.00010079988964616562
485500,0.000499531270048311,0.00010032631259316559
485750,0.0004983564420843874,9.985496049522168e-05
486000,0.0004971843771487457,9.938582289906639e-05
486250,0.000496015068744877,9.891888940059473e-05
486500,0.0004948485103643871,9.845414964445263e-05
486750,0.000493684695574257,9.799159332410841e-05
487000,0.0004925236179561299,9.753121018132684e-05
487250,0.0004913652710283187,9.707299000613243e-05
487500,0.0004902096483453808,9.661692263647555e-05
487750,0.0004890567435189798,9.616299795803784e-05
488000,0.00048790655016656294,9.571120590406651e-05
488250,0.00048675906190214283,9.526153645510662e-05
488500,0.00048561427240012073,9.481397963870086e-05
488750,0.0004844721752659526,9.436852552941205e-05
489000,0.00048333276421580956,9.392516424826484e-05
489250,0.0004821960328662598,9.348388596260848e-05
489500,0.0004810619749343323,9.304468088640552e-05
489750,0.0004799305841743633,9.260753927912192e-05
490000,0.00047880185429132626,9.217245144624184e-05
490250,0.000477675779007938,9.173940773880193e-05
490500,0.0004765523521028166,9.130839855299825e-05
490750,0.00047543156734288503,9.087941433035995e-05
491000,0.00047431341852788425,9.045244555714709e-05
491250,0.00047319789944557164,9.002748276451381e-05
491500,0.00047208500387382294,8.960451652785379e-05
491750,0.0004709747256865191,8.918353746699283e-05
492000,0.00046986705873398985,8.876453624590397e-05
492250,0.00046876199683752555,8.834750357222378e-05
492500,0.00046765953390926504,8.793243019729663e-05
492750,0.00046655966383823803,8.751930691608184e-05
493000,0.00046546238048754667,8.710812456657127e-05
493250,0.00046436767778431124,8.669887403002657e-05
493500,0.0004632755496875118,8.629154623027356e-05
493750,0.0004621859901247063,8.58861321340063e-05
494000,0.000461098993068207,8.548262275027801e-05
494250,0.0004600145524280737,8.508100913036548e-05
494500,0.00045893266227954864,8.468128236760784e-05
494750,0.0004578533165818162,8.428343359725191e-05
495000,0.0004567765093431823,8.388745399607171e-05
495250,0.00045570223462395947,8.349333478238105e-05
495500,0.00045463048644830577,8.310106721568707e-05
495750,0.00045356125883665513,8.271064259665776e-05
496000,0.0004524945459462845,8.232205226670132e-05
496250,0.00045143034179403443,8.193528760805885e-05
496500,0.0004503686405131103,8.155034004337259e-05
496750,0.0004493094362047041,8.116720103548147e-05
497000,0.0004482527229884819,8.078586208757123e-05
497250,0.00044719849497396903,8.040631474253557e-05
497500,0.00044614674641205664,8.002855058313575e-05
497750,0.0004450974714286231,7.965256123157516e-05
498000,0.00044405066414111556,7.927833834954202e-05
498250,0.0004430063188354229,7.890587363774555e-05
498500,0.0004419644296619042,7.853515883601757e-05
498750,0.0004409249909051973,7.816618572298358e-05
499000,0.00043988799674487096,7.779894611577595e-05
499250,0.0004388534414504366,7.743343187006428e-05
499500,0.0004378213192797784,7.70696348798045e-05
499750,0.00043679162449198743,7.67075470770076e-05
500000,0.00043576435143001036,7.634716043161718e-05
500250,0.0004347394943733119,7.598846695117464e-05
500500,0.0004337170476110164,7.563145868090441e-05
500750,0.0004326970055271476,7.527612770345301e-05
501000,0.00043167936246996173,7.492246613844686e-05
501250,0.0004306641127276047,7.45704661428068e-05
501500,0.000429651250718382,7.422011991001164e-05
501750,0.0004286407707898526,7.387141967051953e-05
502000,0.00042763266740081886,7.352435769106837e-05
502250,0.00042662693493725754,7.3178926274815e-05
502500,0.00042562356780213867,7.283511776099987e-05
502750,0.00042462256045121076,7.249292452501167e-05
503000,0.00042362390734563323,7.21523389779244e-05
503250,0.0004226276029142073,7.181335356649813e-05
503500,0.0004216336416472546,7.147596077302867e-05
503750,0.00042064201806280856,7.11401531150589e-05
504000,0.0004196527266079937,7.080592314533536e-05
504250,0.00041866576181994364,7.047326345156128e-05
504500,0.0004176811182720056,7.014216665633078e-05
504750,0.00041669879046111205,6.98126254167938e-05
505000,0.00041571877293053824,6.948463242471003e-05
505250,0.00041474106027975405,6.915818040604467e-05
505500,0.0004137656471049764,6.883326212108196e-05
505750,0.00041279252788952413,6.850987036400406e-05
506000,0.0004118216973833198,6.818799796291901e-05
506250,0.00041085315011747604,6.786763777956228e-05
506500,0.0004098868807169813,6.754878270929965e-05
506750,0.00040892288388000216,6.723142568080513e-05
507000,0.00040796115420415767,6.691555965596828e-05
507250,0.0004070016863976864,6.660117762980919e-05
507500,0.00040604447512450115,6.628827263020498e-05
507750,0.0004050895150640114,6.597683771781677e-05
508000,0.0004041368009430528,6.566686598586335e-05
508250,0.00040318632748447653,6.53583505600382e-05
508500,0.00040223808940714783,6.505128459836737e-05
508750,0.00040129208143480544,6.474566129100007e-05
509000,0.0004003482983567413,6.444147386005978e-05
509250,0.0003994067349028304,6.413871555953751e-05
509500,0.00039846738589797894,6.383737967507222e-05
509750,0.0003975302461210547,6.353745952393064e-05
510000,0.0003965953103187873,6.323894845465509e-05
510250,0.000395662573399119,6.294183984718647e-05
510500,0.00039473203011755376,6.264612711247432e-05
510750,0.0003938036753732603,6.235180369239498e-05
511000,0.0003928775039992633,6.205886305973502e-05
511250,0.0003919535108215189,6.176729871792603e-05
511500,0.0003910316907285126,6.147710420080816e-05
511750,0.0003901120386760152,6.118827307272354e-05
512000,0.00038919454948808203,6.0900798928209975e-05
512250,0.0003882792181191154,6.061467539190833e-05
512500,0.00038736603944828664,6.0329896118408446e-05
512750,0.0003864550085109515,6.00464547920945e-05
513000,0.0003855461201599226,5.976434512703723e-05
513250,0.0003846393693408456,5.9483560866847756e-05
513500,0.0003837347511657829,5.9204095784497715e-05
513750,0.00038283226044315125,5.892594368227894e-05
514000,0.00038193189232061536,5.86490983915498e-05
514250,0.0003810336416997506,5.837355377261949e-05
514500,0.00038013750364578513,5.8099303714716375e-05
514750,0.0003792434731851456,5.782634213577531e-05
515000,0.00037835154533482355,5.755466298220778e-05
515250,0.0003774617152099857,5.7284260229009744e-05
515500,0.00037657397779621775,5.701512787935249e-05
515750,0.0003756883282619154,5.674725996464353e-05
516000,0.00037480476165648263,5.6480650544397385e-05
516250,0.00037392327305111185,5.6215293705893756e-05
516500,0.0003730438575964681,5.5951183564286133e-05
516750,0.0003721665104011952,5.568831426233718e-05
517000,0.00037129122661444427,5.542667997038254e-05
517250,0.0003704180013586213,5.516627488608975e-05
517500,0.0003695468297994204,5.490709323441731e-05
517750,0.00036867770714252626,5.4649129267419426e-05
518000,0.0003678106285365762,5.4392377264212665e-05
518250,0.00036694558916253124,5.413683153073952e-05
518500,0.00036608258422267886,5.388248639975776e-05
518750,0.000365221608984183,5.3629336230541765e-05
519000,0.0003643626586305963,5.337737540898229e-05
519250,0.00036350572840355505,5.312659834727331e-05
519500,0.0003626508135256905,5.287699948390796e-05
519750,0.00036179790932322877,5.262857328346526e-05
520000,0.0003609470110479021,5.2381314236557055e-05
520250,0.0003600981139313215,5.2135216859716085e-05
520500,0.0003592512133271122,5.1890275695106846e-05
520750,0.00035840630449790906,5.164648531072334e-05
521000,0.00035756338280194317,5.140384029988522e-05
521250,0.0003567224435119009,5.1162335281492954e-05
521500,0.00035588348203211586,5.0921964899575986e-05
521750,0.0003550464936422387,5.06827238234627e-05
522000,0.00035421147374600217,5.044460674740501e-05
522250,0.00035337841771533574,5.020760839068736e-05
522500,0.00035254732089612004,4.997172349729706e-05
522750,0.00035171817869625473,4.97369468360086e-05
523000,0.00035089098649506296,4.950327320012871e-05
523250,0.00035006573976828243,4.927069740742142e-05
523500,0.00034924243391639504,4.903921430004939e-05
523750,0.0003484210643535543,4.880881874431078e-05
524000,0.0003476016265393322,4.857950563072937e-05
524250,0.00034678411594283253,4.8351269873784797e-05
524500,0.0003459685280004649,4.812410641180113e-05
524750,0.00034515485821185496,4.789801020699318e-05
525000,0.0003443431020824524,4.76729762451442e-05
525250,0.0003435332550451784,4.744899953565298e-05
525500,0.00034272531264825,4.722607511132666e-05
525750,0.0003419192704747084,4.7004198028365156e-05
526000,0.00034111512395481767,4.678336336614888e-05
526250,0.00034031286871274595,4.656356622714098e-05
526500,0.00033951250024506806,4.634480173690813e-05
526750,0.0003387140141316085,4.6127065043884105e-05
527000,0.0003379174059370931,4.591035131922556e-05
527250,0.00033712267126856333,4.5694655756880525e-05
527500,0.00033632980569613287,4.5479973573302234e-05
527750,0.0003355388048331856,4.526630000745291e-05
528000,0.00033474966429477914,4.50536303206601e-05
528250,0.0003339623797153501,4.48419597965207e-05
528500,0.00033317694670624624,4.463128374073716e-05
528750,0.0003323933609104274,4.442159748113107e-05
529000,0.0003316116180599405,4.421289636747201e-05
529250,0.00033083171372150265,4.400517577130874e-05
529500,0.00033005364360194335,4.379843108603618e-05
529750,0.0003292774033809235,4.359265772660415e-05
530000,0.0003285029888074854,4.33878511295676e-05
530250,0.0003277303955196216,4.318400675288006e-05
530500,0.0003269596192827514,4.298112007582346e-05
530750,0.00032619065581358466,4.277918659896923e-05
531000,0.00032542350079482773,4.257820184399883e-05
531250,0.00032465815006093234,4.237816135363589e-05
531500,0.00032389459932593006,4.217906069154127e-05
531750,0.00032313284433273124,4.198089544221382e-05
532000,0.0003223728808610087,4.178366121094933e-05
532250,0.0003216147047554826,4.158735362357917e-05
532500,0.00032085831176778665,4.1391968326608144e-05
532750,0.00032010369769443155,4.119750098692119e-05
533000,0.00031935085839489345,4.100394729178284e-05
533250,0.0003185997896677188,4.0811302948695785e-05
533500,0.0003178504873435294,4.061956368540343e-05
533750,0.00031710294725332226,4.042872524962348e-05
534000,0.0003163571652777252,4.023878340911751e-05
534250,0.0003156131372740682,4.004973395150823e-05
534500,0.0003148708591788423,3.986157268417929e-05
534750,0.0003141303267468461,3.967429543430291e-05
535000,0.00031339153596182114,3.9487898048549204e-05
535250,0.00031265448271619914,3.930237639316978e-05
535500,0.00031191916292949414,3.911772635380879e-05
535750,0.0003111855725093682,3.8933943835463095e-05
536000,0.0003104537073734291,3.8751024762336233e-05
536250,0.00030972356348095463,3.856896507779231e-05
536500,0.000308995136816029,3.8387760744305844e-05
536750,0.00030826842330005424,3.820740774320205e-05
537000,0.00030754341890579945,3.802790207481598e-05
537250,0.0003068201196067528,3.784923975821721e-05
537500,0.0003060985214222702,3.767141683113319e-05
537750,0.00030537862032595616,3.74944293499951e-05
538000,0.0003046604123657799,3.7318273389716604e-05
538250,0.0003039438934919092,3.714294504361694e-05
538500,0.0003032290597913737,3.696844042346548e-05
538750,0.00030251590727147187,3.679475565918321e-05
539000,0.0003018044319563288,3.66218868989737e-05
539250,0.0003010946300134763,3.6449830309072964e-05
539500,0.0003003864973756938,3.6278582073727814e-05
539750,0.00029968003017993974,3.610813839519692e-05
540000,0.00029897522446213246,3.5938495493475765e-05
540250,0.00029827207637288185,3.5769649606368815e-05
540500,0.0002975705819916725,3.560159698935526e-05
540750,0.00029687073745264726,3.543433391550882e-05
541000,0.0002961725388089541,3.5267856675379384e-05
541250,0.00029547598225393174,3.510216157698557e-05
541500,0.0002947810639148953,3.493724494569169e-05
541750,0.0002940877798958104,3.477310312408546e-05
542000,0.0002933961263747031,3.4609732471992734e-05
542250,0.00029270609957092426,3.444712936627432e-05
542500,0.0002920176956217446,3.428529020089791e-05
542750,0.00029133091066153627,3.412421138668158e-05
543000,0.00029064574088150596,3.396388935137961e-05
543250,0.00028996218259600293,3.3804320539478576e-05
543500,0.0002892802319353669,3.364550141221663e-05
543750,0.0002885998851195313,3.348742844741682e-05
544000,0.0002879211383861041,3.3330098139478946e-05
544250,0.00028724398797676996,3.317350699922251e-05
544500,0.00028656843014347196,3.3017651553954276e-05
544750,0.00028589446109933,3.28625283472099e-05
545000,0.00028522207715093285,3.270813393878616e-05
545250,0.0002845512745368382,3.255446490465875e-05
545500,0.0002838820495416,3.24015178368813e-05
545750,0.00028321439854128234,3.224928934350794e-05
546000,0.00028254831769136923,3.209777604855438e-05
546250,0.00028188380340375257,3.194697459189771e-05
546500,0.0002812208519609341,3.179688162913837e-05
546750,0.0002805594597128817,3.164749383168061e-05
547000,0.00027989962294991925,3.149880788649631e-05
547250,0.0002792413379886796,3.135082049617117e-05
547500,0.0002785846012690428,3.1203528378742485e-05
547750,0.00027792940907962906,3.105692826769524e-05
548000,0.0002772757578378274,3.0911016911871794e-05
548250,0.00027662364386213205,3.076579107533036e-05
548500,0.00027597306356626965,3.062124753739687e-05
548750,0.00027532401335556527,3.047738309249818e-05
549000,0.00027467648962775426,3.033419455013155e-05
549250,0.0002740304887950167,3.0191678734742095e-05
549500,0.00027338600724342155,3.0049832485781316e-05
549750,0.0002727430414355041,2.9908652657461823e-05
550000,0.0002721015877853306,2.9768136118843885e-05
550250,0.0002714616427414172,2.9628279753647736e-05
550500,0.00027082320277998264,2.948908046023269e-05
550750,0.0002701862643107589,2.9350535151595965e-05
551000,0.00026955082384367396,2.9212640755149596e-05
551250,0.00026891687787493535,2.9075394212828988e-05
551500,0.0002682844228351257,2.8938792480854302e-05
551750,0.00026765345522682094,2.880283252980775e-05
552000,0.00026702397158241513,2.8667511344449763e-05
552250,0.0002663959684200253,2.8532825923761258e-05
552500,0.0002657694422073216,2.8398773280817574e-05
552750,0.00026514438947638613,2.826535044267009e-05
553000,0.0002645208067829356,2.813255445039901e-05
553250,0.00026389869068604534,2.8000382358950165e-05
553500,0.0002632780377272059,2.786883123712322e-05
553750,0.00026265884444243577,2.7737898167488008e-05
554000,0.0002620411074340169,2.7607580246315844e-05
554250,0.0002614248232486779,2.7477874583524686e-05
554500,0.00026080998847379064,2.7348778302613215e-05
554750,0.00026019659971574367,2.722028854057031e-05
555000,0.00025958465355538785,2.709240244787639e-05
555250,0.00025897414659823467,2.6965117188369713e-05
555500,0.0002583650754874412,2.683842993922685e-05
555750,0.0002577574367752637,2.6712337890862108e-05
556000,0.00025715122719806045,2.658683824691391e-05
556250,0.0002565464433046916,2.6461928224181006e-05
556500,0.000255943081851554,2.6337605052492574e-05
556750,0.00025534113938012676,2.6213865974701183e-05
557000,0.00025474061256320875,2.6090708246630467e-05
557250,0.0002541414981101584,2.5968129136996164e-05
557500,0.0002535437927312169,2.584612592733192e-05
557750,0.00025294749302202794,2.5724695911964817e-05
558000,0.00025235259574157154,2.5603836397869467e-05
558250,0.0002517590975762163,2.5483544704787816e-05
558500,0.0002511669952805779,2.5363818164943615e-05
558750,0.0002505762854819097,2.5244654123158946e-05
559000,0.0002499869649564005,2.5126049936716783e-05
559250,0.0002493990304232333,2.5008002975282955e-05
559500,0.00024881247863066305,2.4890510620927957e-05
559750,0.0002482273063503981,2.4773570268006087e-05
560000,0.0002476435103084271,2.4657179323110158e-05
560250,0.0002470610872305928,2.454133520500899e-05
560500,0.0002464800339831355,2.4426035344598135e-05
560750,0.0002459003472789649,2.431127718486457e-05
561000,0.0002453220239030337,2.4197058180782978e-05
561250,0.00024474506067595085,2.4083375799325848e-05
561500,0.00024416945436217335,2.3970227519299864e-05
561750,0.000243595201857733,2.3857610831430093e-05
562000,0.00024302229983914144,2.374552323817709e-05
562250,0.00024245074521433567,2.3633962253742367e-05
562500,0.00024188053485565421,2.3522925404037463e-05
562750,0.0002413116655279689,2.3412410226561507e-05
563000,0.0002407441340868956,2.3302414270419206e-05
563250,0.00024017793742809915,2.3192935096198032e-05
563500,0.00023961307235661903,2.3083970275965295e-05
563750,0.00023904953579591447,2.2975517393165664e-05
564000,0.00023848732456880625,2.2867574042651965e-05
564250,0.00023792643560575845,2.2760137830530533e-05
564500,0.00023736686578024017,2.265320637415293e-05
564750,0.00023680861196982356,2.254677730209825e-05
565000,0.00023625167109603965,2.2440848254073023e-05
565250,0.0002356960400707652,2.233541688086697e-05
565500,0.00023514171581464895,2.2230480844294576e-05
565750,0.00023458869526039785,2.2126037817193273e-05
566000,0.00023403697533025348,2.2022085483273404e-05
566250,0.00023348655294040463,2.1918621537206003e-05
566500,0.00023293742505637327,2.1815643684439826e-05
566750,0.00023238958870953642,2.171314964119533e-05
567000,0.00023184304076626102,2.1611137134462633e-05
567250,0.00023129777820599099,2.1509603901901254e-05
567500,0.0002307537980577338,2.1408547691770685e-05
567750,0.00023021109725127555,2.130796626294755e-05
568000,0.00022966967283197237,2.120785738479069e-05
568250,0.00022912952175543227,2.110821883718581e-05
568500,0.0002285906410156072,2.1009048410433687e-05
568750,0.00022805302765681462,2.09103439052033e-05
569000,0.00022751667870858167,2.0812103132509938e-05
569250,0.0002269815911847735,2.0714323913649177e-05
569500,0.0002264477620701806,2.0617004080166637e-05
569750,0.00022591518846549672,2.052014147375997e-05
570000,0.00022538386741982887,2.0423733946312255e-05
570250,0.0002248537959710571,2.0327779359754735e-05
570500,0.0002243249711518409,2.0232275586103636e-05
570750,0.00022379739006932683,2.013722050733846e-05
571000,0.00022327104977012756,2.004261201541076e-05
571250,0.000222745947356167,1.9948448012178655e-05
571500,0.00022222207993737372,1.985472640934324e-05
571750,0.0002216994445406648,1.976144512840796e-05
572000,0.0002211780383475705,1.9668602100697725e-05
572250,0.00022065785840651986,1.9576195267168937e-05
572500,0.00022013890181926812,1.9484222578516702e-05
572750,0.00021962116579540164,1.9392681995064768e-05
573000,0.00021910464738729383,1.930157148668259e-05
573250,0.00021858934376893348,1.9210889032780926e-05
573500,0.00021807525209678106,1.9120632622312357e-05
573750,0.00021756236947154554,1.9030800253623566e-05
574000,0.00021705069306076692,1.8941389934475785e-05
574250,0.00021654022006264122,1.8852399682027155e-05
574500,0.00021603094764723808,1.8763827522710634e-05
574750,0.00021552287296483814,1.867567149222866e-05
575000,0.00021501599319305407,1.858792963556594e-05
575250,0.0002145103054980241,1.8500600006814848e-05
575500,0.00021400580711374291,1.8413680669273303e-05
575750,0.00021350249528027292,1.8327169695313014e-05
576000,0.00021300036716030146,1.8241065166367088e-05
576250,0.00021249941995290557,1.815536517286258e-05
576500,0.00021199965094335167,1.807006781424231e-05
576750,0.00021150105726627463,1.7985171198830833e-05
577000,0.00021100363625852219,1.7900673443861604e-05
577250,0.0002105073850640649,1.7816572675415546e-05
577500,0.0002100123010309495,1.773286702838361e-05
577750,0.00020951838135221026,1.76495546463924e-05
578000,0.0002090256232729695,1.7566633681820044e-05
578250,0.00020853402414156027,1.7484102295703515e-05
578500,0.00020804358116027606,1.7401958657752023e-05
578750,0.00020755429162465974,1.7320200946219815e-05
579000,0.00020706615281470504,1.7238827347973937e-05
579250,0.0002065791621028318,1.7157836058367955e-05
579500,0.00020609331665517319,1.707722528123967e-05
579750,0.00020560861388736577,1.699699322887905e-05
580000,0.00020512505106594679,1.6917138121961047e-05
580250,0.0002046426255487088,1.683765818952522e-05
580500,0.00020416133457495795,1.6758551668916428e-05
580750,0.00020368117553184738,1.667981680579731e-05
581000,0.0002032021457878313,1.6601451854036825e-05
581250,0.0002027242426244977,1.65234550757334e-05
581500,0.00020224746348248928,1.6445824741111765e-05
581750,0.00020177180558417207,1.63685591285813e-05
582000,0.00020129726640141126,1.629165652459039e-05
582250,0.00020082384327675174,1.6215115223657465e-05
582500,0.00020035153355662963,1.613893352831479e-05
582750,0.00019988033468801048,1.606310974906754e-05
583000,0.00019941024395019115,1.59876422043531e-05
583250,0.00019894125883431277,1.591252922051637e-05
583500,0.00019847337671633993,1.583776913176639e-05
583750,0.00019800659498379937,1.5763360280135337e-05
584000,0.00019754091106367622,1.5689301015436886e-05
584250,0.00019707632233546016,1.5615589695242332e-05
584500,0.0001966128262657265,1.5542224684862774e-05
584750,0.00019615042028130018,1.5469204357243395e-05
585000,0.0001956891018041761,1.53965270930238e-05
585250,0.000195228868314594,1.532419128040946e-05
585500,0.00019476971719064652,1.5252195315204305e-05
585750,0.0001943116459595469,1.5180537600723665e-05
586000,0.00019385465201706204,1.5109216547825e-05
586250,0.00019339873290024506,1.5038230574798726e-05
586500,0.0001929438859952108,1.4967578107374652e-05
586750,0.00019249010883887245,1.4897257578675692e-05
587000,0.0001920373989265584,1.48272674291932e-05
587250,0.00019158575369161807,1.4757606106749435e-05
587500,0.0001911351707071929,1.4688272066442994e-05
587750,0.0001906856474125722,1.4619263770646792e-05
588000,0.00019023718132410916,1.4550579688954412e-05
588250,0.00018978976997292583,1.4482218298136135e-05
588500,0.00018934341085166185,1.4414178082127994e-05
588750,0.0001888981015197547,1.4346457532010144e-05
589000,0.00018845383952919008,1.4279055145905449e-05
589250,0.0001880106223273548,1.4211969429032436e-05
589500,0.00018756844753446643,1.414519889361893e-05
589750,0.00018712731264246347,1.4078742058879669e-05
590000,0.0001866872152652533,1.4012597450990845e-05
590250,0.00018624815294752408,1.3946763603050527e-05
590500,0.00018581012322898375,1.388123905503795e-05
590750,0.00018537312369821293,1.3816022353828845e-05
591000,0.00018493715194564068,1.3751112053079962e-05
591250,0.0001845022055195432,1.3686506713265635e-05
591500,0.00018406828201981488,1.3622204901635509e-05
591750,0.00018363537908164102,1.355820519213544e-05
592000,0.00018320349422633648,1.3494506165449837e-05
592250,0.00018277262515400196,1.343110640890066e-05
592500,0.00018234276937970878,1.3368004516471584e-05
592750,0.00018191392456710692,1.3305199088734233e-05
593000,0.00018148608835923306,1.3242688732839872e-05
593250,0.0001810592583534251,1.3180472062481777e-05
593500,0.00018063343220464778,1.3118547697882422e-05
593750,0.00018020860754542817,1.3056914265718327e-05
594000,0.00017978478198144024,1.2995570399150091e-05
594250,0.00017936195319482998,1.2934514737723482e-05
594500,0.00017894011886843616,1.2873745927415496e-05
594750,0.00017851927662386732,1.28132626205341e-05
595000,0.00017809942415647554,1.2753063475726767e-05
595250,0.00017768055913604838,1.269314715795871e-05
595500,0.00017726267919508515,1.2633512338446578e-05
595750,0.00017684578206351344,1.2574157694655035e-05
596000,0.00017642986542542718,1.251508191026594e-05
596250,0.00017601492693948881,1.245628367514876e-05
596500,0.00017560096435373729,1.2397761685324959e-05
596750,0.00017518797534051906,1.233951464294407e-05
597000,0.0001747759576032402,1.2281541256241e-05
597250,0.00017436490889766515,1.2223840239534527e-05
597500,0.0001739548269376215,1.2166410313186765e-05
597750,0.00017354570939219578,1.2109250203545157e-05
598000,0.0001731375540617659,1.2052358642981647e-05
598250,0.00017273035865084506,1.1995734369780555e-05
598500,0.00017232412092969208,1.1939376128189211e-05
598750,0.00017191883858114264,1.1883282668328392e-05
599000,0.0001715145094203967,1.1827452746221002e-05
599250,0.0001711111311843599,1.1771885123699701e-05
599500,0.00017070870163164606,1.1716578568439419e-05
599750,0.00017030721854107333,1.1661531853898163e-05
600000,0.00016990667968717102,1.1606743759288794e-05
600250,0.00016950708283530787,1.1552213069565655e-05
600500,0.00016910842581546555,1.1497938575395086e-05
600750,0.00016871070634650928,1.1443919073122595e-05
601000,0.0001683139222256787,1.1390153364746585e-05
601250,0.00016791807134666645,1.1336640257890692e-05
601500,0.00016752315142718596,1.1283378565790044e-05
601750,0.00016712916029221848,1.1230367107249924e-05
602000,0.00016673609579473996,1.1177604706624084e-05
602250,0.00016634395570224003,1.112509019379286e-05
602500,0.00016595273791781407,1.1072822404125586e-05
602750,0.00016556244017678024,1.1020800178481038e-05
603000,0.00016517306037360543,1.0969022363144334e-05
603250,0.0001647845963511461,1.0917487809833396e-05
603500,0.00016439704593047296,1.0866195375660922e-05
603750,0.00016401040698598733,1.0815143923090248e-05
604000,0.00016362467734940925,1.0764332319954282e-05
604250,0.00016323985488284426,1.0713759439394184e-05
604500,0.0001628559374778517,1.0663424159850902e-05
604750,0.00016247292299750312,1.0613325365017946e-05
605000,0.00016209080928930887,1.0563461943859677e-05
605250,0.00016170959429912202,1.051383279052924e-05
605500,0.00016132927589427746,1.0464436804401785e-05
605750,0.0001609498518898148,1.0415272890015978e-05
606000,0.00016057132025363395,1.0366339957050073e-05
606250,0.00016019367884967796,1.0317636920311988e-05
606500,0.00015981692563353376,1.0269162699701521e-05
606750,0.00015944105848219234,1.0220916220191327e-05
607000,0.00015906607532407513,1.0172896411823243e-05
607250,0.00015869197407782955,1.0125102209649214e-05
607500,0.00015831875265663852,1.0077532553729092e-05
607750,0.00015794640901375072,1.0030186389097806e-05
608000,0.00015757494103190318,9.983062665750477e-06
608250,0.00015720434672407836,9.936160338623696e-06
608500,0.00015683462399789113,9.889478367547793e-06
608750,0.00015646577079396706,9.843015717247017e-06
609000,0.0001560977850668518,9.796771357320225e-06
609250,0.0001557306648474108,9.750744262186531e-06
609500,0.00015536440802405274,9.704933411104865e-06
609750,0.00015499901257899732,9.659337788109648e-06
610000,0.00015463447649286864,9.613956382024884e-06
610250,0.00015427079770954897,9.56878818641464e-06
610500,0.0001539079743060483,9.523832199579507e-06
610750,0.00015354600418062902,9.479087424524707e-06
611000,0.00015318488538978447,9.434552868932203e-06
611250,0.00015282461582989673,9.390227545149645e-06
611500,0.00015246519365693685,9.34611047017268e-06
611750,0.0001521066167489049,9.30220066559599e-06
612000,0.00015174888315162347,9.258497157640739e-06
612250,0.00015139199092531678,9.21499897707636e-06
612500,0.00015103593804418857,9.171705159232063e-06
612750,0.00015068072254849837,9.12861474398837e-06
613000,0.00015032634249907183,9.08572677570277e-06
613250,0.00014997279586988826,9.043040303253586e-06
613500,0.00014962008074478363,9.000554379967504e-06
613750,0.00014926819515720976,8.95826806362623e-06
614000,0.00014891713715058528,8.91618041645158e-06
614250,0.00014856690477600497,8.874290505044694e-06
614500,0.00014821749613144343,8.832597400403575e-06
614750,0.00014786890921944474,8.791100177900293e-06
615000,0.00014752114214306838,8.74979791724072e-06
615250,0.00014717419295020356,8.708689702459948e-06
615500,0.00014682805973616274,8.667774621889582e-06
615750,0.0001464827405862551,8.627051768149514e-06
616000,0.00014613823358502952,8.586520238123641e-06
616250,0.00014579453681315847,8.546179132929218e-06
616500,0.00014545164836575329,8.506027557927028e-06
616750,0.00014510956633952712,8.466064622652097e-06
617000,0.00014476828884256188,8.426289440850995e-06
617250,0.00014442781399441598,8.386701130419259e-06
617500,0.00014408813991528677,8.347298813405107e-06
617750,0.00014374926468601652,8.30808161596392e-06
618000,0.00014341118643602433,8.269048668374708e-06
618250,0.0001430739033004645,8.230199105001835e-06
618500,0.0001427374133895711,8.191532064260209e-06
618750,0.00014240171488403,8.153046688634778e-06
619000,0.00014206680588803989,8.11474212462138e-06
619250,0.00014173268454325435,8.076617522735958e-06
619500,0.00014139934901923493,8.038672037481599e-06
619750,0.00014106679745406857,8.000904827335404e-06
620000,0.0001407350279635112,7.963315054721938e-06
620250,0.00014040403879849903,7.92590188601592e-06
620500,0.0001400738280541553,7.88866449148571e-06
620750,0.00013974439393029807,7.851602045318146e-06
621000,0.00013941573457722586,7.814713725572614e-06
621250,0.00013908784817632725,7.777998714174617e-06
621500,0.0001387607329284182,7.741456196877747e-06
621750,0.00013843438702809585,7.705085363277453e-06
622000,0.0001381088086467041,7.668885406767567e-06
622250,0.00013778399591391437,7.632855524542154e-06
622500,0.00013745994715179833,7.5969949175588185e-06
622750,0.0001371366605027076,7.561302790525558e-06
623000,0.00013681413419605465,7.525778351890205e-06
623250,0.00013649236639360122,7.490420813829663e-06
623500,0.00013617135538806946,7.455229392203771e-06
623750,0.00013585109930211545,7.420203306573069e-06
624000,0.00013553159643186775,7.385341780148722e-06
624250,0.00013521284501622646,7.350644039810258e-06
624500,0.00013489484321710843,7.316109316055889e-06
624750,0.00013457758934620965,7.281736842999056e-06
625000,0.00013426108158273104,7.247525858357846e-06
625250,0.00013394531824487807,7.213475603433954e-06
625500,0.00013363029749184068,7.179585323077101e-06
625750,0.00013331601765910586,7.145854265704675e-06
626000,0.00013300247695619786,7.1122816832619824e-06
626250,0.0001326896736406681,7.078866831190456e-06
626500,0.00013237760600396162,7.045608968452468e-06
626750,0.00013206627231417123,7.012507357477647e-06
627000,0.0001317556708304363,6.979561264165952e-06
627250,0.00013144579984669717,6.946769957868438e-06
627500,0.00013113665760520777,6.914132711363729e-06
627750,0.00013082824246603308,6.881648800848508e-06
628000,0.00013052055267613206,6.849317505926345e-06
628250,0.00013021358651876455,6.817138109575152e-06
628500,0.00012990734233411238,6.785109898150987e-06
628750,0.00012960181833554564,6.753232161355237e-06
629000,0.00012929701289702902,6.72150419222535e-06
629250,0.00012899292433213687,6.689925287130338e-06
629500,0.00012868955092520324,6.658494745741154e-06
629750,0.00012838689101543334,6.627211871010988e-06
630000,0.0001280849429555811,6.596075969177803e-06
630250,0.00012778370501137062,6.5650863497306984e-06
630500,0.00012748317550311338,6.534242325412693e-06
630750,0.00012718335284539126,6.503543212185444e-06
631000,0.00012688423531852754,6.4729883292317465e-06
631250,0.0001265858212719442,6.44257699892789e-06
631500,0.000126288109065955,6.412308546842363e-06
631750,0.000125991096988878,6.382182301696987e-06
632000,0.0001256947834966077,6.3521975953822564e-06
632250,0.00012539916685543889,6.322353762918433e-06
632500,0.00012510424550680866,6.292650142458761e-06
632750,0.00012481001772149782,6.2630860752571454e-06
633000,0.00012451648197716063,6.2336609056664295e-06
633250,0.0001242236365358194,6.2043739811199346e-06
633500,0.0001239314798350418,6.175224652111515e-06
633750,0.0001236400102795555,6.146212272193555e-06
634000,0.00012334922615201405,6.11733619796029e-06
634250,0.00012305912598200468,6.088595789011062e-06
634500,0.00012276970805624214,6.059990407973208e-06
634750,0.00012248097081882987,6.031519420456837e-06
635000,0.00012219291261572206,6.003182195050041e-06
635250,0.00012190553191443763,5.974978103318043e-06
635500,0.00012161882707851868,5.946906519777882e-06
635750,0.00012133279652076122,5.9189668218725e-06
636000,0.00012104743871231792,5.891158389980503e-06
636250,0.00012076275196752954,5.863480607395765e-06
636500,0.00012047873478358446,5.835932860293525e-06
636750,0.00012019538558982889,5.80851453774831e-06
637000,0.00011991270282517287,5.78122503169776e-06
637250,0.00011963068481672396,5.754063736935076e-06
637500,0.00011934933009997677,5.727030051102355e-06
637750,0.00011906863712534999,5.700123374666924e-06
638000,0.00011878860426272307,5.673343110915392e-06
638250,0.00011850923001195817,5.646688665936108e-06
638500,0.00011823051283421112,5.6201594486057584e-06
638750,0.00011795245111439197,5.593754870589877e-06
639000,0.00011767504337086888,5.567474346299693e-06
639250,0.00011739828805537143,5.541317292912823e-06
639500,0.00011712218365742906,5.515283130337005e-06
639750,0.0001168467285698417,5.489371281208653e-06
640000,0.00011657192132519123,5.463581170872106e-06
640250,0.00011629776039514469,5.437912227385617e-06
640500,0.00011602424426891183,5.412363881472501e-06
640750,0.00011575137141615176,5.386935566549607e-06
641000,0.00011547914030659254,5.361626718687951e-06
641250,0.0001152075494463815,5.336436776604936e-06
641500,0.00011493659735081692,5.31136518166288e-06
641750,0.0001146662824870148,5.286411377839368e-06
642000,0.00011439660333100372,5.261574811735638e-06
642250,0.00011412755848855747,5.236854932542066e-06
642500,0.00011385914635785721,5.2122511920410405e-06
642750,0.00011359136548622104,5.187763044593968e-06
643000,0.00011332421441442748,5.16338994711735e-06
643250,0.0001130576916578235,5.1391313590943785e-06
643500,0.00011279179573658635,5.114986742528267e-06
643750,0.00011252652509998545,5.09095556196679e-06
644000,0.00011226187839338695,5.0670372844560934e-06
644250,0.00011199785410062552,5.043231379561144e-06
644500,0.0001117344507701268,5.0195373193432986e-06
644750,0.00011147166688678804,4.995954578322517e-06
645000,0.00011120950104183194,4.9724826335025415e-06
645250,0.00011094795177697934,4.949120964346956e-06
645500,0.00011068701764916003,4.925869052755397e-06
645750,0.00011042669723358513,4.902726383064822e-06
646000,0.00011016698900303922,4.879692442039344e-06
646250,0.00010990789160458632,4.856766718850118e-06
646500,0.0001096494035419015,4.833948705069339e-06
646750,0.00010939152340160772,4.8112378946561645e-06
647000,0.00010913424979432711,4.788633783949433e-06
647250,0.00010887758124632738,4.766135871654891e-06
647500,0.00010862151632554513,4.743743658830228e-06
647750,0.00010836605364546527,4.721456648880927e-06
648000,0.00010811119179915461,4.699274347541517e-06
648250,0.00010785692931098116,4.677196262876621e-06
648500,0.00010760326485817368,4.655221905248356e-06
648750,0.00010735019693842114,4.633350787335944e-06
649000,0.00010709772424234835,4.611582424090762e-06
649250,0.00010684584531011148,4.58991633276203e-06
649500,0.00010659455875555938,4.56835203284752e-06
649750,0.00010634386320819578,4.546889046114154e-06
650000,0.00010609375723072391,4.5255268965784586e-06
650250,0.00010584423951683476,4.504265110479009e-06
650500,0.00010559530860600529,4.483103216299236e-06
650750,0.00010534696313050583,4.4620407447196995e-06
651000,0.00010509920175905359,4.441077228639443e-06
651250,0.00010485202306925133,4.420212203145035e-06
651500,0.00010460542571025025,4.399445205509308e-06
651750,0.00010435940831368216,4.378775775176517e-06
652000,0.00010411396953607451,4.358203453760268e-06
652250,0.00010386910796487194,4.33772778502085e-06
652500,0.000103624822290038,4.317348314867862e-06
652750,0.00010338111115509501,4.2970645913445144e-06
653000,0.00010313797317643133,4.276876164608862e-06
653250,0.00010289540705304575,4.2567825869424705e-06
653500,0.00010265341135089259,4.236783412726995e-06
653750,0.00010241198483408189,4.216878198434197e-06
654000,0.0001021711261154241,4.197066502624868e-06
654250,0.00010193083386492817,4.177347885930585e-06
654500,0.00010169110671824737,4.157721911046294e-06
654750,0.0001014519434124929,4.1381881427262274e-06
655000,0.00010121334257291027,4.118746147767019e-06
655250,0.00010097530286202516,4.099395494994085e-06
655500,0.00010073782302058768,4.08013575526928e-06
655750,0.0001005009017295805,4.060966501467112e-06
656000,0.00010026453759906815,4.041887308462774e-06
656250,0.00010002872935643726,4.0228977531358665e-06
656500,9.979347570793937e-05,4.003997414352493e-06
656750,9.955877536403697e-05,3.985185872954112e-06
657000,9.932462699948514e-05,3.966462711757811e-06
657250,9.909102932907476e-05,3.947827515530651e-06
657500,9.885798100743537e-05,3.929279871003231e-06
657750,9.862548081970306e-05,3.910819366834574e-06
658000,9.839352740123924e-05,3.89244559362693e-06
658250,9.816211952828152e-05,3.874158143900176e-06
658500,9.793125589465718e-05,3.855956612089573e-06
658750,9.770093521891673e-05,3.837840594537712e-06
659000,9.747115625030146e-05,3.81980968948195e-06
659250,9.72419176647467e-05,3.8018634970494015e-06
659500,9.701321823271859e-05,3.7840016192393264e-06
659750,9.67850566045261e-05,3.7662236599298944e-06
660000,9.655743164320914e-05,3.7485292248525525e-06
660250,9.63303420159564e-05,3.730917921599441e-06
660500,9.610378647991541e-05,3.7133893595967457e-06
660750,9.587776377716898e-05,3.695943150112778e-06
661000,9.565227263248877e-05,3.678578906239786e-06
661250,9.542731177758429e-05,3.661296242886762e-06
661500,9.520288002629214e-05,3.6440947767730523e-06
661750,9.497897612700508e-05,3.626974126418206e-06
662000,9.475559880734245e-05,3.609933912134896e-06
662250,9.453274682724094e-05,3.592973756019886e-06
662500,9.431041898491517e-05,3.5760932819436536e-06
662750,9.408861401790551e-05,3.559292115546243e-06
663000,9.38673306793708e-05,3.542569884222876e-06
663250,9.364656780072208e-05,3.5259262171229105e-06
663500,9.342632412447771e-05,3.509360745137995e-06
663750,9.320659843045516e-05,3.4928731008874422e-06
664000,9.298738946316549e-05,3.476462918728573e-06
664250,9.276869610386654e-05,3.4601298347272537e-06
664500,9.255051703730835e-05,3.443873486658876e-06
664750,9.233285109117476e-05,3.4276935140067638e-06
665000,9.211569711028999e-05,3.4115895579414053e-06
665250,9.189905381076263e-05,3.395561261326995e-06
665500,9.168292005985611e-05,3.379608268697447e-06
665750,9.146729458294877e-05,3.3637302262614768e-06
666000,9.12521762552128e-05,3.347926781890354e-06
666250,9.103756383841156e-05,3.3321975851036083e-06
666500,9.082345614095561e-05,3.3165422870775595e-06
666750,9.06098520262123e-05,3.300960540619206e-06
667000,9.039675028165883e-05,3.2854520001669676e-06
667250,9.018414969384722e-05,3.270016321788895e-06
667500,8.997204915313116e-05,3.2546531631640825e-06
667750,8.976044745004195e-05,3.239362183579947e-06
668000,8.954934335845123e-05,3.2241430439260985e-06
668250,8.933873580983941e-05,3.208995406684854e-06
668500,8.912862349276056e-05,3.1939189359247328e-06
668750,8.891900541857127e-05,3.17891329729157e-06
669000,8.870988026658022e-05,3.1639781580027756e-06
669250,8.8501247013058e-05,3.149113186839465e-06
669500,8.829310441058718e-05,3.134318054135966e-06
669750,8.808545132858499e-05,3.119592431781318e-06
670000,8.787828659098749e-05,3.1049359932015355e-06
670250,8.767160911346126e-05,3.0903484133568567e-06
670500,8.746541772099648e-05,3.0758293687382422e-06
670750,8.725971121904928e-05,3.061378537350819e-06
671000,8.705448853392189e-05,3.0469955987201865e-06
671250,8.68497484844331e-05,3.032680233867414e-06
671500,8.664548999361127e-05,3.018432125323423e-06
671750,8.644171182784752e-05,3.0042509571034245e-06
672000,8.623841298314021e-05,2.990136414708181e-06
672250,8.60355922811224e-05,2.976088185117462e-06
672500,8.583324855305482e-05,2.962105956782464e-06
672750,8.563138069520235e-05,2.9481894196144604e-06
673000,8.542998760729275e-05,2.934338264986217e-06
673250,8.522906816702875e-05,2.920552185714493e-06
673500,8.502862125438122e-05,2.906830876067533e-06
673750,8.482864576928541e-05,2.893174031742184e-06
674000,8.462914064744923e-05,2.879581349868729e-06
674250,8.443010466907624e-05,2.8660525290004443e-06
674500,8.423153683931946e-05,2.8525872691052624e-06
674750,8.403343596657951e-05,2.8391852715623353e-06
675000,8.383580106938827e-05,2.825846239151723e-06
675250,8.363863093802492e-05,2.812569876053571e-06
675500,8.344192454332311e-05,2.799355887834797e-06
675750,8.324568077576446e-05,2.7862039814445437e-06
676000,8.304989850784736e-05,2.7731138652141507e-06
676250,8.285457669337802e-05,2.760085248837897e-06
676500,8.265971426727613e-05,2.747117843379207e-06
676750,8.246531010792925e-05,2.7342113612587034e-06
677000,8.227136319649654e-05,2.721365516245674e-06
677250,8.207787241569334e-05,2.7085800234539117e-06
677500,8.18848367205961e-05,2.695854599340539e-06
677750,8.169225496911039e-05,2.683188961689509e-06
678000,8.150012617699679e-05,2.670582829613163e-06
678250,8.130844922602635e-05,2.658035923543446e-06
678500,8.111722307303909e-05,2.6455479652243135e-06
678750,8.09264466735079e-05,2.6331186777093237e-06
679000,8.073611893068573e-05,2.6207477853498896e-06
679250,8.054623882480458e-05,2.6084350137960616e-06
679500,8.035680529220191e-05,2.5961800899853135e-06
679750,8.016781725747898e-05,2.583982742138068e-06
680000,7.99792737416165e-05,2.571842699749377e-06
680250,7.979117361010478e-05,2.5597596935892036e-06
680500,7.960351588436542e-05,2.547733455690412e-06
680750,7.941629952986224e-05,2.53576371934307e-06
681000,7.922952346219366e-05,2.5238502190956e-06
681250,7.904318661190343e-05,2.5119926907375978e-06
681500,7.885728806999517e-05,2.5001908713025193e-06
681750,7.86718266874603e-05,2.488444499060614e-06
682000,7.848680153207677e-05,2.4767533135089466e-06
682250,7.830221151401203e-05,2.4651170553707493e-06
682500,7.811805561162383e-05,2.4535354665876626e-06
682750,7.793433282949506e-05,2.442008290310095e-06
683000,7.77510421365499e-05,2.4305352708993195e-06
683250,7.756818251795014e-05,2.419116153915103e-06
683500,7.738575295084134e-05,2.40775068611596e-06
683750,7.72037524208103e-05,2.39643861544432e-06
684000,7.702217995681988e-05,2.385179691033106e-06
684250,7.68410344993638e-05,2.373973663190864e-06
684500,7.666031511167242e-05,2.3628202833977227e-06
684750,7.64800207197795e-05,2.3517193043048345e-06
685000,7.630015039017577e-05,2.3406704797232086e-06
685250,7.612070302586397e-05,2.329673564620961e-06
685500,7.594167776202788e-05,2.3187283151162843e-06
685750,7.576307351448196e-05,2.3078344884771336e-06
686000,7.558488930386811e-05,2.2969918431061467e-06
686250,7.54071241729755e-05,2.286200138545741e-06
686500,7.522977712023015e-05,2.2754591354662783e-06
686750,7.50528471283191e-05,2.264768595661123e-06
687000,7.487633333480109e-05,2.254128282045943e-06
687250,7.470023462836571e-05,2.243537958647844e-06
687500,7.452455006055664e-05,2.23299739060357e-06
687750,7.434927869938745e-05,2.222506344152576e-06
688000,7.41744195449508e-05,2.2120645866331597e-06
688250,7.399997164426902e-05,2.2016718864769968e-06
688500,7.382593402717035e-05,2.1913280132014604e-06
688750,7.365230570627254e-05,2.181032737410612e-06
689000,7.347908573968149e-05,2.1707858307834624e-06
689250,7.330627316223385e-05,2.1605870660731527e-06
689500,7.313386702617403e-05,2.1504362170984716e-06
689750,7.296186636424255e-05,2.140333058743624e-06
690000,7.27902702162395e-05,2.130277366948048e-06
690250,7.261907763385416e-05,2.1202689187056805e-06
690500,7.244828767452965e-05,2.1103074920552583e-06
690750,7.227789939051648e-05,2.100392866082972e-06
691000,7.210791181417387e-05,2.0905248209084098e-06
691250,7.193832407548501e-05,2.080703137686887e-06
691500,7.17691351658092e-05,2.0709275986018325e-06
691750,7.160034414537072e-05,2.061197986858172e-06
692000,7.143195009732712e-05,2.0515140866805535e-06
692250,7.12639520829716e-05,2.041875683308949e-06
692500,7.109634923919476e-05,2.03228256298916e-06
692750,7.092914051760863e-05,2.0227345129736122e-06
693000,7.076232504880414e-05,2.0132313215110667e-06
693250,7.059590190811411e-05,2.0037727778521105e-06
693500,7.042987018349549e-05,1.9943586722286785e-06
693750,7.026422895228052e-05,1.9849887958646573e-06
694000,7.009897727231882e-05,1.975662940961215e-06
694250,6.993411423281906e-05,1.966380900698753e-06
694500,6.97696389222812e-05,1.957142469226631e-06
694750,6.960555047166476e-05,1.9479474416615527e-06
695000,6.944184790841055e-05,1.9387956140866103e-06
695250,6.927853032716205e-05,1.9296867835366296e-06
695500,6.911559690163617e-05,1.9206207480062458e-06
695750,6.895304663535663e-05,1.9115973064333275e-06
696000,6.879087870053404e-05,1.9026162587066346e-06
696250,6.862909210067057e-05,1.893677405650404e-06
696500,6.846768602702678e-05,1.8847805490255355e-06
696750,6.830665959230946e-05,1.8759254915247856e-06
697000,6.81460118326999e-05,1.8671120367682992e-06
697250,6.798574189860057e-05,1.8583399892994509e-06
697500,6.782584889506216e-05,1.8496091545779122e-06
697750,6.766633194373332e-05,1.840919338978639e-06
698000,6.750719018197717e-05,1.832270349786181e-06
698250,6.734842266082831e-05,1.8236619951881613e-06
698500,6.719002854295157e-05,1.8150940842784042e-06
698750,6.703200696738671e-05,1.8065664270432384e-06
699000,6.687435702772266e-05,1.7980788343641228e-06
699250,6.671707785961027e-05,1.789631118009226e-06
699500,6.656016857068222e-05,1.781223090632611e-06
699750,6.640362833228034e-05,1.772854565768713e-06
700000,6.624745624074147e-05,1.7645253578247748e-06
700250,6.609165144368121e-05,1.7562352820850712e-06
700500,6.59362130705996e-05,1.747984154697752e-06
700750,6.578114029653867e-05,1.7397717926761091e-06
701000,6.562643223426156e-05,1.7315980138928614e-06
701250,6.547208797453416e-05,1.7234626370779048e-06
701500,6.531810677002506e-05,1.7153654818094481e-06
701750,6.516448765956746e-05,1.707306368516658e-06
702000,6.50112298653665e-05,1.6992851184715295e-06
702250,6.485833252847511e-05,1.6913015537848536e-06
702500,6.470579477005013e-05,1.683355497402601e-06
702750,6.455361573374268e-05,1.6754467731046442e-06
703000,6.440179462398083e-05,1.667575205498258e-06
703250,6.425033054611732e-05,1.6597406200138214e-06
703500,6.40992227175655e-05,1.6519428429012035e-06
703750,6.394847028419016e-05,1.6441817012290308e-06
704000,6.379807239053979e-05,1.6364570228764846e-06
704250,6.36480282119782e-05,1.6287686365314549e-06
704500,6.349833690598429e-05,1.621116371689231e-06
704750,6.334899766494175e-05,1.6135000586413533e-06
705000,6.320000964256935e-05,1.6059195284815614e-06
705250,6.305137202463865e-05,1.5983746130937307e-06
705500,6.290308398898168e-05,1.590865145154299e-06
705750,6.275514468223569e-05,1.5833909581222887e-06
706000,6.260755334490896e-05,1.5759518862431003e-06
706250,6.246030907641028e-05,1.5685477645384808e-06
706500,6.231341112996372e-05,1.5611784288053978e-06
706750,6.216685866520616e-05,1.5538437156142002e-06
707000,6.202065089527803e-05,1.5465434622990615e-06
707250,6.187478694021679e-05,1.5392775069630017e-06
707500,6.172926605608079e-05,1.5320456884678223e-06
707750,6.158408746179156e-05,1.5248478464309798e-06
708000,6.143925026227438e-05,1.5176838212247892e-06
708250,6.129475367953145e-05,1.5105534539720087e-06
708500,6.115059694336321e-05,1.503456586540747e-06
708750,6.100677929755873e-05,1.4963930615427754e-06
709000,6.086329980514992e-05,1.4893627223282358e-06
709250,6.07201578323632e-05,1.4823654129839631e-06
709500,6.057735243677187e-05,1.4754009783302053e-06
709750,6.043488295298207e-05,1.4684692639155511e-06
710000,6.029274853498986e-05,1.461570116012774e-06
710250,6.0150948402856166e-05,1.4547033816195353e-06
710500,6.0009481725510835e-05,1.4478689084507514e-06
710750,5.986834779519083e-05,1.4410665449361108e-06
711000,5.9727545779737274e-05,1.4342961402191123e-06
711250,5.958707491160638e-05,1.4275575441518724e-06
711500,5.94469344175229e-05,1.4208506072902408e-06
711750,5.930712349183016e-05,1.414175180894027e-06
712000,5.916764139905627e-05,1.4075311169198268e-06
712250,5.9028487337527807e-05,1.4009182680223062e-06
712500,5.888966058725401e-05,1.394336487546234e-06
712750,5.87511602980466e-05,1.3877856295280318e-06
713000,5.861298575726188e-05,1.3812655486848935e-06
713250,5.847513618914353e-05,1.37477610042292e-06
713500,5.8337610788962885e-05,1.368317140821755e-06
713750,5.820040885832788e-05,1.361888526642273e-06
714000,5.806352963518123e-05,1.3554901153153326e-06
714250,5.7926972245794514e-05,1.3491217649413006e-06
714500,5.7790736101934954e-05,1.3427833342884685e-06
714750,5.7654820339320074e-05,1.3364746827881706e-06
715000,5.7519224231871795e-05,1.3301956705328332e-06
715250,5.738394703040843e-05,1.3239461582706366e-06
715500,5.724898796780334e-05,1.3177260074067532e-06
715750,5.711434630375349e-05,1.3115350799941028e-06
716000,5.698002132061865e-05,1.3053732387359966e-06
716250,5.684601223607218e-05,1.2992403469802687e-06
716500,5.671231835591686e-05,1.2931362687161047e-06
716750,5.657893888568632e-05,1.2870608685727684e-06
717000,5.64458730932624e-05,1.2810140118148715e-06
717250,5.6313120272567683e-05,1.2749955643401323e-06
717500,5.618067965904105e-05,1.2690053926761323e-06
717750,5.6048550511215663e-05,1.2630433639783282e-06
718000,5.591673214330393e-05,1.2571093460246317e-06
718250,5.578522377715306e-05,1.2512032072166374e-06
718500,5.565402471278293e-05,1.2453248165713229e-06
718750,5.552313418669147e-05,1.239474043724034e-06
719000,5.539255149659016e-05,1.2336507589197296e-06
719250,5.5262275950411685e-05,1.2278548330160744e-06
719500,5.513230675911649e-05,1.2220861374732239e-06
719750,5.5002643261873414e-05,1.2163445443602485e-06
720000,5.487328467534123e-05,1.2106299263435642e-06
720250,5.474423037584516e-05,1.2049421566887127e-06
720500,5.4615479585757024e-05,1.1992811092579693e-06
720750,5.4487031563948675e-05,1.1936466585045724e-06
721000,5.435888562458925e-05,1.1880386794726022e-06
721250,5.423104113276485e-05,1.1824570477924517e-06
721500,5.41034972927175e-05,1.1769016396795784e-06
721750,5.397625337167038e-05,1.1713723319309492e-06
722000,5.384930874532844e-05,1.1658690019216936e-06
722250,5.3722662681127676e-05,1.1603915276028888e-06
722500,5.359631444853558e-05,1.1549397875009319e-06
722750,5.347026342330969e-05,1.1495136607103968e-06
723000,5.334450877393825e-05,1.1441130268965975e-06
723250,5.3219049938179744e-05,1.1387377662869208e-06
723500,5.309388613979545e-05,1.1333877596734196e-06
723750,5.296901672997145e-05,1.1280628884095306e-06
724000,5.284444097442725e-05,1.122763034402712e-06
724250,5.27201582113243e-05,1.1174880801184807e-06
724500,5.2596167737671696e-05,1.1122379085726404e-06
724750,5.247246884892865e-05,1.107012403331005e-06
725000,5.234906093121704e-05,1.1018114485074934e-06
725250,5.22259432191604e-05,1.0966349287587536e-06
725500,5.2103115087109024e-05,1.091482729284345e-06
725750,5.198057578503647e-05,1.0863547358225724e-06
726000,5.185832476484389e-05,1.0812508346494905e-06
726250,5.173636119240191e-05,1.07617091257552e-06
726500,5.161468447520434e-05,1.0711148569409379e-06
726750,5.149329390907234e-05,1.06608255561716e-06
727000,5.1372188851271354e-05,1.061073897003326e-06
727250,5.1251368612479896e-05,1.0560887700194304e-06
727500,5.113083253364531e-05,1.0511270641102512e-06
727750,5.101057998557573e-05,1.0461886692391614e-06
728000,5.0890610141639404e-05,1.0412734758867136e-06
728250,5.077092255438275e-05,1.0363813750471004e-06
728500,5.065151641283604e-05,1.0315122582281741e-06
728750,5.0532391110338984e-05,1.0266660174456384e-06
729000,5.0413545943746957e-05,1.0218425452245022e-06
729250,5.0294980300074206e-05,1.0170417345929236e-06
729500,5.0176693531187213e-05,1.0122634790827795e-06
729750,5.005868497193507e-05,1.0075076727262104e-06
730000,4.9940953855699565e-05,1.0027742100520436e-06
730250,4.982349970594209e-05,9.9806298608585e-07
730500,4.9706321771748394e-05,9.933738963461752e-07
730750,4.958941944678139e-05,9.887068368415228e-07
731000,4.947279201362035e-05,9.8406170407024e-07
731250,4.9356438908168856e-05,9.79438395016673e-07
731500,4.924035942441011e-05,9.748368071479101e-07
731750,4.912455296285329e-05,9.70256838414346e-07
732000,4.9009018861483235e-05,9.65698387244579e-07
732250,4.8893756447427023e-05,9.61161352545827e-07
732500,4.8778765183192897e-05,9.566456336991557e-07
732750,4.8664044307409894e-05,9.521511305578933e-07
733000,4.8549593235961594e-05,9.476777434477552e-07
733250,4.8435411368473986e-05,9.432253731607131e-07
733500,4.832149802607762e-05,9.387939209563496e-07
733750,4.820785258052625e-05,9.34383288557472e-07
734000,4.809447446010919e-05,9.299933781482987e-07
734250,4.798136291881646e-05,9.256240923728588e-07
734500,4.7868517441035186e-05,9.212753343331683e-07
734750,4.7755937364097786e-05,9.169470075858966e-07
735000,4.764362205492825e-05,9.126390161410756e-07
735250,4.753157086496761e-05,9.083512644588932e-07
735500,4.741978327017927e-05,9.040836574504731e-07
735750,4.7308258544202406e-05,8.998361004712672e-07
736000,4.719699609350104e-05,8.956084993224078e-07
736250,4.708599532463469e-05,8.914007602472858e-07
736500,4.6975255629466566e-05,8.872127899312458e-07
736750,4.686477634241255e-05,8.830444954964607e-07
737000,4.675455694140454e-05,8.788957845013273e-07
737250,4.6644596723628785e-05,8.747665649395857e-07
737500,4.6534895151699535e-05,8.706567452367744e-07
737750,4.642545154397522e-05,8.665662342485031e-07
738000,4.6316265361540604e-05,8.624949412588093e-07
738250,4.620733593088725e-05,8.584427759785702e-07
738500,4.609866272122899e-05,8.544096485407099e-07
738750,4.599024507578161e-05,8.503954695031882e-07
739000,4.588208245569545e-05,8.464001498422519e-07
739250,4.577417418801812e-05,8.424236009524002e-07
739500,4.566651969219481e-05,8.384657346457881e-07
739750,4.555911839070228e-05,8.34526463148286e-07
740000,4.5451969673400076e-05,8.306056990972789e-07
740250,4.534507300240071e-05,8.267033555415985e-07
740500,4.5238427725684145e-05,8.228193459379036e-07
740750,4.5132033239912024e-05,8.189535841504954e-07
741000,4.5025888997298306e-05,8.151059844467043e-07
741250,4.491999435084741e-05,8.112764614982973e-07
741500,4.481434875818865e-05,8.07464930377363e-07
741750,4.4708951640144724e-05,8.036713065540983e-07
742000,4.460380244548096e-05,7.998955058970271e-07
742250,4.4498900509929286e-05,7.961374446699623e-07
742500,4.439424528001587e-05,7.923970395291913e-07
742750,4.428983619636558e-05,7.886742075232368e-07
743000,4.418567269003008e-05,7.849688660899888e-07
743250,4.408175413238282e-05,7.812809330555543e-07
743500,4.397808000062887e-05,7.776103266320035e-07
743750,4.387464966844778e-05,7.739569654154628e-07
744000,4.377146261689583e-05,7.703207683846346e-07
744250,4.366851822132901e-05,7.667016548996437e-07
744500,4.356581595548017e-05,7.630995446979796e-07
744750,4.346335521476999e-05,7.595143578948328e-07
745000,4.336113545320401e-05,7.559460149812162e-07
745250,4.325915610281172e-05,7.523944368215459e-07
745500,4.315741659499394e-05,7.488595446516102e-07
745750,4.305591637310013e-05,7.453412600768903e-07
746000,4.295465484359137e-05,7.418395050728042e-07
746250,4.285363149153166e-05,7.383542019794163e-07
746500,4.275284571627446e-05,7.348852735030434e-07
746750,4.265229693043266e-05,7.314326427124268e-07
747000,4.2551984715327894e-05,7.279962330380071e-07
747250,4.245190836592798e-05,7.245759682694685e-07
747500,4.235206738406879e-05,7.211717725556007e-07
747750,4.2252461221438884e-05,7.177835704006983e-07
748000,4.215308931951587e-05,7.144112866639393e-07
748250,4.205395112273855e-05,7.110548465572984e-07
748500,4.195504610100505e-05,7.077141756449633e-07
748750,4.185637367759484e-05,7.043891998397263e-07
749000,4.175793330137381e-05,7.010798454034777e-07
749250,4.165972449460968e-05,6.977860389435513e-07
749500,4.156174660123296e-05,6.945077074132647e-07
749750,4.146399913586532e-05,6.912447781077322e-07
750000,4.136648160234024e-05,6.879971786645654e-07
750250,4.126919342004032e-05,6.847648370613779e-07
750500,4.117213399906853e-05,6.815476816135687e-07
750750,4.1075302844809115e-05,6.783456409741652e-07
751000,4.097869948653321e-05,6.751586441310156e-07
751250,4.08823232941784e-05,6.719866204049099e-07
751500,4.078617377755384e-05,6.688294994493476e-07
751750,4.069025035801795e-05,6.656872112486993e-07
752000,4.059455254386318e-05,6.625596861156995e-07
752250,4.049907982420129e-05,6.594468546907898e-07
752500,4.0403831645726236e-05,6.563486479397488e-07
752750,4.03088074504876e-05,6.532649971532839e-07
753000,4.021400674717113e-05,6.501958339453249e-07
753250,4.0119429024271126e-05,6.471410902489841e-07
753500,4.002507369236807e-05,6.441006983201346e-07
753750,3.993094028012071e-05,6.41074590730574e-07
754000,3.983702830898178e-05,6.380627003699203e-07
754250,3.974333715155723e-05,6.350649604431885e-07
754500,3.964986636011616e-05,6.320813044689188e-07
754750,3.9556615381288636e-05,6.291116662775782e-07
755000,3.946358371496603e-05,6.261559800113505e-07
755250,3.937077090335927e-05,6.232141801215074e-07
755500,3.92781763188693e-05,6.202862013673419e-07
755750,3.9185799530485606e-05,6.173719788138437e-07
756000,3.909363996065363e-05,6.144714478321445e-07
756250,3.900169719517777e-05,6.115845440970923e-07
756500,3.890997062826694e-05,6.08711203584479e-07
756750,3.881845977021917e-05,6.058513625720149e-07
757000,3.872716418509922e-05,6.030049576368654e-07
757250,3.8636083273839986e-05,6.001719256535753e-07
757500,3.854521661935133e-05,5.973522037928546e-07
757750,3.845456360711902e-05,5.945457295221304e-07
758000,3.836412383159467e-05,5.917524406009671e-07
758250,3.8273896748917125e-05,5.889722750827408e-07
758500,3.818388189869357e-05,5.862051713109344e-07
758750,3.8094078736229394e-05,5.834510679188406e-07
759000,3.800448675729694e-05,5.807099038282272e-07
759250,3.79151054857071e-05,5.779816182477416e-07
759500,3.7825934468213304e-05,5.752661506719101e-07
759750,3.773697308967407e-05,5.725634408794659e-07
760000,3.764822101715951e-05,5.698734289314817e-07
760250,3.755967765479676e-05,5.671960551711598e-07
760500,3.747134249396924e-05,5.645312602224471e-07
760750,3.738321511880573e-05,5.618789849867616e-07
761000,3.72952950319078e-05,5.592391706449583e-07
761250,3.720758166894176e-05,5.566117586527247e-07
761500,3.7120074608064874e-05,5.539966907422178e-07
761750,3.703277339657567e-05,5.513939089174244e-07
762000,3.6945677463915274e-05,5.48803355457299e-07
762250,3.6858786361080796e-05,5.462249729095287e-07
762500,3.677209964125279e-05,5.436587040936077e-07
762750,3.6685616759781436e-05,5.411044920968194e-07
763000,3.6599337329082846e-05,5.385622802735211e-07
763250,3.651326078749767e-05,5.360320122453542e-07
763500,3.6427386676389105e-05,5.335136318975191e-07
763750,3.634171452376041e-05,5.310070833790091e-07
764000,3.6256243895725176e-05,5.285123111024824e-07
764250,3.617097425866433e-05,5.260292597407338e-07
764500,3.608590514180962e-05,5.235578742262045e-07
764750,3.600103613081975e-05,5.21098099751258e-07
765000,3.591636670811493e-05,5.186498817645278e-07
765250,3.583189642174211e-05,5.162131659716677e-07
765500,3.574762476284426e-05,5.137878983327748e-07
765750,3.566355134296619e-05,5.113740250626199e-07
766000,3.557967563820215e-05,5.089714926284185e-07
766250,3.549599722067728e-05,5.065802477482706e-07
766500,3.541251556783468e-05,5.042002373916038e-07
766750,3.532923025071594e-05,5.018314087761275e-07
767000,3.524614084166862e-05,4.994737093681354e-07
767250,3.5163246797987024e-05,4.971270868803133e-07
767500,3.508054774739731e-05,4.94791489271394e-07
767750,3.499804316314285e-05,4.92466864744068e-07
768000,3.491573262641298e-05,4.901531617450354e-07
768250,3.483361571386991e-05,4.878503289628236e-07
768500,3.47516919160017e-05,4.855583153266136e-07
768750,3.4669960786156766e-05,4.832770700069273e-07
769000,3.458842185074365e-05,4.810065424114684e-07
769250,3.450707470918578e-05,4.787466821864831e-07
769500,3.4425918870515114e-05,4.764974392146043e-07
769750,3.434495389514183e-05,4.742587636140875e-07
770000,3.4264179337906446e-05,4.72030605736993e-07
770250,3.418359475661431e-05,4.6981291616992925e-07
770500,3.410319969907093e-05,4.6760564572980356e-07
770750,3.402299374784987e-05,4.6540874546631227e-07
771000,3.3942976407802045e-05,4.632221666579805e-07
771250,3.3863147234127814e-05,4.610458608128175e-07
771500,3.3783505862940144e-05,4.588797796664139e-07
771750,3.370405174666446e-05,4.567238751811541e-07
772000,3.362478453309191e-05,4.545780995452059e-07
772250,3.35457037046969e-05,4.5244240517131843e-07
772500,3.346680888431048e-05,4.503167446961085e-07
772750,3.338809959745375e-05,4.482010709779176e-07
773000,3.330957543791617e-05,4.4609533709724127e-07
773250,3.32312359569809e-05,4.439994963547967e-07
773500,3.315308070074939e-05,4.4191350227069343e-07
773750,3.307510928035177e-05,4.3983730858353373e-07
774000,3.2997321215740316e-05,4.377708692493352e-07
774250,3.2919716113039426e-05,4.357141384401499e-07
774500,3.284229355893735e-05,4.336670705436565e-07
774750,3.276505306586373e-05,4.3162962016131833e-07
775000,3.268799422173553e-05,4.2960174210836987e-07
775250,3.2611116614521184e-05,4.2758339141228015e-07
775500,3.253441979348888e-05,4.255745233117222e-07
775750,3.245790339289028e-05,4.235750932552909e-07
776000,3.238156689932675e-05,4.2158505690194823e-07
776250,3.23054099606499e-05,4.1960437011763905e-07
776500,3.2229432138050596e-05,4.1763298897628303e-07
776750,3.215363299381172e-05,4.156708697589691e-07
777000,3.2078012120701944e-05,4.137179689508257e-07
777250,3.20025691332504e-05,4.117742432421858e-07
777500,3.1927303544162646e-05,4.098396495262725e-07
777750,3.185221496652968e-05,4.0791414489988045e-07
778000,3.1777302985272936e-05,4.059976866604342e-07
778250,3.170256720059763e-05,4.040902323062882e-07
778500,3.162800718936949e-05,4.021917395356303e-07
778750,3.15536225153477e-05,4.003021662447994e-07
779000,3.1479412789136194e-05,3.9842147052894913e-07
779250,3.140537758298372e-05,3.965496106791122e-07
779500,3.133151652515753e-05,3.946865451831439e-07
779750,3.12578291650272e-05,3.9283223272294543e-07
780000,3.118431510458977e-05,3.909866321752668e-07
780250,3.111097391748877e-05,3.891497026100674e-07
780500,3.1037805234310784e-05,3.8732140328939803e-07
780750,3.096480866415966e-05,3.8550169366682113e-07
781000,3.089198373137625e-05,3.8369053338611594e-07
781250,3.081933011492812e-05,3.8188788228055254e-07
781500,3.074684734173189e-05,3.800937003730012e-07
781750,3.067453503401434e-05,3.7830794787315266e-07
782000,3.060239278839536e-05,3.765305851784055e-07
782250,3.053042022819828e-05,3.7476157287147566e-07
782500,3.045861692381763e-05,3.730008717208701e-07
782750,3.0386982501575083e-05,3.712484426792673e-07
783000,3.0315516539396183e-05,3.695042468825523e-07
783250,3.0244218682896983e-05,3.677682456496e-07
783500,3.0173088488567907e-05,3.6604040048040573e-07
783750,3.0102125583502166e-05,3.643206730565494e-07
784000,3.0031329552479433e-05,3.6260902523934795e-07
784250,2.996070011340215e-05,3.609054190689788e-07
784500,2.989023666550423e-05,3.592098167643475e-07
784750,2.9819939023417255e-05,3.5752218072189305e-07
785000,2.974980668682792e-05,3.558424735145553e-07
785250,2.9679839262735007e-05,3.5417065789112477e-07
785500,2.961003641666525e-05,3.525066967756588e-07
785750,2.9540397767450134e-05,3.5085055326579586e-07
786000,2.9470922848508895e-05,3.492021906332183e-07
786250,2.9401611296165863e-05,3.4756157232184013e-07
786500,2.9332462838437613e-05,3.459286619472615e-07
786750,2.9263476962735394e-05,3.443034232963798e-07
787000,2.919465334902414e-05,3.426858203256133e-07
787250,2.9125991590874216e-05,3.410758171611389e-07
787500,2.9057491309888626e-05,3.3947337809790243e-07
787750,2.8989152143083843e-05,3.3787846759817287e-07
788000,2.8920973724770283e-05,3.3629105029130903e-07
788250,2.885295558586017e-05,3.347110909726648e-07
788500,2.8785097446880497e-05,3.331385546037618e-07
788750,2.8717398907533727e-05,3.315734063097654e-07
789000,2.8649859600383447e-05,3.300156113798377e-07
789250,2.8582479132320413e-05,3.284651352671698e-07
789500,2.8515257105496663e-05,3.269219435859353e-07
789750,2.8448193193646532e-05,3.253860021128639e-07
790000,2.8381286988395232e-05,3.2385727678483824e-07
790250,2.8314538168268267e-05,3.223357336992145e-07
790500,2.8247946319608303e-05,3.2082133911236604e-07
790750,2.818151110220564e-05,3.1931405943941404e-07
791000,2.8115232102000486e-05,3.178138612530039e-07
791250,2.8049108978960586e-05,3.1632071128298974e-07
791500,2.7983141394385247e-05,3.1483457641547183e-07
791750,2.791732892689206e-05,3.1335542369234135e-07
792000,2.785167125184687e-05,3.1188322030995423e-07
792250,2.7786168024483746e-05,3.104179336190819e-07
792500,2.7720818826230106e-05,3.089595311239251e-07
792750,2.7655623322404514e-05,3.075079804809542e-07
793000,2.759058113853083e-05,3.060632494989904e-07
793250,2.752569193737147e-05,3.0462530613815273e-07
793500,2.746095535478035e-05,3.03194118508563e-07
793750,2.7396371012099637e-05,3.0176965487071694e-07
794000,2.7331938555424036e-05,3.003518836339111e-07
794250,2.726765762684984e-05,2.989407733559075e-07
794500,2.7203527909898904e-05,2.9753629274262724e-07
794750,2.7139548977656698e-05,2.9613841064629234e-07
795000,2.707572056864216e-05,2.9474709606597986e-07
795250,2.701204224220316e-05,2.933623181459838e-07
795500,2.694851365755428e-05,2.9198404617604363e-07
795750,2.68851345050269e-05,2.9061224959022625e-07
796000,2.682190443871959e-05,2.892468979654289e-07
796250,2.6758823050463328e-05,2.878879610226219e-07
796500,2.6695890041073355e-05,2.8653540862344895e-07
796750,2.6633104992135812e-05,2.851892107731747e-07
797000,2.657046766004381e-05,2.838493376161159e-07
797250,2.650797763859677e-05,2.8251575943825573e-07
797500,2.6445634537793327e-05,2.8118844666433495e-07
797750,2.638343809498314e-05,2.7986736985804286e-07
798000,2.6321387933785373e-05,2.785524997220579e-07
798250,2.625948370113598e-05,2.7724380709611e-07
798500,2.6197725016516522e-05,2.7594126295696426e-07
798750,2.6136111644691005e-05,2.746448384178608e-07
799000,2.6074643145476933e-05,2.733545047278001e-07
799250,2.6013319185063088e-05,2.720702332709801e-07
799500,2.5952139492552483e-05,2.7079199556561355e-07
799750,2.589110366876141e-05,2.695197632640165e-07
800000,2.583021141912872e-05,2.68253508152046e-07
800250,2.5769462354840385e-05,2.669932021471636e-07
800500,2.5708856193101018e-05,2.657388172996518e-07
800750,2.564839253534532e-05,2.6449032579070623e-07
801000,2.5588071105625873e-05,2.632476999324109e-07
801250,2.5527891489408836e-05,2.6201091216673126e-07
801500,2.5467853440976423e-05,2.607799350653306e-07
801750,2.5407956608720398e-05,2.595547413283473e-07
802000,2.5348200627266606e-05,2.58335303784626e-07
802250,2.5288585194872147e-05,2.5712159539034135e-07
802500,2.522910993800727e-05,2.559135892289756e-07
802750,2.5169774598952243e-05,2.547112585104061e-07
803000,2.511057881483812e-05,2.5351457657019905e-07
803250,2.5051522222763705e-05,2.523235168692837e-07
803500,2.4992604529995714e-05,2.5113805299332495e-07
803750,2.4933825398133e-05,2.499581586522481e-07
804000,2.4875184529466467e-05,2.4878380767922034e-07
804250,2.4816681571234436e-05,2.4761497403024836e-07
804500,2.4758316178416794e-05,2.464516317842367e-07
804750,2.4700088052316974e-05,2.4529375514139083e-07
805000,2.464199689703214e-05,2.441413184229963e-07
805250,2.4584042353816733e-05,2.4299429607171717e-07
805500,2.452622412654193e-05,2.4185266264968563e-07
805750,2.4468541846696028e-05,2.4071639283842766e-07
806000,2.4410995223756584e-05,2.395854614389807e-07
806250,2.43535839780258e-05,2.3845984337021406e-07
806500,2.4296307736338408e-05,2.373395136692189e-07
806750,2.4239166199845403e-05,2.3622444749038585e-07
807000,2.41821590483106e-05,2.351146201046159e-07
807250,2.4125286002927664e-05,2.3401000689887198e-07
807500,2.406854670266806e-05,2.3291058337612425e-07
807750,2.4011940845882282e-05,2.3181632515404568e-07
808000,2.3955468051092482e-05,2.307272079653624e-07
808250,2.3899128128240605e-05,2.2964320765642147e-07
808500,2.3842920723369362e-05,2.285643001870107e-07
808750,2.3786845490057722e-05,2.2749046163020904e-07
809000,2.3730902135028008e-05,2.264216681709739e-07
809250,2.3675090373958984e-05,2.2535789610691432e-07
809500,2.3619409863597792e-05,2.2429912184620217e-07
809750,2.356386031494432e-05,2.2324532190837561e-07
810000,2.3508441411247763e-05,2.2219647292318312e-07
810250,2.345315280295956e-05,2.2115255162983846e-07
810500,2.3397994249032283e-05,2.201135348773447e-07
810750,2.334296542468933e-05,2.190793996232848e-07
811000,2.3288066016209068e-05,2.1805012293327357e-07
811250,2.3233295745139247e-05,2.17025681981007e-07
811500,2.317865426836229e-05,2.1600605404709232e-07
811750,2.31241412821912e-05,2.1499121651921914e-07
812000,2.3069756546242976e-05,2.139811468909938e-07
812250,2.301549967416906e-05,2.129758227619656e-07
812500,2.2961370445962154e-05,2.1197522183702462e-07
812750,2.29073684924459e-05,2.1097932192537817e-07
813000,2.2853493565277254e-05,2.0998810094103423e-07
813250,2.2799745301508345e-05,2.090015369014075e-07
813500,2.2746123479261123e-05,2.080196079272972e-07
813750,2.2692627750465165e-05,2.0704229224225572e-07
814000,2.263925785397573e-05,2.0606956817208685e-07
814250,2.2586013473190086e-05,2.051014141447853e-07
814500,2.2532894316332236e-05,2.0413780868915386e-07
814750,2.2479900101830546e-05,2.0317873043517535e-07
815000,2.242703052972622e-05,2.022241581133794e-07
815250,2.237428528183885e-05,2.0127407055387868e-07
815500,2.2321664068382672e-05,2.0032844668648343e-07
815750,2.226916663641831e-05,1.9938726553973256e-07
816000,2.221679263751462e-05,1.9845050624103637e-07
816250,2.216454180142677e-05,1.9751814801576425e-07
816500,2.2112413903297068e-05,1.96590170186761e-07
816750,2.206040859756075e-05,1.9566655217405208e-07
817000,2.200852561839932e-05,1.9474727349446403e-07
817250,2.1956764597976883e-05,1.938323137609995e-07
817500,2.190512535772553e-05,1.9292165268238747e-07
817750,2.1853607557995083e-05,1.920152700626196e-07
818000,2.1802210925237978e-05,1.9111314580094276e-07
818250,2.175093514376772e-05,1.9021525989062312e-07
818500,2.169977997389423e-05,1.893215924189847e-07
818750,2.164874511716667e-05,1.8843212356706563e-07
819000,2.1597830263565466e-05,1.875468336091062e-07
819250,2.1547035170225472e-05,1.8666570291167444e-07
819500,2.1496359534611415e-05,1.8578871193393136e-07
819750,2.144580312778261e-05,1.8491584122658641e-07
820000,2.1395365608856992e-05,1.8404707143180276e-07
820250,2.1345046666792832e-05,1.831823832828293e-07
820500,2.1294846078992318e-05,1.8232175760323445e-07
820750,2.1244763558432385e-05,1.81465175306686e-07
821000,2.1194798847440892e-05,1.8061261739664056e-07
821250,2.114495162388571e-05,1.79764064965969e-07
821500,2.1095221654990055e-05,1.7891949919596817e-07
821750,2.1045608646898417e-05,1.7807890135656223e-07
822000,2.099611229453562e-05,1.77242252805763e-07
822250,2.094673237388459e-05,1.7640953498885877e-07
822500,2.0897468556765636e-05,1.7558072943873833e-07
822750,2.0848320631679702e-05,1.7475581777471786e-07
823000,2.079928825528922e-05,1.739347817026745e-07
823250,2.0750371215019396e-05,1.731176030142211e-07
823500,2.070156926907708e-05,1.7230426358654804e-07
823750,2.0652882053172897e-05,1.7149474538235712e-07
824000,2.0604309342331706e-05,1.7068903044851986e-07
824250,2.0555850873188566e-05,1.6988710091678006e-07
824500,2.050750640698711e-05,1.690889390024634e-07
824750,2.045927559164031e-05,1.6829452700461598e-07
825000,2.041115822592542e-05,1.675038473054957e-07
825250,2.03631540119811e-05,1.667168823699707e-07
825500,2.031526268653823e-05,1.6593361474541037e-07
825750,2.0267484056219428e-05,1.6515402706113303e-07
826000,2.021981775004514e-05,1.6437810202811717e-07
826250,2.0172263570367147e-05,1.6360582243836235e-07
826500,2.0124821205623267e-05,1.6283717116508413e-07
826750,2.0077490432023813e-05,1.6207213116168112e-07
827000,2.0030270952956913e-05,1.613106854616913e-07
827250,1.998316254072019e-05,1.6055281717846849e-07
827500,1.9936164937329016e-05,1.5979850950461454e-07
827750,1.9889277869414285e-05,1.5904774571160676e-07
828000,1.9842501051128455e-05,1.5830050914973992e-07
828250,1.9795834236099705e-05,1.575567832474157e-07
828500,1.974927721266825e-05,1.5681655151074062e-07
828750,1.9702829657501695e-05,1.5607979752358983e-07
829000,1.965649135929781e-05,1.5534650494686012e-07
829250,1.9610262017962554e-05,1.546166575180435e-07
829500,1.956414141387617e-05,1.538902390513617e-07
829750,1.9518129263225187e-05,1.5316723343676704e-07
830000,1.947222535714949e-05,1.5244762463989898e-07
830250,1.942642938796929e-05,1.5173139670216962e-07
830500,1.9380741147774047e-05,1.510185337394709e-07
830750,1.9335160326578423e-05,1.5030901994264824e-07
831000,1.9289686732115626e-05,1.4960283957660242e-07
831250,1.9244320107644334e-05,1.4889997698014548e-07
831500,1.9199060109622765e-05,1.482004165658762e-07
831750,1.915390658200676e-05,1.475041428194518e-07
832000,1.9108859257365147e-05,1.4681114029968627e-07
832250,1.9063917901991872e-05,1.4612139363745395e-07
832500,1.901908222673875e-05,1.4543488753618095e-07
832750,1.8974351981750886e-05,1.447516067711737e-07
833000,1.892972694814932e-05,1.44071536189137e-07
833250,1.8885206881712553e-05,1.433946607080628e-07
833500,1.8840791502997498e-05,1.427209653168831e-07
833750,1.8796480563724473e-05,1.4205043507460708e-07
834000,1.8752273850228677e-05,1.4138305511104282e-07
834250,1.8708171126024102e-05,1.407188106255564e-07
834500,1.8664172107910995e-05,1.4005768688687544e-07
834750,1.8620276587830816e-05,1.3939966923327812e-07
835000,1.857648427206054e-05,1.3874474307182539e-07
835250,1.853279499868847e-05,1.380928938780047e-07
835500,1.848920844790909e-05,1.3744410719568667e-07
835750,1.844572437786672e-05,1.3679836863665613e-07
836000,1.8402342617528096e-05,1.3615566388006433e-07
836250,1.8359062872571785e-05,1.3551597867277938e-07
836500,1.8315884900251097e-05,1.3487929882823344e-07
836750,1.8272808526020204e-05,1.3424561022669687e-07
837000,1.822983341150561e-05,1.3361489881468272e-07
837250,1.818695938573342e-05,1.3298715060489176e-07
837500,1.81441861563883e-05,1.3236235167560672e-07
837750,1.810151357527145e-05,1.3174048817056193e-07
838000,1.8058941330046723e-05,1.3112154629849515e-07
838250,1.8016469210285265e-05,1.3050551233305626e-07
838500,1.797409699860972e-05,1.2989237261242074e-07
838750,1.7931824413738358e-05,1.2928211353880178e-07
839000,1.788965128276522e-05,1.2867472157837395e-07
839250,1.7847577323251377e-05,1.280701832608422e-07
839500,1.7805602293804382e-05,1.2746848517940332e-07
839750,1.7763725988141785e-05,1.2686961398991268e-07
840000,1.7721948189591132e-05,1.2627355641121137e-07
840250,1.7680268607835908e-05,1.2568029922438895e-07
840500,1.7638687080488078e-05,1.2508982927265327e-07
840750,1.759720336634431e-05,1.245021334610956e-07
841000,1.755581718554841e-05,1.2391719875616313e-07
841250,1.7514528357933948e-05,1.2333501218577662e-07
841500,1.7473336646705657e-05,1.2275556083864098e-07
841750,1.7432241780266393e-05,1.2217883186416154e-07
842000,1.7391243556979208e-05,1.2160481247205807e-07
842250,1.7350341790847715e-05,1.210334899322508e-07
842500,1.7309536211934328e-05,1.204648515744623e-07
842750,1.726882657917844e-05,1.198988847878666e-07
843000,1.7228212686517603e-05,1.193355770207431e-07
843250,1.718769432251902e-05,1.1877491578080241e-07
843500,1.7147271284317215e-05,1.1821688863389035e-07
843750,1.7106943301765796e-05,1.1766148320469007e-07
844000,1.706671015159978e-05,1.1710868717581101e-07
844250,1.7026571623814126e-05,1.1655848828780914e-07
844500,1.698652745621275e-05,1.1601087433885438e-07
844750,1.694657752341659e-05,1.1546583318440646e-07
845000,1.690672154211826e-05,1.149233527369723e-07
845250,1.6866959285909826e-05,1.1438342096581681e-07
845500,1.6827290574424992e-05,1.1384602589685518e-07
845750,1.6787715105539722e-05,1.1331115561218264e-07
846000,1.6748232734213086e-05,1.1277879824975333e-07
846250,1.6708843238482085e-05,1.1224894200360938e-07
846500,1.6669546345946395e-05,1.1172157512277964e-07
846750,1.663034190670419e-05,1.1119668591183419e-07
847000,1.6591229640158385e-05,1.1067426273025087e-07
847250,1.6552209405331423e-05,1.1015429399219262e-07
847500,1.6513280913326166e-05,1.096367681661005e-07
847750,1.6474443984192874e-05,1.0912167377478614e-07
848000,1.6435698387106797e-05,1.086089993949031e-07
848250,1.639704389786279e-05,1.0809873365678113e-07
848500,1.63584803669463e-05,1.0759086524416155e-07
848750,1.6320007465485322e-05,1.0708538289397529e-07
849000,1.6281625079125615e-05,1.0658227539595942e-07
849250,1.6243332999129444e-05,1.0608153159268486e-07
849500,1.6205130913883187e-05,1.05583140379069e-07
849750,1.6167018701327897e-05,1.0508709070204411e-07
850000,1.612899613103715e-05,1.0459337156085083e-07
850250,1.6091062954774666e-05,1.0410197200615373e-07
850500,1.6053219028552958e-05,1.0361288113984989e-07
850750,1.6015464078878826e-05,1.0312608811562093e-07
851000,1.597779792287173e-05,1.0264158213763573e-07
851250,1.5940220397700358e-05,1.02159352460784e-07
851500,1.5902731251329662e-05,1.0167938839076639e-07
851750,1.5865330223809267e-05,1.0120167928317678e-07
852000,1.582801716429641e-05,1.0072621454385595e-07
852250,1.579079186357005e-05,1.0025298362833559e-07
852500,1.5753654100319244e-05,9.978197604164017e-08
852750,1.5716603753700683e-05,9.931318133819423e-08
853000,1.5679640468161928e-05,9.884658912141855e-08
853250,1.5642764131864836e-05,9.838218904356662e-08
853500,1.5605974530223904e-05,9.791997080565322e-08
853750,1.5569271455150638e-05,9.745992415696421e-08
854000,1.5532654701871265e-05,9.700203889490656e-08
854250,1.5496124052726593e-05,9.654630486492459e-08
854500,1.5459679339722973e-05,9.609271196002203e-08
854750,1.5423320325659072e-05,9.564125012094508e-08
855000,1.5387046829849067e-05,9.51919093354695e-08
855250,1.5350858644347495e-05,9.474467963843893e-08
855500,1.531475553111991e-05,9.429955111151639e-08
855750,1.527873737284056e-05,9.385651388314703e-08
856000,1.524280392117942e-05,9.34155581279299e-08
856250,1.5206954959851188e-05,9.297667406673986e-08
856500,1.517119032737564e-05,9.253985196638809e-08
856750,1.5135509786283047e-05,9.210508213929601e-08
857000,1.509991318414402e-05,9.167235494353515e-08
857250,1.506440029762411e-05,9.124166078250205e-08
857500,1.502897090870582e-05,9.081299010449189e-08
857750,1.4993624877211034e-05,9.038633340285055e-08
858000,1.4958361960891583e-05,8.996168121561073e-08
858250,1.4923181972558066e-05,8.953902412504057e-08
858500,1.4888084739229158e-05,8.911835275794216e-08
858750,1.4853070032918355e-05,8.869965778492519e-08
859000,1.4818137704762403e-05,8.828292992055785e-08
859250,1.4783287471464799e-05,8.786815992291407e-08
859500,1.4748519251105138e-05,8.745533859365848e-08
859750,1.4713832781406527e-05,8.704445677754043e-08
860000,1.467922791940942e-05,8.663550536224099e-08
860250,1.4644704399198227e-05,8.622847527853027e-08
860500,1.461026209840952e-05,8.582335749962075e-08
860750,1.4575900815593121e-05,8.542014304104871e-08
861000,1.4541620301925261e-05,8.501882296069723e-08
861250,1.450742044466159e-05,8.461938835844468e-08
861500,1.4473300985887767e-05,8.422183037593808e-08
861750,1.4439261828492874e-05,8.382614019641539e-08
862000,1.4405302676897233e-05,8.343230904455884e-08
862250,1.4371423419862167e-05,8.304032818647308e-08
862500,1.4337623839711024e-05,8.265018892890835e-08
862750,1.4303903748117722e-05,8.22618826198449e-08
863000,1.4270262963484737e-05,8.187540064767208e-08
863250,1.4236701283121413e-05,8.149073444128635e-08
863500,1.420321854810336e-05,8.110787546984221e-08
863750,1.4169814524651341e-05,8.072681524276066e-08
864000,1.4136489120199683e-05,8.034754530909522e-08
864250,1.4103242053150557e-05,7.99700572576922e-08
864500,1.4070073207858105e-05,7.959434271694614e-08
864750,1.4036982334159147e-05,7.922039335461463e-08
865000,1.4003969322669753e-05,7.884820087750568e-08
865250,1.3971033929227568e-05,7.847775703144287e-08
865500,1.3938176025473417e-05,7.810905360107185e-08
865750,1.3905395395033988e-05,7.774208240949118e-08
866000,1.3872691813463973e-05,7.737683531837642e-08
866250,1.3840065170251163e-05,7.701330422761261e-08
866500,1.3807515254154305e-05,7.665148107496363e-08
866750,1.3775041905903262e-05,7.629135783640261e-08
867000,1.3742644919957075e-05,7.593292652533398e-08
867250,1.3710324154521448e-05,7.557617919269994e-08
867500,1.3678079381639911e-05,7.522110792685293e-08
867750,1.3645910419164256e-05,7.486770485334765e-08
868000,1.3613817134752715e-05,7.451596213478127e-08
868250,1.358179934071038e-05,7.416587197032483e-08
868500,1.3549856851210258e-05,7.381742659611155e-08
868750,1.3517989477332256e-05,7.347061828450467e-08
869000,1.3486197026243996e-05,7.312543934427836e-08
869250,1.3454479399679268e-05,7.278188212039798e-08
869500,1.3422836319947495e-05,7.24399389936622e-08
869750,1.3391267694931203e-05,7.209960238085861e-08
870000,1.3359773290725778e-05,7.176086473419418e-08
870250,1.332835295820234e-05,7.142371854142015e-08
870500,1.329700654266625e-05,7.108815632553676e-08
870750,1.326573382819144e-05,7.07541706448034e-08
871000,1.3234534670590194e-05,7.042175409228051e-08
871250,1.320340886829627e-05,7.009089929595937e-08
871500,1.317235632375356e-05,6.976159891847853e-08
871750,1.314137676091098e-05,6.943384565669444e-08
872000,1.3110470073231733e-05,6.910763224212539e-08
872250,1.3079636081510639e-05,6.878295144021809e-08
872500,1.3048874606142674e-05,6.845979605053438e-08
872750,1.3018185458243312e-05,6.81381589062947e-08
873000,1.2987568508334499e-05,6.781803287453984e-08
873250,1.2957023554735412e-05,6.749941085578307e-08
873500,1.2926550439291738e-05,6.718228578386631e-08
873750,1.2896149012228944e-05,6.686665062581435e-08
874000,1.286581906355446e-05,6.655249838181648e-08
874250,1.2835560437505946e-05,6.623982208481622e-08
874500,1.2805372972706512e-05,6.592861480056056e-08
874750,1.2775256516412955e-05,6.561886962724309e-08
875000,1.274521091268754e-05,6.531057969575473e-08
875250,1.2715235942735311e-05,6.500373816893365e-08
875500,1.2685331450512142e-05,6.469833824195487e-08
875750,1.2655497327648137e-05,6.439437314197914e-08
876000,1.2625733361529854e-05,6.409183612783868e-08
876250,1.2596039415066928e-05,6.379072049011016e-08
876500,1.2566415291962728e-05,6.349101955093117e-08
876750,1.2536860825286636e-05,6.319272666376556e-08
877000,1.2507375875675627e-05,6.289583521333833e-08
877250,1.2477960272013246e-05,6.260033861545337e-08
877500,1.2448613818880215e-05,6.230623031673181e-08
877750,1.2419336423859283e-05,6.201350379474556e-08
878000,1.2390127887030259e-05,6.17221525576888e-08
878250,1.2360988043341856e-05,6.143217014412355e-08
878500,1.2331916700275002e-05,6.114355012303539e-08
878750,1.2302913750076312e-05,6.085628609380464e-08
879000,1.2273978995336645e-05,6.05703716855788e-08
879250,1.224511234404922e-05,6.0285800557629e-08
879500,1.2216313526814807e-05,6.000256639893503e-08
879750,1.218758243868263e-05,5.972066292820962e-08
880000,1.2158918942964073e-05,5.944008389360438e-08
880250,1.2130322862593449e-05,5.916082307268594e-08
880500,1.2101794049716643e-05,5.888287427224028e-08
880750,1.2073332302245112e-05,5.860623132804922e-08
881000,1.2044937512440325e-05,5.8330888105089404e-08
881250,1.2016609493451038e-05,5.805683849693837e-08
881500,1.1988348115790368e-05,5.778407642601562e-08
881750,1.1960153175270635e-05,5.751259584318307e-08
882000,1.1932024578751349e-05,5.724239072774395e-08
882250,1.1903962101272512e-05,5.697345508738904e-08
882500,1.1875965661416499e-05,5.6705782957761774e-08
882750,1.1848035020541982e-05,5.6439368402701385e-08
883000,1.1820170106270133e-05,5.617420551391026e-08
883250,1.1792370696123315e-05,5.5910288410842434e-08
883500,1.1764636683086616e-05,5.5647611240456965e-08
883750,1.1736967918655301e-05,5.538616817743005e-08
884000,1.1709364156822326e-05,5.512595342362897e-08
884250,1.1681825409058091e-05,5.486696120824972e-08
884500,1.1654351358434273e-05,5.4609185787586996e-08
884750,1.1626941983822172e-05,5.435262144483247e-08
885000,1.1599597024465922e-05,5.409726249016523e-08
885250,1.1572316368195766e-05,5.384310326042475e-08
885500,1.1545099908805398e-05,5.359013811912666e-08
885750,1.1517947456909776e-05,5.333836145614336e-08
886000,1.149085881864507e-05,5.308776768781181e-08
886250,1.1463833906554094e-05,5.2838351256698684e-08
886500,1.1436872569678103e-05,5.259010663138799e-08
886750,1.1409974654990566e-05,5.23430283065116e-08
887000,1.1383139968308781e-05,5.209711080267429e-08
887250,1.1356368421246364e-05,5.1852348665982055e-08
887500,1.1329659824987101e-05,5.1608736468408615e-08
887750,1.1303014045500252e-05,5.1366268807289815e-08
888000,1.12764309405512e-05,5.112494030535027e-08
888250,1.124991034186858e-05,5.088474561059017e-08
888500,1.1223452104820431e-05,5.0645679396231414e-08
888750,1.1197056110443411e-05,5.040773636037618e-08
889000,1.1170722193837423e-05,5.017091122618481e-08
889250,1.1144450226617747e-05,4.9935198741513745e-08
889500,1.1118240038039478e-05,4.970059367894414e-08
889750,1.1092091453544046e-05,4.946709083552569e-08
890000,1.1066004387618599e-05,4.923468503293266e-08
890250,1.103997870122379e-05,4.90033711169828e-08
890500,1.1014014211687076e-05,4.877314395785921e-08
890750,1.0988110798172505e-05,4.854399844971013e-08
891000,1.0962268290013914e-05,4.831592951071298e-08
891250,1.0936486552556581e-05,4.8088932083006535e-08
891500,1.091076548299783e-05,4.786300113235888e-08
891750,1.0885104866537363e-05,4.763813164832568e-08
892000,1.0859504607707374e-05,4.74143186438715e-08
892250,1.0833964555447225e-05,4.719155715551621e-08
892500,1.0808484608201535e-05,4.696984224295484e-08
892750,1.0783064575120877e-05,4.674916898929122e-08
893000,1.0757704279746478e-05,4.652953250049349e-08
893250,1.0732403617936357e-05,4.631092790565327e-08
893500,1.0707162532829674e-05,4.6093350356852135e-08
893750,1.068198076444825e-05,4.587679502874938e-08
894000,1.065685824880264e-05,4.5661257118776783e-08
894250,1.0631794805943414e-05,4.544673184690394e-08
894500,1.0606790297232461e-05,4.5233214455535246e-08
894750,1.0581844609258498e-05,4.502070020948864e-08
895000,1.0556957567806107e-05,4.48091843957966e-08
895250,1.0532129107693991e-05,4.459866232365706e-08
895500,1.0507358995211697e-05,4.4389129324228694e-08
895750,1.0482647125355608e-05,4.418058075068776e-08
896000,1.045799341196253e-05,4.3973011978040846e-08
896250,1.0433397684066103e-05,4.3766418402925146e-08
896500,1.0408859788105992e-05,4.356079544374679e-08
896750,1.038437958880517e-05,4.3356138540291015e-08
897000,1.035995697123074e-05,4.3152443153933396e-08
897250,1.0335591776171272e-05,4.294970476724477e-08
897500,1.0311283937532808e-05,4.27479188841033e-08
897750,1.0287033232815322e-05,4.2547081029386425e-08
898000,1.0262839552797177e-05,4.234718674911576e-08
898250,1.023870277436708e-05,4.2148231610173695e-08
898500,1.0214622786540328e-05,4.1950211200341536e-08
898750,1.0190599421777035e-05,4.175312112804947e-08
899000,1.0166632552878762e-05,4.155695702240245e-08
899250,1.014272205607801e-05,4.136171453308312e-08
899500,1.0118867782277087e-05,4.116738933006397e-08
899750,1.0095069588526428e-05,4.097397710382498e-08
900000,1.0071327384296014e-05,4.078147356500428e-08
900250,1.0047641057531785e-05,4.0589874444408734e-08
900500,1.0024010368649362e-05,4.0399175492960625e-08
900750,1.0000435311034538e-05,4.020937248145969e-08
901000,9.976915711492108e-06,4.0020461200592035e-08
901250,9.953451372456692e-06,3.983243746086166e-08
901500,9.930042232752512e-06,3.964529709242373e-08
901750,9.906688151997718e-06,3.945903594505325e-08
902000,9.88338900899805e-06,3.927364988795635e-08
902250,9.86014464704593e-06,3.908913480982576e-08
902500,9.83695498657098e-06,3.89054866186128e-08
902750,9.813819813409633e-06,3.8722701241548534e-08
903000,9.790739072451052e-06,3.8540774624959366e-08
903250,9.767712639846941e-06,3.8359702734235533e-08
903500,9.744740319663413e-06,3.817948155367613e-08
903750,9.721822084640791e-06,3.800010708649908e-08
904000,9.698957697868606e-06,3.7821575354665764e-08
904250,9.676147096621754e-06,3.7643882398908504e-08
904500,9.653390123894992e-06,3.746702427840183e-08
904750,9.630686712057367e-06,3.729099707104774e-08
905000,9.608036666240948e-06,3.711579687298033e-08
905250,9.58543991027642e-06,3.6941419798758704e-08
905500,9.562896304963654e-06,3.676786198115633e-08
905750,9.540405685338728e-06,3.659511957125176e-08
906000,9.51796799243395e-06,3.642318873802146e-08
906250,9.495583051113581e-06,3.6252065668529155e-08
906500,9.473250760608224e-06,3.6081746567790514e-08
906750,9.450971001417322e-06,3.59122276586149e-08
907000,9.428743635319946e-06,3.5743505181497704e-08
907250,9.406568515445694e-06,3.5575575394677795e-08
907500,9.384445582570124e-06,3.5408434573957805e-08
907750,9.362374700346017e-06,3.524207901257715e-08
908000,9.340355705574831e-06,3.5076505021286866e-08
908250,9.31838848816088e-06,3.491170892809695e-08
908500,9.296472916378786e-06,3.474768707828475e-08
908750,9.274608903346475e-06,3.4584435834280486e-08
909000,9.252796342723945e-06,3.442195157569611e-08
909250,9.231035031132953e-06,3.426023069907105e-08
909500,9.209324920697493e-06,3.4099269617880746e-08
909750,9.187665863361226e-06,3.3939064762499824e-08
910000,9.166057771455524e-06,3.3779612579986644e-08
910250,9.144500468010937e-06,3.362090953412652e-08
910500,9.12299388599317e-06,3.3462952105391205e-08
910750,9.101537840529956e-06,3.330573679069691e-08
911000,9.080132313377361e-06,3.3149260103422516e-08
911250,9.058777117916255e-06,3.2993518573423176e-08
911500,9.037472136960457e-06,3.2838508746796904e-08
911750,9.016217250637596e-06,3.2684227185784514e-08
912000,8.99501237827339e-06,3.253067046885627e-08
912250,8.973857345706199e-06,3.237783519063564e-08
912500,8.952752074951122e-06,3.222571796159725e-08
912750,8.931696467253644e-06,3.207431540824052e-08
913000,8.910690339630288e-06,3.192362417288633e-08
913250,8.889733643715268e-06,3.177364091363655e-08
913500,8.868826241432168e-06,3.1624362304263706e-08
913750,8.847967999446301e-06,3.147578503417481e-08
914000,8.827158799644784e-06,3.13279058083972e-08
914250,8.806398584128012e-06,3.11807213473172e-08
914500,8.7856871591816e-06,3.1034228386828994e-08
914750,8.765024405389278e-06,3.088842367812839e-08
915000,8.74441029529521e-06,3.074330398768351e-08
915250,8.723844675832264e-06,3.0598866097186196e-08
915500,8.703327401327067e-06,3.045510680334484e-08
915750,8.682858408615935e-06,3.031202291800514e-08
916000,8.662437516321432e-06,3.016961126797606e-08
916250,8.642064677512432e-06,3.00278686949944e-08
916500,8.621739701570576e-06,2.988679205555318e-08
916750,8.601462618070251e-06,2.9746378221010495e-08
917000,8.581233168832181e-06,2.9606624077340515e-08
917250,8.561051335042137e-06,2.9467526525259623e-08
917500,8.540916897610249e-06,2.9329082479921602e-08
917750,8.52082985797275e-06,2.9191288871020344e-08
918000,8.500790028284359e-06,2.9054142642719788e-08
918250,8.480797369842588e-06,2.8917640753521925e-08
918500,8.460851703284165e-06,2.8781780176136798e-08
918750,8.440952957367454e-06,2.864655789759247e-08
919000,8.42110102314136e-06,2.8511970919031067e-08
919250,8.401295772146864e-06,2.8378016255670175e-08
919500,8.381537083539518e-06,2.8244690936827783e-08
919750,8.361824869025967e-06,2.811199200567151e-08
920000,8.342159041562552e-06,2.797991651935496e-08
920250,8.322539442524956e-06,2.7848461548802513e-08
920500,8.302965986099317e-06,2.771762417868093e-08
920750,8.283438574130345e-06,2.7587401507429824e-08
921000,8.263957078539822e-06,2.745779064706546e-08
921250,8.244521409952242e-06,2.7328788723156478e-08
921500,8.225131428561385e-06,2.720039287484067e-08
921750,8.205787066607078e-06,2.7072600254644228e-08
922000,8.186488187197941e-06,2.6945408028446323e-08
922250,8.167234725486603e-06,2.6818813375550745e-08
922500,8.148026526902774e-06,2.6692813488408336e-08
922750,8.128863518120514e-06,2.6567405572712892e-08
923000,8.109745541201252e-06,2.644258684724496e-08
923250,8.090672568796124e-06,2.6318354543928707e-08
923500,8.071644425320848e-06,2.6194705907595465e-08
923750,8.05266103522316e-06,2.6071638196041687e-08
924000,8.033722289409805e-06,2.594914868000619e-08
924250,8.014828098848838e-06,2.5827234643010492e-08
924500,7.995978321532706e-06,2.5705893381384017e-08
924750,7.977172922955049e-06,2.5585122204067005e-08
925000,7.958411717561357e-06,2.5464918432720413e-08
925250,7.939694622081213e-06,2.5345279401559516e-08
925500,7.921021552912235e-06,2.522620245732272e-08
925750,7.902392436403117e-06,2.510768495922965e-08
926000,7.88380711272674e-06,2.498972427888281e-08
926250,7.865265493614247e-06,2.4872317800242392e-08
926500,7.846767509313614e-06,2.475546291956375e-08
926750,7.828312981336886e-06,2.463915704535362e-08
927000,7.809901883607065e-06,2.4523397598233597e-08
927250,7.79153406567807e-06,2.4408182011048427e-08
927500,7.773209455828034e-06,2.4293507728599167e-08
927750,7.754927978581846e-06,2.4179372207747093e-08
928000,7.73668945388539e-06,2.4065772917267336e-08
928250,7.718493857904483e-06,2.3952707337871866e-08
928500,7.700341039370034e-06,2.384017296208177e-08
928750,7.68223089150732e-06,2.372816729417633e-08
929000,7.664163363192589e-06,2.3616687850229446e-08
929250,7.646138328845795e-06,2.3505732157869527e-08
929500,7.628155644554569e-06,2.3395297756511066e-08
929750,7.610215318824273e-06,2.3285382196945254e-08
930000,7.592317148678889e-06,2.317598304160295e-08
930250,7.5744610594138505e-06,2.3067097864270367e-08
930500,7.5566469860291385e-06,2.2958724250238843e-08
930750,7.538874804314947e-06,2.285085979604551e-08
931000,7.5211444334774416e-06,2.274350210958384e-08
931250,7.503455736354417e-06,2.2636648809942162e-08
931500,7.4858086225732995e-06,2.253029752744141e-08
931750,7.468203096591652e-06,2.2424445903512577e-08
932000,7.450638906359487e-06,2.2319091590616446e-08
932250,7.433116036981509e-06,2.221423225235085e-08
932500,7.415634373009587e-06,2.2109865563194434e-08
932750,7.398193820812955e-06,2.2005989208585902e-08
933000,7.380794334294846e-06,2.190260088485503e-08
933250,7.36343571151427e-06,2.179969829912446e-08
933500,7.3461179307048935e-06,2.169727916934786e-08
933750,7.328840903980783e-06,2.159534122408986e-08
934000,7.311604488676738e-06,2.1493882202685355e-08
934250,7.2944086074480664e-06,2.1392899855058537e-08
934500,7.277253186349983e-06,2.1292391941729357e-08
934750,7.260138100773999e-06,2.1192356233716355e-08
935000,7.2430632508070924e-06,2.1092790512468854e-08
935250,7.226028590024422e-06,2.099369256991919e-08
935500,7.2090339682427905e-06,2.0895060208357167e-08
935750,7.192079330765814e-06,2.0796891240408973e-08
936000,7.17516456823786e-06,2.0699183488917526e-08
936250,7.158289576553448e-06,2.0601934787050213e-08
936500,7.141454244820989e-06,2.0505142978083595e-08
936750,7.124658550942874e-06,2.0408805915425602e-08
937000,7.107902357491966e-06,2.0312921462608364e-08
937250,7.0911855601450265e-06,2.0217487493217943e-08
937500,7.0745080858948626e-06,2.01225018907555e-08
937750,7.057869834456193e-06,2.0027962548716778e-08
938000,7.041270722180917e-06,1.9933867370498235e-08
938250,7.024710622153174e-06,1.9840214269290326e-08
938500,7.008189444889732e-06,1.97470011681983e-08
938750,6.991707167314658e-06,1.9654225999975414e-08
939000,6.975263661598048e-06,1.95618867071622e-08
939250,6.958858792131961e-06,1.946998124189481e-08
939500,6.942492540367357e-06,1.937850756598366e-08
939750,6.92616479985615e-06,1.928746365081257e-08
940000,6.909875398624182e-06,1.9196847477265966e-08
940250,6.893624306504644e-06,1.9106657035740198e-08
940500,6.877411487976816e-06,1.9016890326069974e-08
940750,6.861236765744242e-06,1.892754535746867e-08
941000,6.845100121741436e-06,1.8838620148537665e-08
941250,6.829001392724022e-06,1.875011272712468e-08
941500,6.812940520599567e-06,1.8662021130438937e-08
941750,6.796917425341863e-06,1.857434340482504e-08
942000,6.780932003434713e-06,1.8487077605833427e-08
942250,6.764984204554401e-06,1.8400221798159974e-08
942500,6.749073940537902e-06,1.8313774055608866e-08
942750,6.733201058007589e-06,1.822773246098393e-08
943000,6.717365471077552e-06,1.8142095106133627e-08
943250,6.701567161284675e-06,1.8056860091883033e-08
943500,6.68580602843476e-06,1.797202552791759e-08
943750,6.670081928635953e-06,1.7887589532921243e-08
944000,6.654394814141591e-06,1.780355023424488e-08
944250,6.63874461106008e-06,1.7719905768206875e-08
944500,6.623131233530927e-06,1.7636654279748824e-08
944750,6.607554542743658e-06,1.7553793922634304e-08
945000,6.592014485387383e-06,1.747132285926987e-08
945250,6.576511025696694e-06,1.7389239260610082e-08
945500,6.561043954949873e-06,1.7307541306315133e-08
945750,6.545613313458075e-06,1.722622718455477e-08
946000,6.5302189293116e-06,1.7145295092007727e-08
946250,6.514860751212753e-06,1.706474323382772e-08
946500,6.49953872169409e-06,1.6984569823612057e-08
946750,6.484252716320683e-06,1.6904773083325624e-08
947000,6.4690026482081944e-06,1.6825351243278195e-08
947250,6.453788413348972e-06,1.6746302542159204e-08
947500,6.438610040585602e-06,1.6667625226873974e-08
947750,6.423467320291741e-06,1.658931755258844e-08
948000,6.408360224989575e-06,1.6511377782666082e-08
948250,6.393288663181757e-06,1.64338041885996e-08
948500,6.378252487682689e-06,1.6356595050028865e-08
948750,6.363251747415981e-06,1.6279748654663023e-08
949000,6.348286278122011e-06,1.6203263298304666e-08
949250,6.333355996437987e-06,1.612713728468797e-08
949500,6.318460849255407e-06,1.6051368925560916e-08
949750,6.303600706716764e-06,1.5975956540600663e-08
950000,6.288775474918277e-06,1.590089845739287e-08
950250,6.273985155040959e-06,1.5826193011312576e-08
950500,6.259229635819777e-06,1.5751838545617863e-08
950750,6.244508789230641e-06,1.567783341135816e-08
951000,6.229822567134355e-06,1.5604175967309377e-08
951250,6.215170901936098e-06,1.553086457994333e-08
951500,6.20055368315177e-06,1.545789762341666e-08
951750,6.185970863688819e-06,1.538527347952692e-08
952000,6.171422310706528e-06,1.531299053767352e-08
952250,6.156907990302933e-06,1.5241047194836658e-08
952500,6.142427773413808e-06,1.516944185550929e-08
952750,6.127981661621125e-06,1.5098172931680248e-08
953000,6.113569481475033e-06,1.502723884284603e-08
953250,6.099191212703938e-06,1.495663801581558e-08
953500,6.084846790396166e-06,1.4886368884902358e-08
953750,6.0705360958541776e-06,1.481642989174494e-08
954000,6.0562590143138584e-06,1.474681948525308e-08
954250,6.042015517155587e-06,1.4677536121710634e-08
954500,6.0278055358261286e-06,1.4608578264582934e-08
954750,6.013629009157047e-06,1.4539944384596757e-08
955000,5.99948576458542e-06,1.447163295962577e-08
955250,5.98537582958609e-06,1.4403642474720217e-08
955500,5.971299050295616e-06,1.4335971422047582e-08
955750,5.95725539092606e-06,1.4268618300865351e-08
956000,5.943244759284406e-06,1.4201581617453992e-08
956250,5.929267072460005e-06,1.4134859885131406e-08
956500,5.915322256079541e-06,1.40684516242039e-08
956750,5.901410276873721e-06,1.4002355361921529e-08
957000,5.887530974143953e-06,1.393656963245268e-08
957250,5.873684303707215e-06,1.3871092976852833e-08
957500,5.859870236105215e-06,1.3805923943047776e-08
957750,5.846088603369097e-06,1.3741061085739132e-08
958000,5.832339410059474e-06,1.367650296647654e-08
958250,5.818622597395086e-06,1.3612248153551494e-08
958500,5.80493800746645e-06,1.3548295221941599e-08
958750,5.791285602740573e-06,1.3484642753371266e-08
959000,5.777665274621507e-06,1.342128933621877e-08
959250,5.764077030909019e-06,1.3358233565462688e-08
959500,5.750520708019376e-06,1.3295474042721213e-08
959750,5.736996283970622e-06,1.3233009376142174e-08
960000,5.723503695953263e-06,1.3170838180446169e-08
960250,5.7100427786284336e-06,1.3108959076856785e-08
960500,5.696613579054869e-06,1.30473706930731e-08
960750,5.68321593688889e-06,1.2986071663243842e-08
961000,5.669849772098235e-06,1.2925060627902366e-08
961250,5.656515081217846e-06,1.2864336234008561e-08
961500,5.643211758517822e-06,1.280389713487988e-08
961750,5.629939721664017e-06,1.2743741990128963e-08
962000,5.616698881909693e-06,1.2683869465699137e-08
962250,5.603489207536425e-06,1.2624278233766815e-08
962500,5.590310550994208e-06,1.2564966972782108e-08
962750,5.577162915672449e-06,1.2505934367408388e-08
963000,5.5640462191496915e-06,1.2447179108421547e-08
963250,5.550960362012064e-06,1.2388699892826094e-08
963500,5.537905252406097e-06,1.2330495423695303e-08
963750,5.524880935557358e-06,1.2272564410241275e-08
964000,5.511887137730759e-06,1.2214905567717037e-08
964250,5.498923966269558e-06,1.2157517617383661e-08
964500,5.485991236847618e-06,1.2100399286559634e-08
964750,5.473088954064678e-06,1.204354930850593e-08
965000,5.46021701988885e-06,1.198696642247525e-08
965250,5.447375347460613e-06,1.1930649373621412e-08
965500,5.434563879346688e-06,1.1874596912942916e-08
965750,5.421782547807522e-06,1.1818807797401776e-08
966000,5.409031264163094e-06,1.1763280789739092e-08
966250,5.396309973722707e-06,1.1708014658528401e-08
966500,5.383618606645609e-06,1.1653008178112655e-08
966750,5.370957089694261e-06,1.1598260128610703e-08
967000,5.35832533104902e-06,1.154376929586886e-08
967250,5.345723311383871e-06,1.1489534471421882e-08
967500,5.333150897825005e-06,1.143555445247676e-08
967750,5.320608092683163e-06,1.1381828041941843e-08
968000,5.308094754723811e-06,1.1328354048289147e-08
968250,5.295610845752333e-06,1.1275131285656697e-08
968500,5.283156297961429e-06,1.1222158573678399e-08
968750,5.270731058742505e-06,1.1169434737589241e-08
969000,5.2583350248578505e-06,1.1116958608100452e-08
969250,5.245968142598506e-06,1.1064729021445183e-08
969500,5.233630371072773e-06,1.101274481931931e-08
969750,5.221321581453917e-06,1.0961004848873814e-08
970000,5.2090417652114925e-06,1.0909507962657878e-08
970250,5.19679083554408e-06,1.0858253018588373e-08
970500,5.184568716632805e-06,1.0807238880005459e-08
970750,5.172375349384177e-06,1.075646441555416e-08
971000,5.160210622935941e-06,1.0705928499195625e-08
971250,5.14807454126774e-06,1.065563001018606e-08
971500,5.135966992777545e-06,1.0605567833045406e-08
971750,5.123887903019505e-06,1.0555740857536993e-08
972000,5.111837235901112e-06,1.0506147978639572e-08
972250,5.099814916140388e-06,1.0456788096506352e-08
972500,5.087820854078658e-06,1.0407660116500555e-08
972750,5.07585499011955e-06,1.0358762949087433e-08
973000,5.063917289099742e-06,1.0310095509875739e-08
973250,5.05200766881149e-06,1.0261656719542403e-08
973500,5.040126046624321e-06,1.0213445503861153e-08
973750,5.028272359399756e-06,1.0165460793661055e-08
974000,5.01644657974519e-06,1.0117701524748745e-08
974250,5.004648597367707e-06,1.0070166637961794e-08
974500,4.992878349997134e-06,1.0022855079114072e-08
974750,4.98113581465377e-06,9.975765798957418e-09
975000,4.969420901900724e-06,9.92889775321258e-09
975250,4.957733445737923e-06,9.882249902459473e-09
975500,4.946073585615605e-06,9.835821212192988e-09
975750,4.934441105042413e-06,9.789610652738497e-09
976000,4.922835976972004e-06,9.743617199278781e-09
976250,4.911258162482344e-06,9.697839831829091e-09
976500,4.899707575755652e-06,9.652277535151689e-09
976750,4.888184146536995e-06,9.60692929881253e-09
977000,4.8766878209462846e-06,9.561794117113072e-09
977250,4.8652185333069866e-06,9.51687098907276e-09
977500,4.85377619786672e-06,9.472158918445543e-09
977750,4.842360778213987e-06,9.427656913618271e-09
978000,4.8309722396501696e-06,9.383363987683114e-09
978250,4.81961047904833e-06,9.339279158333251e-09
978500,4.808275380859113e-06,9.295401447906682e-09
978750,4.796966992867843e-06,9.25172988331596e-09
979000,4.785685206031282e-06,9.20826349604237e-09
979250,4.774429959388509e-06,9.165001322131068e-09
979500,4.763201196562038e-06,9.121942402132957e-09
979750,4.751998782642607e-06,9.07908578112556e-09
980000,4.7408227208738736e-06,9.036430508675798e-09
980250,4.72967296694557e-06,8.993975638813007e-09
980500,4.718549461662619e-06,8.951720230003824e-09
980750,4.707452082177423e-06,8.90966334513365e-09
981000,4.696380814640631e-06,8.867804051516212e-09
981250,4.685335573609052e-06,8.8261414208292e-09
981500,4.6743162960866745e-06,8.784674529101674e-09
981750,4.6633229639961364e-06,8.74340245672486e-09
982000,4.652355508448153e-06,8.702324288395205e-09
982250,4.641413794174981e-06,8.661439113111187e-09
982500,4.630497818127532e-06,8.620746024164014e-09
982750,4.619607544930297e-06,8.580244119088852e-09
983000,4.608742876099287e-06,8.539932499679744e-09
983250,4.597903768386945e-06,8.499810271920935e-09
983500,4.587090147114512e-06,8.459876546006093e-09
983750,4.57630193429421e-06,8.420130436334066e-09
984000,4.565539112685606e-06,8.380571061444794e-09
984250,4.554801585908674e-06,8.341197544035286e-09
984500,4.544089336631815e-06,8.30200901089883e-09
984750,4.533402266610119e-06,8.263004592935296e-09
985000,4.522740307920559e-06,8.224183425147279e-09
985250,4.512103480144151e-06,8.185544646590536e-09
985500,4.501491650013464e-06,8.14708740036634e-09
985750,4.490904752077969e-06,8.108810833599656e-09
986000,4.480342772799927e-06,8.070714097448839e-09
986250,4.469805622501541e-06,8.03279634699872e-09
986500,4.459293258197112e-06,7.995056741347887e-09
986750,4.448805645249835e-06,7.957494443541368e-09
987000,4.438342671529085e-06,7.920108620555872e-09
987250,4.427904285749839e-06,7.882898443271635e-09
987500,4.4174904914205036e-06,7.845863086487201e-09
987750,4.407101183112125e-06,7.809001728851748e-09
988000,4.396736287782609e-06,7.772313552888923e-09
988250,4.386395777056676e-06,7.735797744944335e-09
988500,4.376079566029984e-06,7.699453495221335e-09
988750,4.365787658628556e-06,7.663279997706665e-09
989000,4.355519902049946e-06,7.627276450169434e-09
989250,4.345276341693947e-06,7.591442054134435e-09
989500,4.335056857395248e-06,7.55577601491168e-09
989750,4.324861419026688e-06,7.520277541537317e-09
990000,4.314689953329637e-06,7.484945846750028e-09
990250,4.304542375553524e-06,7.449780146963874e-09
990500,4.294418705001489e-06,7.414779662334879e-09
990750,4.284318855313518e-06,7.379943616641007e-09
991000,4.274242720219021e-06,7.3452712373135485e-09
991250,4.264190280683942e-06,7.310761755418421e-09
991500,4.254161497764492e-06,7.27641440563833e-09
991750,4.244156309256576e-06,7.242228426231168e-09
992000,4.2341746404603865e-06,7.20820305906484e-09
992250,4.224216465242186e-06,7.174337549542709e-09
992500,4.2142817001898e-06,7.140631146623334e-09
992750,4.204370272543475e-06,7.107083102801706e-09
993000,4.194482204257795e-06,7.073692674072499e-09
993250,4.18461735789814e-06,7.040459119920248e-09
993500,4.174775704445876e-06,7.007381703340474e-09
993750,4.1649572124618915e-06,6.974459690745723e-09
994000,4.155161814763811e-06,6.941692352046005e-09
994250,4.145389459554763e-06,6.909078960528318e-09
994500,4.1356400812643495e-06,6.876618792925247e-09
994750,4.125913602924524e-06,6.844311129343808e-09
995000,4.1162100429837825e-06,6.812155253328862e-09
995250,4.106529321101077e-06,6.78015045174512e-09
995500,4.096871349172625e-06,6.748296014811784e-09
995750,4.087236061797575e-06,6.716591236081766e-09
996000,4.0776234494163425e-06,6.685035412434487e-09
996250,4.0680334347774735e-06,6.6536278440440804e-09
996500,4.058465994814676e-06,6.622367834377427e-09
996750,4.0489210388600465e-06,6.591254690190385e-09
997000,4.039398537349615e-06,6.5602877214701e-09
997250,4.0298984393960405e-06,6.529466241460431e-09
997500,4.020420694285534e-06,6.498789566626864e-09
997750,4.010965212867595e-06,6.468257016658719e-09
998000,4.001531987432037e-06,6.437867914403869e-09
998250,3.99212093733118e-06,6.407621585935085e-09
998500,3.9827320644946675e-06,6.3775173604696e-09
998750,3.973365226188013e-06,6.347554570382327e-09
999000,3.964020368425186e-06,6.3177325511865516e-09
999250,3.954697583706391e-06,6.288050641508197e-09
999500,3.945396655116492e-06,6.258508183090712e-09
999750,3.936117641046604e-06,6.229104520772945e-09
1000000,3.92686045771431e-06,6.199839002439661e-09
1000250,3.917625037993119e-06,6.170710979084165e-09
1000500,3.90841130455033e-06,6.14171980472386e-09
1000750,3.899219262608072e-06,6.112864836420973e-09
1001000,3.890048845203686e-06,6.084145434261388e-09
1001250,3.880899993139703e-06,6.055560961303825e-09
1001500,3.871772653061291e-06,6.02711078363195e-09
1001750,3.862666782468821e-06,5.99879427030577e-09
1002000,3.853582354042442e-06,5.970610793339311e-09
1002250,3.844519230044503e-06,5.942559727713333e-09
1002500,3.835477455476734e-06,5.914640451339075e-09
1002750,3.826456962189349e-06,5.886852345038742e-09
1003000,3.817457660488786e-06,5.859194792542109e-09
1003250,3.808479543330805e-06,5.831667180492847e-09
1003500,3.7995225223135788e-06,5.804268898396106e-09
1003750,3.7905865793001037e-06,5.776999338641412e-09
1004000,3.7816716389377645e-06,5.749857896459864e-09
1004250,3.7727776651413112e-06,5.722843969940669e-09
1004500,3.7639046209075754e-06,5.69595695999834e-09
1004750,3.7550524426845567e-06,5.6691962703442465e-09
1005000,3.746221120564783e-06,5.6425613074898016e-09
1005250,3.7374104951773925e-06,5.616051480762342e-09
1005500,3.7286206237698667e-06,5.589666202244607e-09
1005750,3.7198514586613164e-06,5.563404886783474e-09
1006000,3.711102877595373e-06,5.5372669519747515e-09
1006250,3.702374880192279e-06,5.511251818158875e-09
1006500,3.6936674139291305e-06,5.485358908387124e-09
1006750,3.6849803967557303e-06,5.459587648443425e-09
1007000,3.6763138524648747e-06,5.433937466767411e-09
1007250,3.667667667735977e-06,5.408407794525748e-09
1007500,3.6590418044533516e-06,5.3829980655407355e-09
1007750,3.65043625336629e-06,5.357707716305678e-09
1008000,3.6418509573836522e-06,5.332536185943287e-09
1008250,3.6332858363627934e-06,5.307482916213652e-09
1008500,3.6247408314712203e-06,5.282547351523228e-09
1008750,3.616215952071402e-06,5.257728938847564e-09
1009000,3.607711112562539e-06,5.233027127795842e-09
1009250,3.599226292046071e-06,5.208441370549754e-09
1009500,3.5907613976703834e-06,5.183971121862877e-09
1009750,3.5823164535602677e-06,5.15961583906335e-09
1010000,3.5738913237551923e-06,5.135374982016046e-09
1010250,3.5654860435007454e-06,5.111248013135546e-09
1010500,3.557100530592472e-06,5.08723439734173e-09
1010750,3.548734704049559e-06,5.063333602088392e-09
1011000,3.540388585228021e-06,5.0395450973044696e-09
1011250,3.532062058449344e-06,5.015868355463042e-09
1011500,3.5237551466587195e-06,4.9923028514464336e-09
1011750,3.515467796149647e-06,4.968848062651597e-09
1012000,3.507199874094248e-06,4.945503468918897e-09
1012250,3.498951450669417e-06,4.9222685525206755e-09
1012500,3.4907223834422934e-06,4.899142798191061e-09
1012750,3.4825126903503805e-06,4.8761256930421096e-09
1013000,3.4743223001009637e-06,4.853216726636507e-09
1013250,3.4661511465775913e-06,4.8304153909192494e-09
1013500,3.4579992858948044e-06,4.807721180206485e-09
1013750,3.4498665605638025e-06,4.785133591222229e-09
1014000,3.441752943778094e-06,4.7626521230302345e-09
1014250,3.4336584114589587e-06,4.740276277037676e-09
1014500,3.4255829478743383e-06,4.718005557033798e-09
1014750,3.4175264443935507e-06,4.695839469114775e-09
1015000,3.4094888875121108e-06,4.673777521686974e-09
1015250,3.4014702486124705e-06,4.651819225496334e-09
1015500,3.3934704621911626e-06,4.6299640935510395e-09
1015750,3.3854895068384316e-06,4.608211641171922e-09
1016000,3.377527293518408e-06,4.586561385954185e-09
1016250,3.3695838100973866e-06,4.565012847754135e-09
1016500,3.3616590374000167e-06,4.543565548698201e-09
1016750,3.353752882773294e-06,4.5222190131193536e-09
1017000,3.34586531467997e-06,4.500972767624926e-09
1017250,3.337996322212093e-06,4.479826341034055e-09
1017500,3.3301458084490946e-06,4.458779264381524e-09
1017750,3.322313732454084e-06,4.437831070891117e-09
1018000,3.3145001484258334e-06,4.41698129601141e-09
1018250,3.306704908663683e-06,4.396229477331677e-09
1018500,3.2989279961826146e-06,4.375575154650969e-09
1018750,3.2911693641922737e-06,4.355017869907977e-09
1019000,3.2834290108433036e-06,4.334557167191146e-09
1019250,3.275706834023424e-06,4.314192592746604e-09
1019500,3.268002830849392e-06,4.293923694945947e-09
1019750,3.260316963681237e-06,4.273750024286021e-09
1020000,3.2526491292024318e-06,4.253671133375804e-09
1020250,3.244999339026168e-06,4.233686576909762e-09
1020500,3.237367568597476e-06,4.213795911692964e-09
1020750,3.229753723530258e-06,4.193998696617229e-09
1021000,3.2221578030904146e-06,4.174294492612369e-09
1021250,3.2145796945180254e-06,4.154682862712407e-09
1021500,3.2070195013097115e-06,4.135163371971888e-09
1021750,3.1994770325691034e-06,4.115735587517858e-09
1022000,3.1919522659407364e-06,4.096399078489932e-09
1022250,3.1844452705515125e-06,4.0771534160633164e-09
1022500,3.1769559069313514e-06,4.0579981734140306e-09
1022750,3.1694841354306528e-06,4.038932925742766e-09
1023000,3.162029991359584e-06,4.019957250230679e-09
1023250,3.1545933066814506e-06,4.001070726060659e-09
1023500,3.147174139416523e-06,3.982272934366602e-09
1023750,3.1397724253226067e-06,3.963563458281577e-09
1024000,3.1323881342646154e-06,3.944941882862551e-09
1024250,3.125021188458203e-06,3.926407795146721e-09
1024500,3.1176715678428407e-06,3.907960784109989e-09
1024750,3.1103392366517526e-06,3.889600440638678e-09
1025000,3.103024129767169e-06,3.871326357553607e-09
1025250,3.095726272622128e-06,3.853138129595236e-09
1025500,3.0884455423764504e-06,3.8350353533903335e-09
1025750,3.0811819347930347e-06,3.817017627467138e-09
1026000,3.073935457378883e-06,3.799084552260145e-09
1026250,3.066705962015982e-06,3.78123573004196e-09
1026500,3.0594935113795317e-06,3.76347076498572e-09
1026750,3.052298013656721e-06,3.7457892631241675e-09
1027000,3.045119439696659e-06,3.728190832311825e-09
1027250,3.0379577314087498e-06,3.710675082272452e-09
1027500,3.030812907332737e-06,3.6932416245633045e-09
1027750,3.0236848404525443e-06,3.6758900725465044e-09
1028000,3.016573571521518e-06,3.658620041419603e-09
1028250,3.0094789903048683e-06,3.6414311481947075e-09
1028500,3.002401110830045e-06,3.6243230116540268e-09
1028750,2.995339868078819e-06,3.607295252387413e-09
1029000,2.988295248333177e-06,3.5903474927882032e-09
1029250,2.981267229349041e-06,3.5734793569818103e-09
1029500,2.974255677265554e-06,3.5566904708900557e-09
1029750,2.9672605906089103e-06,3.539980462190391e-09
1030000,2.9602820620848733e-06,3.523348960274556e-09
1030250,2.9533198773229823e-06,3.50679559632752e-09
1030500,2.9463740861335154e-06,3.490320003219879e-09
1030750,2.939444645900579e-06,3.47392181559439e-09
1031000,2.932531464131636e-06,3.457600669776082e-09
1031250,2.925634573772466e-06,3.4413562038028258e-09
1031500,2.9187538583198176e-06,3.425188057423944e-09
1031750,2.9118893545073572e-06,3.4090958720664785e-09
1032000,2.905041000166187e-06,3.393079290859443e-09
1032250,2.898208762666821e-06,3.377137958595589e-09
1032500,2.8913925685021026e-06,3.361271521748451e-09
1032750,2.8845924416040563e-06,3.3454796284401716e-09
1033000,2.877808276904082e-06,3.3297619284494437e-09
1033250,2.8710400839896394e-06,3.3141180731999002e-09
1033500,2.8642877552861608e-06,3.2985477157654264e-09
1033750,2.8575513529299597e-06,3.2830505108349013e-09
1034000,2.850830799532847e-06,3.2676261147123347e-09
1034250,2.8441260559100596e-06,3.2522741853427087e-09
1034500,2.8374370548029615e-06,3.2369943822542062e-09
1034750,2.830763800411354e-06,3.221786366594721e-09
1035000,2.8241062384321572e-06,3.2066498010804884e-09
1035250,2.817464342777162e-06,3.1915843500346977e-09
1035500,2.810838057021338e-06,3.176589679340934e-09
1035750,2.8042273555921713e-06,3.1616654564692788e-09
1036000,2.797632205052816e-06,3.146811350433148e-09
1036250,2.791052536582353e-06,3.1320270318096638e-09
1036500,2.7844883755444504e-06,3.1173121727305962e-09
1036750,2.7779396568933203e-06,3.102666446854791e-09
1037000,2.7714063513308355e-06,3.0880895293913907e-09
1037250,2.7648883689995685e-06,3.073581097059092e-09
1037500,2.758385738282706e-06,3.059140828100928e-09
1037750,2.7518983824404475e-06,3.044768402272051e-09
1038000,2.7454263396982706e-06,3.030463500831642e-09
1038250,2.738969464724145e-06,3.0162258065484377e-09
1038500,2.732527786368394e-06,3.0020550036545525e-09
1038750,2.7261012903652354e-06,2.987950777883981e-09
1039000,2.7196898664747385e-06,2.973912816455213e-09
1039250,2.7132935325692017e-06,2.9599408080438846e-09
1039500,2.706912233758244e-06,2.946034442782421e-09
1039750,2.700545959726877e-06,2.9321934122665287e-09
1040000,2.6941946348396064e-06,2.9184174095523685e-09
1040250,2.6878582874564734e-06,2.904706129122133e-09
1040500,2.6815368036218224e-06,2.8910592668983717e-09
1040750,2.6752302032098077e-06,2.8774765202240535e-09
1041000,2.6689384454404686e-06,2.8639575878778966e-09
1041250,2.662661453925803e-06,2.850502170051368e-09
1041500,2.656399275723046e-06,2.837109968340187e-09
1041750,2.6501517743374857e-06,2.8237806857386433e-09
1042000,2.6439189920155406e-06,2.810514026639773e-09
1042250,2.637700861803716e-06,2.7973096968292708e-09
1042500,2.631497350010616e-06,2.7841674034689324e-09
1042750,2.6253084310801745e-06,2.7710868551039257e-09
1043000,2.619134085450171e-06,2.7580677616467335e-09
1043250,2.6129742442389865e-06,2.7451098343678413e-09
1043500,2.6068288786602195e-06,2.7322127858921696e-09
1043750,2.6006979690456374e-06,2.7193763302048126e-09
1044000,2.5945814594801126e-06,2.706600182626707e-09
1044250,2.5884793999535526e-06,2.693884059821923e-09
1044500,2.582391654278211e-06,2.6812276797851997e-09
1044750,2.5763182386381534e-06,2.6686307618321788e-09
1045000,2.5702590822339558e-06,2.6560930265946944e-09
1045250,2.5642142207059887e-06,2.643614196026545e-09
1045500,2.558183534817902e-06,2.6311939933736227e-09
1045750,2.552167042651613e-06,2.618832143194887e-09
1046000,2.546164700134662e-06,2.606528371339353e-09
1046250,2.5401764540790982e-06,2.5942824049469874e-09
1046500,2.534202342407996e-06,2.5820939724307974e-09
1046750,2.528242238880425e-06,2.569962803487925e-09
1047000,2.5222961519829666e-06,2.557888629091919e-09
1047250,2.516364081756449e-06,2.545871181461457e-09
1047500,2.510445960066605e-06,2.5339101940943217e-09
1047750,2.504541715470977e-06,2.522005401721692e-09
1048000,2.4986513979391864e-06,2.5101565403187915e-09
1048250,2.492774932514731e-06,2.498363347118468e-09
1048500,2.486912239752681e-06,2.4866255605912553e-09
1048750,2.481063358673522e-06,2.474942920419957e-09
1049000,2.4752282668726306e-06,2.4633151675157528e-09
1049250,2.4694068768069357e-06,2.451742044004302e-09
1049500,2.4635991844840107e-06,2.440223293229741e-09
1049750,2.457805121498134e-06,2.428758659736292e-09
1050000,2.4520247209886872e-06,2.4173478892702936e-09
1050250,2.446257887547296e-06,2.4059907287771913e-09
1050500,2.4405046216934734e-06,2.3946869263808564e-09
1050750,2.434764913676259e-06,2.3834362314010605e-09
1051000,2.4290386941256755e-06,2.372238394329129e-09
1051250,2.4233259133352777e-06,2.3610931668226045e-09
1051500,2.417626586030523e-06,2.3500003017208906e-09
1051750,2.411940679706177e-06,2.3389595530044215e-09
1052000,2.4062680954221063e-06,2.327970675828848e-09
1052250,2.4006089034646926e-06,2.317033426494087e-09
1052500,2.39496300280763e-06,2.3061475624255746e-09
1052750,2.389330390273521e-06,2.2953128422212507e-09
1053000,2.3837110293071966e-06,2.2845290255942506e-09
1053250,2.378104882870158e-06,2.2737958733866194e-09
1053500,2.3725118772297796e-06,2.263113147577397e-09
1053750,2.3669320725753726e-06,2.252480611244658e-09
1054000,2.3613653858422888e-06,2.2418980285859136e-09
1054250,2.3558118133187007e-06,2.2313651649222427e-09
1054500,2.3502712646259113e-06,2.2208817866556304e-09
1054750,2.344743724856175e-06,2.210447661294158e-09
1055000,2.3392291929679126e-06,2.2000625574321458e-09
1055250,2.3337276780912212e-06,2.189726244772424e-09
1055500,2.3282390769881934e-06,2.1794384940672067e-09
1055750,2.3227633807134963e-06,2.1691990771735184e-09
1056000,2.3173005737018054e-06,2.159007767012667e-09
1056250,2.3118506022450183e-06,2.1488643375665346e-09
1056500,2.3064134437290084e-06,2.1387685638849723e-09
1056750,2.3009890805702987e-06,2.1287202220635483e-09
1057000,2.2955774835959553e-06,2.1187190892618168e-09
1057250,2.2901786240899414e-06,2.1087649436867772e-09
1057500,2.284792410686278e-06,2.098857564582694e-09
1057750,2.2794189036311583e-06,2.088996732244022e-09
1058000,2.274058045777784e-06,2.0791822279566464e-09
1058250,2.268709746587295e-06,2.0694138340803224e-09
1058500,2.2633740769298293e-06,2.0596913339732685e-09
1058750,2.2580509128516665e-06,2.05001451202693e-09
1059000,2.252740305321777e-06,2.040383153634708e-09
1059250,2.2474421902351162e-06,2.0307970451934313e-09
1059500,2.24215650503134e-06,2.0212559741068506e-09
1059750,2.2368832682616154e-06,2.011759728796702e-09
1060000,2.2316224133974535e-06,2.002308098651585e-09
1060250,2.226373953680643e-06,1.9929008740627455e-09
1060500,2.221137832646464e-06,1.983537846403046e-09
1060750,2.2159140385796574e-06,1.974218808035685e-09
1061000,2.2107025087368594e-06,1.964943552273819e-09
1061250,2.2055032534049683e-06,1.9557118734271684e-09
1061500,2.200316227962545e-06,1.9465235667744113e-09
1061750,2.1951413824369563e-06,1.937378428531331e-09
1062000,2.189978709964356e-06,1.928276255890838e-09
1062250,2.1848281904043704e-06,1.9192168469858053e-09
1062500,2.179689765201932e-06,1.91020000090735e-09
1062750,2.1745634352309447e-06,1.9012255176848463e-09
1063000,2.1694491737974793e-06,1.8922931982942134e-09
1063250,2.1643469565877526e-06,1.8834028446392625e-09
1063500,2.1592566827554844e-06,1.874554259562311e-09
1063750,2.154178411581899e-06,1.8657472468133417e-09
1064000,2.149112101593065e-06,1.856981611091658e-09
1064250,2.1440576980160843e-06,1.848257157993614e-09
1064500,2.139015156596835e-06,1.8395736940343133e-09
1064750,2.1339844944311983e-06,1.830931026642053e-09
1065000,2.128965655512244e-06,1.8223289641472358e-09
1065250,2.1239586274727984e-06,1.813767315777052e-09
1065500,2.1189633736882943e-06,1.8052458916558324e-09
1065750,2.1139798694898435e-06,1.7967645028059593e-09
1066000,2.1090080691276203e-06,1.7883229611389692e-09
1066250,2.1040480019845094e-06,1.779921079446209e-09
1066500,2.0990995491480553e-06,1.7715586713913777e-09
1066750,2.0941627397751735e-06,1.7632355515172666e-09
1067000,2.0892376016921654e-06,1.7549515352434597e-09
1067250,2.0843240176610426e-06,1.746706438853348e-09
1067500,2.079421935300994e-06,1.7385000794961435e-09
1067750,2.0745314386985334e-06,1.7303322751711615e-09
1068000,2.0696524215586487e-06,1.722202844756103e-09
1068250,2.0647848957496335e-06,1.7141116079516168e-09
1068500,2.0599287969429914e-06,1.706058385314493e-09
1068750,2.0550841546404225e-06,1.698042998252207e-09
1069000,2.0502508618287117e-06,1.6900652689987278e-09
1069250,2.0454289491119335e-06,1.6821250206408793e-09
1069500,2.0406183964278726e-06,1.6742220770762685e-09
1069750,2.0358191623217716e-06,1.6663562630443054e-09
1070000,2.031031170017191e-06,1.6585274040973518e-09
1070250,2.026254488728652e-06,1.6507353266249738e-09
1070500,2.0214890294466595e-06,1.6429798578153555e-09
1070750,2.016734778194391e-06,1.63526082566763e-09
1071000,2.011991667945498e-06,1.6275780590061538e-09
1071250,2.007259773544261e-06,1.6199313874448213e-09
1071500,2.0025389850084608e-06,1.6123206414000065e-09
1071750,1.997829271056869e-06,1.6047456520816481e-09
1072000,1.993130645458899e-06,1.5972062515144601e-09
1072250,1.988443082223271e-06,1.5897022724889176e-09
1072500,1.983766563687936e-06,1.5822335485763261e-09
1072750,1.979101000047714e-06,1.5747999141540363e-09
1073000,1.9744464451924534e-06,1.5674012043612562e-09
1073250,1.9698028208898367e-06,1.5600372551208461e-09
1073500,1.9651701255203923e-06,1.5527079031112147e-09
1073750,1.9605482848669085e-06,1.5454129857917085e-09
1074000,1.9559373779585463e-06,1.5381523413795687e-09
1074250,1.9513372838821028e-06,1.530925808855574e-09
1074500,1.9467479860274554e-06,1.5237332279574017e-09
1074750,1.942169499459133e-06,1.5165744391730262e-09
1075000,1.937601811186619e-06,1.5094492837446883e-09
1075250,1.933044851355075e-06,1.5023576036488705e-09
1075500,1.928498593974722e-06,1.4952992416165803e-09
1075750,1.9239630326819753e-06,1.4882740411089676e-09
1076000,1.9194381585215562e-06,1.481281846327285e-09
1076250,1.9149239171516578e-06,1.4743225022196055e-09
1076500,1.910420249115702e-06,1.467395854425046e-09
1076750,1.905927223878309e-06,1.4605017493404083e-09
1077000,1.9014447132041144e-06,1.4536400340760424e-09
1077250,1.89697277955128e-06,1.4468105564570315e-09
1077500,1.8925113753295136e-06,1.4400131650229065e-09
1077750,1.8880604659203911e-06,1.4332477090232103e-09
1078000,1.8836200358719698e-06,1.4265140384263713e-09
1078250,1.8791899950044996e-06,1.4198120038891715e-09
1078500,1.8747704007511395e-06,1.4131414567854174e-09
1078750,1.870361218924656e-06,1.4065022491847289e-09
1079000,1.8659623720502114e-06,1.3998942338464906e-09
1079250,1.8615738943445343e-06,1.3933172642176549e-09
1079500,1.8571957350084156e-06,1.3867711944490218e-09
1079750,1.8528278738967676e-06,1.3802558793587884e-09
1080000,1.8484702887944442e-06,1.3737711744588666e-09
1080250,1.8441229379849838e-06,1.3673169359344317e-09
1080500,1.839785800608633e-06,1.360893020655022e-09
1080750,1.8354588742399978e-06,1.354499286152676e-09
1081000,1.8311421550516068e-06,1.3481355906283296e-09
1081250,1.8268355499877418e-06,1.3418017929579033e-09
1081500,1.822539087369415e-06,1.3354977526766292e-09
1081750,1.8182527255738135e-06,1.3292233299760494e-09
1082000,1.8139764624952727e-06,1.3229783857033164e-09
1082250,1.809710233355359e-06,1.316762781369099e-09
1082500,1.8054540246949984e-06,1.310576379123721e-09
1082750,1.801207852793716e-06,1.3044190417749087e-09
1083000,1.796971690455913e-06,1.2982906327684368e-09
1083250,1.7927454530848359e-06,1.2921910161926668e-09
1083500,1.7885291624978176e-06,1.2861200567791464e-09
1083750,1.784322799486793e-06,1.2800776198823525e-09
1084000,1.780126306914889e-06,1.274063571508284e-09
1084250,1.7759397152924288e-06,1.2680777782788663e-09
1084500,1.7717629563756413e-06,1.2621201074454072e-09
1084750,1.7675960196224156e-06,1.2561904268827809e-09
1085000,1.7634388595582713e-06,1.2502886050902662e-09
1085250,1.759291508985553e-06,1.2444145111760294e-09
1085500,1.7551538569042564e-06,1.2385680148701115e-09
1085750,1.7510260115761722e-06,1.2327489865243998e-09
1086000,1.7469078345022478e-06,1.2269572970762824e-09
1086250,1.742799363287956e-06,1.2211928180857684e-09
1086500,1.7387005442758488e-06,1.2154554217125781e-09
1086750,1.7346113439708292e-06,1.2097449807191627e-09
1087000,1.7305318067968555e-06,1.2040613684668313e-09
1087250,1.7264618469059077e-06,1.1984044589132593e-09
1087500,1.722401427210593e-06,1.192774126592373e-09
1087750,1.7183505546201886e-06,1.1871702466446926e-09
1088000,1.7143092243603859e-06,1.1815926947901862e-09
1088250,1.710277437208694e-06,1.1760413473403596e-09
1088500,1.7062551122018233e-06,1.1705160811672994e-09
1088750,1.7022422339626502e-06,1.1650167737491412e-09
1089000,1.6982387849152754e-06,1.1595433031248997e-09
1089250,1.6942447950313358e-06,1.154095547910267e-09
1089500,1.6902601383435061e-06,1.1486733872853652e-09
1089750,1.6862848881309662e-06,1.143276701005133e-09
1090000,1.6823189623702406e-06,1.1379053693807485e-09
1090250,1.678362389925442e-06,1.1325592732990342e-09
1090500,1.6744151230208037e-06,1.1272382941910474e-09
1090750,1.6704771326159319e-06,1.1219423140485854e-09
1091000,1.6665483888372449e-06,1.11667121543359e-09
1091250,1.662628943621922e-06,1.1114248814429302e-09
1091500,1.6587186310112975e-06,1.106203195728511e-09
1091750,1.6548175425969339e-06,1.101006042484589e-09
1092000,1.6509256713377821e-06,1.0958333064581377e-09
1092250,1.6470429240508653e-06,1.0906848729319822e-09
1092500,1.643169262262987e-06,1.0855606277255342e-09
1092750,1.6393047886448563e-06,1.0804604572054026e-09
1093000,1.6354493887821314e-06,1.0753842482489035e-09
1093250,1.6316030284728171e-06,1.0703318882862262e-09
1093500,1.6277657162230204e-06,1.0653032652750266e-09
1093750,1.6239374342890679e-06,1.0602982676912914e-09
1094000,1.6201181733363332e-06,1.0553167845345073e-09
1094250,1.616307876661663e-06,1.0503587053331387e-09
1094500,1.6125065645109926e-06,1.045423920132681e-09
1094750,1.6087141417965454e-06,1.0405123194923605e-09
1095000,1.6049306893337805e-06,1.0356237944880702e-09
1095250,1.601156124959109e-06,1.0307582367081922e-09
1095500,1.59739040855934e-06,1.025915538243177e-09
1095750,1.5936335958002925e-06,1.021095591695084e-09
1096000,1.5898855745391443e-06,1.0162982901715834e-09
1096250,1.5861463917445284e-06,1.0115235272844031e-09
1096500,1.5824160134759847e-06,1.0067711971427986e-09
1096750,1.5786943722152215e-06,1.0020411943516288e-09
1097000,1.574981498532229e-06,9.973334140145464e-10
1097250,1.5712773669491309e-06,9.926477517276608e-10
1097500,1.5675819228635978e-06,9.879841035756168e-10
1097750,1.5638952266084915e-06,9.833423661284676e-10
1098000,1.5602171138476028e-06,9.78722436446972e-10
1098250,1.556547718140134e-06,9.741242120745705e-10
1098500,1.5528869602976318e-06,9.695475910344368e-10
1098750,1.5492347637210327e-06,9.649924718281544e-10
1099000,1.5455911691676413e-06,9.604587534450708e-10
1099250,1.5419561521548639e-06,9.559463353324825e-10
1099500,1.5383297102555527e-06,9.514551174165666e-10
1099750,1.534711779741907e-06,9.469850000932263e-10
1100000,1.5311023333340767e-06,9.425358842351372e-10
1100250,1.5275013827392918e-06,9.381076711692572e-10
1100500,1.5239089031132065e-06,9.337002626895675e-10
1100750,1.5203248926595369e-06,9.293135610560822e-10
1101000,1.5167492992533882e-06,9.249474689796062e-10
1101250,1.5131821108190996e-06,9.206018896355183e-10
1101500,1.5096233142677327e-06,9.162767266511799e-10
1101750,1.506072910167702e-06,9.119718840991328e-10
1102000,1.5025308331398686e-06,9.076872665237547e-10
1102250,1.4989970901559826e-06,9.03422778894519e-10
1102500,1.4954716835236555e-06,8.991783266401504e-10
1102750,1.491954515144638e-06,8.949538156333477e-10
1103000,1.4884456350153182e-06,8.907491521819397e-10
1103250,1.4849450573581965e-06,8.865642430384023e-10
1103500,1.4814526530545807e-06,8.823989953945097e-10
1103750,1.4779684951580375e-06,8.782533168749659e-10
1104000,1.474492496288529e-06,8.741271155428938e-10
1104250,1.4710246990117876e-06,8.70020299891537e-10
1104500,1.467565057008586e-06,8.659327788389937e-10
1104750,1.4641135438788623e-06,8.618644617421061e-10
1105000,1.4606701708749194e-06,8.578152583730465e-10
1105250,1.4572348601683226e-06,8.537850789285949e-10
1105500,1.4538076396362702e-06,8.497738340331913e-10
1105750,1.4503884944246044e-06,8.457814347317602e-10
1106000,1.4469773642254121e-06,8.418077924831535e-10
1106250,1.4435742938549327e-06,8.378528191634739e-10
1106500,1.4401792284399047e-06,8.339164270617926e-10
1106750,1.4367921223200624e-06,8.29998528880045e-10
1107000,1.4334129773541005e-06,8.260990377281924e-10
1107250,1.4300417927602013e-06,8.22217867122822e-10
1107500,1.4266785036113334e-06,8.183549310023483e-10
1107750,1.4233231958192991e-06,8.145101436906334e-10
1108000,1.419975739989001e-06,8.106834199201481e-10
1108250,1.4166361288968936e-06,8.068746748270661e-10
1108500,1.413304386722759e-06,8.030838239394594e-10
1108750,1.4099805313994657e-06,7.993107831914539e-10
1109000,1.4066644483750003e-06,7.955554689091626e-10
1109250,1.4033561664477175e-06,7.918177978103685e-10
1109500,1.4000556341375448e-06,7.880976869969127e-10
1109750,1.3967629529494587e-06,7.843950539710957e-10
1110000,1.3934779231138115e-06,7.807098166240973e-10
1110250,1.3902006836193455e-06,7.770418932179144e-10
1110500,1.3869311118856146e-06,7.733912024161558e-10
1110750,1.3836692262227112e-06,7.697576632569653e-10
1111000,1.3804150400312999e-06,7.66141195157297e-10
1111250,1.3771684880081103e-06,7.62541717912451e-10
1111500,1.3739295693637292e-06,7.589591516940402e-10
1111750,1.3706983024075038e-06,7.553934170554048e-10
1112000,1.3674745974548473e-06,7.518444349141912e-10
1112250,1.3642584875094616e-06,7.483121265688225e-10
1112500,1.3610499639225384e-06,7.447964136810206e-10
1112750,1.3578489353682464e-06,7.412972182783111e-10
1113000,1.3546554901448664e-06,7.378144627639149e-10
1113250,1.351469503922246e-06,7.343480698957705e-10
1113500,1.3482910346341742e-06,7.308979628037361e-10
1113750,1.3451200613814436e-06,7.274640649729393e-10
1114000,1.3419565147243341e-06,7.240463002472422e-10
1114250,1.3388003986190654e-06,7.206445928300168e-10
1114500,1.3356517661569545e-06,7.172588672821765e-10
1114750,1.3325104862749497e-06,7.138890485150257e-10
1115000,1.3293765973434018e-06,7.105350617987348e-10
1115250,1.3262500956920145e-06,7.071968327496001e-10
1115500,1.3231309428730315e-06,7.038742873358378e-10
1115750,1.3200191254163568e-06,7.005673518786952e-10
1116000,1.3169146358983588e-06,6.972759530325594e-10
1116250,1.3138174251789129e-06,6.940000178005326e-10
1116500,1.310727522088059e-06,6.907394735378303e-10
1116750,1.3076448559058803e-06,6.87494247930283e-10
1117000,1.3045694419700376e-06,6.842642690103353e-10
1117250,1.30150128766524e-06,6.810494651506667e-10
1117500,1.2984403620431614e-06,6.778497650490345e-10
1117750,1.2953866084727401e-06,6.746650977446024e-10
1118000,1.292340027529531e-06,6.71495392616953e-10
1118250,1.2893005995967972e-06,6.683405793626951e-10
1118500,1.2862683353231e-06,6.652005880224105e-10
1118750,1.2832432196890516e-06,6.620753489597447e-10
1119000,1.2802252206299569e-06,6.589647928673905e-10
1119250,1.2772143466872865e-06,6.558688507569689e-10
1119500,1.2742104857613586e-06,6.527874539752327e-10
1119750,1.2712136992446134e-06,6.497205341772833e-10
1120000,1.2682240218121898e-06,6.466680233549255e-10
1120250,1.2652413218008813e-06,6.436298538105191e-10
1120500,1.2622656433076144e-06,6.406059581631937e-10
1120750,1.2592969711671807e-06,6.375962693541141e-10
1121000,1.256335282816908e-06,6.346007206344259e-10
1121250,1.2533805597957921e-06,6.31619245573439e-10
1121500,1.2504327764731838e-06,6.286517780509608e-10
1121750,1.2474919435729217e-06,6.256982522540395e-10
1122000,1.2445580230205564e-06,6.22758602687101e-10
1122250,1.2416309834438668e-06,6.198327641484867e-10
1122500,1.2387108276149627e-06,6.169206717559075e-10
1122750,1.235797572969069e-06,6.140222609295083e-10
1123000,1.232891143133131e-06,6.111374673923633e-10
1123250,1.229991562199522e-06,6.082662271595386e-10
1123500,1.227098773174665e-06,6.05408476559534e-10
1123750,1.2242128413372362e-06,6.025641522166505e-10
1124000,1.2213336355525463e-06,5.997331910531435e-10
1124250,1.21846124455629e-06,5.969155302828496e-10
1124500,1.2155955784236235e-06,5.941111074165576e-10
1124750,1.2127366588095429e-06,5.913198602669745e-10
1125000,1.2098844770775172e-06,5.885417269279858e-10
1125250,1.2070389961382816e-06,5.857766457893807e-10
1125500,1.2042002044996666e-06,5.830245555291359e-10
1125750,1.2013680938847342e-06,5.802853951085941e-10
1126000,1.1985426588260411e-06,5.775591037842782e-10
1126250,1.1957238621599389e-06,5.748456210995087e-10
1126500,1.192911668646255e-06,5.72144886869645e-10
1126750,1.1901061192608674e-06,5.694568412046293e-10
1127000,1.1873071539004763e-06,5.667814244883074e-10
1127250,1.1845147527366542e-06,5.641185773924437e-10
1127500,1.181728943400693e-06,5.614682408558373e-10
1127750,1.1789496831395067e-06,5.588303561076446e-10
1128000,1.1761769749913514e-06,5.562048646395119e-10
1128250,1.1734107611854678e-06,5.535917082324468e-10
1128500,1.1706510525383936e-06,5.509908289333094e-10
1128750,1.1678978739069795e-06,5.484021690602788e-10
1129000,1.1651511299689538e-06,5.458256712012666e-10
1129250,1.1624108482291722e-06,5.432612782196293e-10
1129500,1.1596770296583545e-06,5.407089332444341e-10
1129750,1.1569496124320032e-06,5.381685796745066e-10
1130000,1.1542286224809004e-06,5.356401611654238e-10
1130250,1.1515140292478934e-06,5.331236216507961e-10
1130500,1.1488058419781221e-06,5.306189053120791e-10
1130750,1.146104010907638e-06,5.281259566102778e-10
1131000,1.1434085315462946e-06,5.256447202588517e-10
1131250,1.140719387118814e-06,5.231751412279063e-10
1131500,1.13803660328705e-06,5.207171647491202e-10
1131750,1.135360092349674e-06,5.182707363111105e-10
1132000,1.1326898756092075e-06,5.158358016567358e-10
1132250,1.1300259347803967e-06,5.134123067913838e-10
1132500,1.1273682890412806e-06,5.110001979664514e-10
1132750,1.1247168509094099e-06,5.085994216872169e-10
1133000,1.1220716959303517e-06,5.062099247105865e-10
1133250,1.1194327255007608e-06,5.038316540469245e-10
1133500,1.1167999870136386e-06,5.014645569558913e-10
1133750,1.1141734565663122e-06,4.991085809331171e-10
1134000,1.1115530395711061e-06,4.967636737343359e-10
1134250,1.1089388519323058e-06,4.944297833608721e-10
1134500,1.1063307671107496e-06,4.921068580451515e-10
1134750,1.1037288154843512e-06,4.897948462729526e-10
1135000,1.1011330134811432e-06,4.874936967745831e-10
1135250,1.0985432862937373e-06,4.852033585125665e-10
1135500,1.0959596785061924e-06,4.829237806972037e-10
1135750,1.093382121224431e-06,4.806549127702444e-10
1136000,1.0908106511660506e-06,4.783967044166621e-10
1136250,1.0882452179920956e-06,4.761491055580933e-10
1136500,1.0856858326812812e-06,4.739120663450025e-10
1136750,1.0831324371500691e-06,4.716855371676836e-10
1137000,1.0805850712289416e-06,4.694694686451438e-10
1137250,1.0780436566629266e-06,4.672638116407908e-10
1137500,1.075508271376947e-06,4.6506851722900735e-10
1137750,1.0729788150681854e-06,4.6288353672898366e-10
1138000,1.0704553437999835e-06,4.6070882168368283e-10
1138250,1.067937753927612e-06,4.585443238617585e-10
1138500,1.0654261153764e-06,4.5638999526449006e-10
1138750,1.062920389801861e-06,4.542457881112816e-10
1139000,1.0604205512152922e-06,4.5211165485243577e-10
1139250,1.0579265820196274e-06,4.4998754815924196e-10
1139500,1.0554384844254294e-06,4.478734209234931e-10
1139750,1.0529562450067544e-06,4.457692262594751e-10
1140000,1.0504798694375093e-06,4.4367491750284443e-10
1140250,1.04800925339655e-06,4.415904482041562e-10
1140500,1.045544478947527e-06,4.3951577214046366e-10
1140750,1.0430855047603084e-06,4.3745084330143e-10
1141000,1.0406323112969283e-06,4.353956158908425e-10
1141250,1.0381848918679127e-06,4.333500443307694e-10
1141500,1.0357432185306693e-06,4.3131408325624085e-10
1141750,1.0333072998266908e-06,4.2928768751322404e-10
1142000,1.030877102373986e-06,4.27270812164909e-10
1142250,1.0284526524759495e-06,4.2526341247604386e-10
1142500,1.0260338625800043e-06,4.2326544393698865e-10
1142750,1.023620756852401e-06,4.212768622320783e-10
1143000,1.0212133408556712e-06,4.192976232662876e-10
1143250,1.0188115552270383e-06,4.1732768313921867e-10
1143500,1.0164154976929487e-06,4.153669981666131e-10
1143750,1.014025026458185e-06,4.1341552486881523e-10
1144000,1.011640187809163e-06,4.1147321996168153e-10
1144250,1.0092609332179141e-06,4.095400403687924e-10
1144500,1.0068873235577514e-06,4.07615943221819e-10
1144750,1.0045192423676248e-06,4.0570088584802476e-10
1145000,1.0021567417925637e-06,4.0379482578224314e-10
1145230,9.999881500581727e-07,4.0204916059827606e-10
